solid OpenSCAD_Model
  facet normal 0.831469612302546 0.555570233019601 0
    outer loop
      vertex 8.363603896932107 13.863603896932107 0.40000000000000013
      vertex 8.363603896932107 13.863603896932107 0
      vertex 8.168508420739842 14.155584910871418 0
    endloop
  endfacet
  facet normal 0.555570233019601 0.831469612302546 0
    outer loop
      vertex 8.655584910871418 13.668508420739842 0.40000000000000013
      vertex 8.655584910871418 13.668508420739842 0
      vertex 8.363603896932107 13.863603896932107 0
    endloop
  endfacet
  facet normal 0.9807852804032302 0.19509032201612952 0
    outer loop
      vertex 8.168508420739842 14.155584910871418 0.40000000000000013
      vertex 8.168508420739842 14.155584910871418 0
      vertex 8.1 14.5 0
    endloop
  endfacet
  facet normal 0.9807852804032302 -0.19509032201612952 0
    outer loop
      vertex 8.1 14.5 0.40000000000000013
      vertex 8.1 14.5 0
      vertex 8.168508420739842 14.844415089128582 0
    endloop
  endfacet
  facet normal 0.19509032201612952 0.9807852804032302 0
    outer loop
      vertex 9 13.6 0.40000000000000013
      vertex 9 13.6 0
      vertex 8.655584910871418 13.668508420739842 0
    endloop
  endfacet
  facet normal -0.19509032201612952 0.9807852804032302 0
    outer loop
      vertex 9.344415089128582 13.668508420739842 0.40000000000000013
      vertex 9.344415089128582 13.668508420739842 0
      vertex 9 13.6 0
    endloop
  endfacet
  facet normal 0.555570233019601 0.831469612302546 1.3367261624517197e-17
    outer loop
      vertex 8.655584910871418 13.668508420739842 0.40000000000000013
      vertex 8.363603896932107 13.863603896932107 0
      vertex 8.363603896932107 13.863603896932107 0.40000000000000013
    endloop
  endfacet
  facet normal 0.831469612302546 0.555570233019601 0
    outer loop
      vertex 8.168508420739842 14.155584910871418 0.40000000000000013
      vertex 8.363603896932107 13.863603896932107 0.40000000000000013
      vertex 8.168508420739842 14.155584910871418 0
    endloop
  endfacet
  facet normal 0.9807852804032302 0.19509032201612952 -3.570806246147146e-18
    outer loop
      vertex 8.168508420739842 14.155584910871418 0.40000000000000013
      vertex 8.1 14.5 0
      vertex 8.1 14.5 0.40000000000000013
    endloop
  endfacet
  facet normal 0.19509032201612952 0.9807852804032302 0
    outer loop
      vertex 8.655584910871418 13.668508420739842 0.40000000000000013
      vertex 9 13.6 0.40000000000000013
      vertex 8.655584910871418 13.668508420739842 0
    endloop
  endfacet
  facet normal -0.19509032201612952 0.9807852804032302 0
    outer loop
      vertex 9 13.6 0.40000000000000013
      vertex 9.344415089128582 13.668508420739842 0.40000000000000013
      vertex 9 13.6 0
    endloop
  endfacet
  facet normal 0.831469612302546 -0.555570233019601 0
    outer loop
      vertex 8.168508420739842 14.844415089128582 0.40000000000000013
      vertex 8.168508420739842 14.844415089128582 0
      vertex 8.363603896932107 15.136396103067893 0
    endloop
  endfacet
  facet normal 0.555570233019601 -0.831469612302546 0
    outer loop
      vertex 8.363603896932107 15.136396103067893 0.40000000000000013
      vertex 8.363603896932107 15.136396103067893 0
      vertex 8.655584910871418 15.331491579260158 0
    endloop
  endfacet
  facet normal 0.19509032201612952 -0.9807852804032302 0
    outer loop
      vertex 8.655584910871418 15.331491579260158 0.40000000000000013
      vertex 8.655584910871418 15.331491579260158 0
      vertex 9 15.4 0
    endloop
  endfacet
  facet normal -0.19509032201612952 -0.9807852804032302 0
    outer loop
      vertex 9 15.4 0.40000000000000013
      vertex 9 15.4 0
      vertex 9.344415089128582 15.331491579260158 0
    endloop
  endfacet
  facet normal 0.9807852804032302 -0.19509032201612952 3.570806246147146e-18
    outer loop
      vertex 8.1 14.5 0.40000000000000013
      vertex 8.168508420739842 14.844415089128582 0
      vertex 8.168508420739842 14.844415089128582 0.40000000000000013
    endloop
  endfacet
  facet normal 0.831469612302546 -0.555570233019601 -1.3367261624517197e-17
    outer loop
      vertex 8.168508420739842 14.844415089128582 0.40000000000000013
      vertex 8.363603896932107 15.136396103067893 0
      vertex 8.363603896932107 15.136396103067893 0.40000000000000013
    endloop
  endfacet
  facet normal 0.555570233019601 -0.831469612302546 -1.3367261624517197e-17
    outer loop
      vertex 8.363603896932107 15.136396103067893 0.40000000000000013
      vertex 8.655584910871418 15.331491579260158 0
      vertex 8.655584910871418 15.331491579260158 0.40000000000000013
    endloop
  endfacet
  facet normal 0.19509032201612952 -0.9807852804032302 3.570806246147146e-18
    outer loop
      vertex 8.655584910871418 15.331491579260158 0.40000000000000013
      vertex 9 15.4 0
      vertex 9 15.4 0.40000000000000013
    endloop
  endfacet
  facet normal -0.19509032201612952 -0.9807852804032302 -3.570806246147146e-18
    outer loop
      vertex 9 15.4 0.40000000000000013
      vertex 9.344415089128582 15.331491579260158 0
      vertex 9.344415089128582 15.331491579260158 0.40000000000000013
    endloop
  endfacet
  facet normal -0.555570233019601 0.831469612302546 0
    outer loop
      vertex 9.636396103067893 13.863603896932107 0.40000000000000013
      vertex 9.636396103067893 13.863603896932107 0
      vertex 9.344415089128582 13.668508420739842 0
    endloop
  endfacet
  facet normal -0.8314696123025465 0.5555702330196004 0
    outer loop
      vertex 9.70255244661209 13.96261386191723 0.40000000000000013
      vertex 9.70255244661209 13.96261386191723 0
      vertex 9.636396103067893 13.863603896932107 0
    endloop
  endfacet
  facet normal -0.555570233019601 0.831469612302546 0
    outer loop
      vertex 9.344415089128582 13.668508420739842 0.40000000000000013
      vertex 9.636396103067893 13.863603896932107 0.40000000000000013
      vertex 9.344415089128582 13.668508420739842 0
    endloop
  endfacet
  facet normal -0.8314696123025465 0.5555702330196004 0
    outer loop
      vertex 9.636396103067893 13.863603896932107 0.40000000000000013
      vertex 9.70255244661209 13.96261386191723 0.40000000000000013
      vertex 9.636396103067893 13.863603896932107 0
    endloop
  endfacet
  facet normal -0.555570233019601 -0.831469612302546 0
    outer loop
      vertex 9.344415089128582 15.331491579260158 0.40000000000000013
      vertex 9.344415089128582 15.331491579260158 0
      vertex 9.636396103067893 15.136396103067893 0
    endloop
  endfacet
  facet normal -0.8314696123025465 -0.5555702330196004 0
    outer loop
      vertex 9.636396103067893 15.136396103067893 0.40000000000000013
      vertex 9.636396103067893 15.136396103067893 0
      vertex 9.70255244661209 15.03738613808277 0
    endloop
  endfacet
  facet normal -0.555570233019601 -0.831469612302546 1.3367261624517197e-17
    outer loop
      vertex 9.344415089128582 15.331491579260158 0.40000000000000013
      vertex 9.636396103067893 15.136396103067893 0
      vertex 9.636396103067893 15.136396103067893 0.40000000000000013
    endloop
  endfacet
  facet normal -0.8314696123025465 -0.5555702330196004 0
    outer loop
      vertex 9.70255244661209 15.03738613808277 0.40000000000000013
      vertex 9.636396103067893 15.136396103067893 0.40000000000000013
      vertex 9.70255244661209 15.03738613808277 0
    endloop
  endfacet
  facet normal 0.8314696123025465 0.5555702330196004 0
    outer loop
      vertex 11.763603896932105 13.863603896932107 0.40000000000000013
      vertex 11.763603896932105 13.863603896932107 0
      vertex 11.697447553387908 13.96261386191723 0
    endloop
  endfacet
  facet normal 0.555570233019601 0.831469612302546 0
    outer loop
      vertex 12.055584910871417 13.668508420739842 0.40000000000000013
      vertex 12.055584910871417 13.668508420739842 0
      vertex 11.763603896932105 13.863603896932107 0
    endloop
  endfacet
  facet normal 0.555570233019601 0.831469612302546 0
    outer loop
      vertex 11.763603896932105 13.863603896932107 0.40000000000000013
      vertex 12.055584910871417 13.668508420739842 0.40000000000000013
      vertex 11.763603896932105 13.863603896932107 0
    endloop
  endfacet
  facet normal 0.8314696123025465 0.5555702330196004 0
    outer loop
      vertex 11.697447553387908 13.96261386191723 0.40000000000000013
      vertex 11.763603896932105 13.863603896932107 0.40000000000000013
      vertex 11.697447553387908 13.96261386191723 0
    endloop
  endfacet
  facet normal 0.8314696123025465 -0.5555702330196004 0
    outer loop
      vertex 11.697447553387908 15.03738613808277 0.40000000000000013
      vertex 11.697447553387908 15.03738613808277 0
      vertex 11.763603896932105 15.136396103067893 0
    endloop
  endfacet
  facet normal 0.555570233019601 -0.831469612302546 0
    outer loop
      vertex 11.763603896932105 15.136396103067893 0.40000000000000013
      vertex 11.763603896932105 15.136396103067893 0
      vertex 12.055584910871417 15.331491579260158 0
    endloop
  endfacet
  facet normal 0.8314696123025465 -0.5555702330196004 -8.333515759129397e-18
    outer loop
      vertex 11.697447553387908 15.03738613808277 0.40000000000000013
      vertex 11.763603896932105 15.136396103067893 0
      vertex 11.763603896932105 15.136396103067893 0.40000000000000013
    endloop
  endfacet
  facet normal 0.555570233019601 -0.831469612302546 -1.3367261624517197e-17
    outer loop
      vertex 11.763603896932105 15.136396103067893 0.40000000000000013
      vertex 12.055584910871417 15.331491579260158 0
      vertex 12.055584910871417 15.331491579260158 0.40000000000000013
    endloop
  endfacet
  facet normal 0.19509032201612952 0.9807852804032302 0
    outer loop
      vertex 12.399999999999999 13.6 0.40000000000000013
      vertex 12.399999999999999 13.6 0
      vertex 12.055584910871417 13.668508420739842 0
    endloop
  endfacet
  facet normal -0.19509032201612952 0.9807852804032302 0
    outer loop
      vertex 12.74441508912858 13.668508420739842 0.40000000000000013
      vertex 12.74441508912858 13.668508420739842 0
      vertex 12.399999999999999 13.6 0
    endloop
  endfacet
  facet normal -0.555570233019601 0.831469612302546 0
    outer loop
      vertex 13.036396103067892 13.863603896932107 0.40000000000000013
      vertex 13.036396103067892 13.863603896932107 0
      vertex 12.74441508912858 13.668508420739842 0
    endloop
  endfacet
  facet normal -0.831469612302546 0.555570233019601 0
    outer loop
      vertex 13.231491579260156 14.155584910871418 0.40000000000000013
      vertex 13.231491579260156 14.155584910871418 0
      vertex 13.036396103067892 13.863603896932107 0
    endloop
  endfacet
  facet normal -0.9807852804032302 0.19509032201612952 0
    outer loop
      vertex 13.299999999999999 14.5 0.40000000000000013
      vertex 13.299999999999999 14.5 0
      vertex 13.231491579260156 14.155584910871418 0
    endloop
  endfacet
  facet normal 0.19509032201612952 0.9807852804032302 0
    outer loop
      vertex 12.055584910871417 13.668508420739842 0.40000000000000013
      vertex 12.399999999999999 13.6 0.40000000000000013
      vertex 12.055584910871417 13.668508420739842 0
    endloop
  endfacet
  facet normal -0.19509032201612952 0.9807852804032302 0
    outer loop
      vertex 12.399999999999999 13.6 0.40000000000000013
      vertex 12.74441508912858 13.668508420739842 0.40000000000000013
      vertex 12.399999999999999 13.6 0
    endloop
  endfacet
  facet normal -0.555570233019601 0.831469612302546 0
    outer loop
      vertex 12.74441508912858 13.668508420739842 0.40000000000000013
      vertex 13.036396103067892 13.863603896932107 0.40000000000000013
      vertex 12.74441508912858 13.668508420739842 0
    endloop
  endfacet
  facet normal -0.831469612302546 0.555570233019601 0
    outer loop
      vertex 13.036396103067892 13.863603896932107 0.40000000000000013
      vertex 13.231491579260156 14.155584910871418 0.40000000000000013
      vertex 13.036396103067892 13.863603896932107 0
    endloop
  endfacet
  facet normal -0.9807852804032302 0.19509032201612952 0
    outer loop
      vertex 13.231491579260156 14.155584910871418 0.40000000000000013
      vertex 13.299999999999999 14.5 0.40000000000000013
      vertex 13.231491579260156 14.155584910871418 0
    endloop
  endfacet
  facet normal -0.9807852804032302 -0.19509032201612952 0
    outer loop
      vertex 13.299999999999999 14.5 0.40000000000000013
      vertex 13.231491579260156 14.844415089128582 0.40000000000000013
      vertex 13.299999999999999 14.5 0
    endloop
  endfacet
  facet normal 0.19509032201612952 -0.9807852804032302 0
    outer loop
      vertex 12.055584910871417 15.331491579260158 0.40000000000000013
      vertex 12.055584910871417 15.331491579260158 0
      vertex 12.399999999999999 15.4 0
    endloop
  endfacet
  facet normal -0.19509032201612952 -0.9807852804032302 0
    outer loop
      vertex 12.399999999999999 15.4 0.40000000000000013
      vertex 12.399999999999999 15.4 0
      vertex 12.74441508912858 15.331491579260158 0
    endloop
  endfacet
  facet normal -0.555570233019601 -0.831469612302546 0
    outer loop
      vertex 12.74441508912858 15.331491579260158 0.40000000000000013
      vertex 12.74441508912858 15.331491579260158 0
      vertex 13.036396103067892 15.136396103067893 0
    endloop
  endfacet
  facet normal -0.831469612302546 -0.555570233019601 0
    outer loop
      vertex 13.036396103067892 15.136396103067893 0.40000000000000013
      vertex 13.036396103067892 15.136396103067893 0
      vertex 13.231491579260156 14.844415089128582 0
    endloop
  endfacet
  facet normal -0.9807852804032302 -0.19509032201612952 0
    outer loop
      vertex 13.231491579260156 14.844415089128582 0.40000000000000013
      vertex 13.231491579260156 14.844415089128582 0
      vertex 13.299999999999999 14.5 0
    endloop
  endfacet
  facet normal 0.19509032201612952 -0.9807852804032302 3.570806246147146e-18
    outer loop
      vertex 12.055584910871417 15.331491579260158 0.40000000000000013
      vertex 12.399999999999999 15.4 0
      vertex 12.399999999999999 15.4 0.40000000000000013
    endloop
  endfacet
  facet normal -0.19509032201612952 -0.9807852804032302 -3.570806246147146e-18
    outer loop
      vertex 12.399999999999999 15.4 0.40000000000000013
      vertex 12.74441508912858 15.331491579260158 0
      vertex 12.74441508912858 15.331491579260158 0.40000000000000013
    endloop
  endfacet
  facet normal -0.555570233019601 -0.831469612302546 1.3367261624517197e-17
    outer loop
      vertex 12.74441508912858 15.331491579260158 0.40000000000000013
      vertex 13.036396103067892 15.136396103067893 0
      vertex 13.036396103067892 15.136396103067893 0.40000000000000013
    endloop
  endfacet
  facet normal -0.831469612302546 -0.555570233019601 0
    outer loop
      vertex 13.231491579260156 14.844415089128582 0.40000000000000013
      vertex 13.036396103067892 15.136396103067893 0.40000000000000013
      vertex 13.231491579260156 14.844415089128582 0
    endloop
  endfacet
  facet normal 0 0 1
    outer loop
      vertex 7.999999999999999 12.4 0.40000000000000013
      vertex 8.655584910871418 13.668508420739842 0.40000000000000013
      vertex 8.363603896932107 13.863603896932107 0.40000000000000013
    endloop
  endfacet
  facet normal 0 0 1
    outer loop
      vertex 7.999999999999999 12.4 0.40000000000000013
      vertex 9 13.6 0.40000000000000013
      vertex 8.655584910871418 13.668508420739842 0.40000000000000013
    endloop
  endfacet
  facet normal 0 0 1
    outer loop
      vertex 7.999999999999999 12.4 0.40000000000000013
      vertex 9.344415089128582 13.668508420739842 0.40000000000000013
      vertex 9 13.6 0.40000000000000013
    endloop
  endfacet
  facet normal 0 0 1
    outer loop
      vertex 7.999999999999999 12.4 0.40000000000000013
      vertex 9.636396103067893 13.863603896932107 0.40000000000000013
      vertex 9.344415089128582 13.668508420739842 0.40000000000000013
    endloop
  endfacet
  facet normal 0 0 1
    outer loop
      vertex 7.999999999999999 12.4 0.40000000000000013
      vertex 9.88682720163547 13.68682720163547 0.40000000000000013
      vertex 9.636396103067893 13.863603896932107 0.40000000000000013
    endloop
  endfacet
  facet normal 0 0 1
    outer loop
      vertex 7.999999999999999 12.4 0.40000000000000013
      vertex 10.259914052780147 13.43753853761202 0.40000000000000013
      vertex 9.88682720163547 13.68682720163547 0.40000000000000013
    endloop
  endfacet
  facet normal 0 0 1
    outer loop
      vertex 7.999999999999999 12.4 0.40000000000000013
      vertex 10.7 13.35 0.40000000000000013
      vertex 10.259914052780147 13.43753853761202 0.40000000000000013
    endloop
  endfacet
  facet normal 0 0 1
    outer loop
      vertex 7.999999999999999 12.4 0.40000000000000013
      vertex 11.140085947219852 13.43753853761202 0.40000000000000013
      vertex 10.7 13.35 0.40000000000000013
    endloop
  endfacet
  facet normal 0 0 1
    outer loop
      vertex 7.999999999999999 12.4 0.40000000000000013
      vertex 12.055584910871417 13.668508420739842 0.40000000000000013
      vertex 11.140085947219852 13.43753853761202 0.40000000000000013
    endloop
  endfacet
  facet normal 0 0 1
    outer loop
      vertex 7.999999999999999 12.4 0.40000000000000013
      vertex 8.363603896932107 13.863603896932107 0.40000000000000013
      vertex 8.168508420739842 14.155584910871418 0.40000000000000013
    endloop
  endfacet
  facet normal 0 0 1
    outer loop
      vertex 7.999999999999999 12.4 0.40000000000000013
      vertex 8.168508420739842 14.155584910871418 0.40000000000000013
      vertex 8.1 14.5 0.40000000000000013
    endloop
  endfacet
  facet normal 0 0 1
    outer loop
      vertex 7.999999999999999 12.4 0.40000000000000013
      vertex 8.1 14.5 0.40000000000000013
      vertex 7.999999999999999 16.6 0.40000000000000013
    endloop
  endfacet
  facet normal 0 0 1
    outer loop
      vertex 8.1 14.5 0.40000000000000013
      vertex 8.168508420739842 14.844415089128582 0.40000000000000013
      vertex 7.999999999999999 16.6 0.40000000000000013
    endloop
  endfacet
  facet normal 0 0 1
    outer loop
      vertex 8.168508420739842 14.844415089128582 0.40000000000000013
      vertex 8.363603896932107 15.136396103067893 0.40000000000000013
      vertex 7.999999999999999 16.6 0.40000000000000013
    endloop
  endfacet
  facet normal 0 0 1
    outer loop
      vertex 8.363603896932107 15.136396103067893 0.40000000000000013
      vertex 8.655584910871418 15.331491579260158 0.40000000000000013
      vertex 7.999999999999999 16.6 0.40000000000000013
    endloop
  endfacet
  facet normal 0 0 1
    outer loop
      vertex 9.88682720163547 13.68682720163547 0.40000000000000013
      vertex 9.70255244661209 13.96261386191723 0.40000000000000013
      vertex 9.636396103067893 13.863603896932107 0.40000000000000013
    endloop
  endfacet
  facet normal 0 0 1
    outer loop
      vertex 9.344415089128582 15.331491579260158 0.40000000000000013
      vertex 9.636396103067893 15.136396103067893 0.40000000000000013
      vertex 9.88682720163547 15.31317279836453 0.40000000000000013
    endloop
  endfacet
  facet normal 0 0 1
    outer loop
      vertex 9.70255244661209 15.03738613808277 0.40000000000000013
      vertex 9.88682720163547 15.31317279836453 0.40000000000000013
      vertex 9.636396103067893 15.136396103067893 0.40000000000000013
    endloop
  endfacet
  facet normal 0 0 1
    outer loop
      vertex 9.344415089128582 15.331491579260158 0.40000000000000013
      vertex 9.88682720163547 15.31317279836453 0.40000000000000013
      vertex 10.259914052780147 15.56246146238798 0.40000000000000013
    endloop
  endfacet
  facet normal 0 0 1
    outer loop
      vertex 8.655584910871418 15.331491579260158 0.40000000000000013
      vertex 9 15.4 0.40000000000000013
      vertex 13.399999999999999 16.6 0.40000000000000013
    endloop
  endfacet
  facet normal 0 0 1
    outer loop
      vertex 9 15.4 0.40000000000000013
      vertex 9.344415089128582 15.331491579260158 0.40000000000000013
      vertex 13.399999999999999 16.6 0.40000000000000013
    endloop
  endfacet
  facet normal 1 0 0
    outer loop
      vertex 7.999999999999999 12.4 0.40000000000000013
      vertex 7.999999999999999 16.6 0.40000000000000013
      vertex 7.999999999999999 16.6 2.2
    endloop
  endfacet
  facet normal 0 1 0
    outer loop
      vertex 7.999999999999999 12.4 0.40000000000000013
      vertex 7.999999999999999 12.4 2.2
      vertex 13.399999999999999 12.4 0.40000000000000013
    endloop
  endfacet
  facet normal 0 0 1
    outer loop
      vertex 8.655584910871418 15.331491579260158 0.40000000000000013
      vertex 13.399999999999999 16.6 0.40000000000000013
      vertex 7.999999999999999 16.6 0.40000000000000013
    endloop
  endfacet
  facet normal 0 -1 0
    outer loop
      vertex 7.999999999999999 16.6 0.40000000000000013
      vertex 13.399999999999999 16.6 0.40000000000000013
      vertex 7.999999999999999 16.6 2.2
    endloop
  endfacet
  facet normal 1 0 0
    outer loop
      vertex 7.999999999999999 12.4 0.40000000000000013
      vertex 7.999999999999999 16.6 2.2
      vertex 7.999999999999999 12.4 2.2
    endloop
  endfacet
  facet normal 0 0 1
    outer loop
      vertex 7.999999999999999 12.4 0.40000000000000013
      vertex 13.399999999999999 12.4 0.40000000000000013
      vertex 12.055584910871417 13.668508420739842 0.40000000000000013
    endloop
  endfacet
  facet normal 0 0 1
    outer loop
      vertex 12.055584910871417 13.668508420739842 0.40000000000000013
      vertex 13.399999999999999 12.4 0.40000000000000013
      vertex 12.399999999999999 13.6 0.40000000000000013
    endloop
  endfacet
  facet normal 0 0 1
    outer loop
      vertex 12.399999999999999 13.6 0.40000000000000013
      vertex 13.399999999999999 12.4 0.40000000000000013
      vertex 12.74441508912858 13.668508420739842 0.40000000000000013
    endloop
  endfacet
  facet normal 0 0 1
    outer loop
      vertex 12.74441508912858 13.668508420739842 0.40000000000000013
      vertex 13.399999999999999 12.4 0.40000000000000013
      vertex 13.036396103067892 13.863603896932107 0.40000000000000013
    endloop
  endfacet
  facet normal 0 0 1
    outer loop
      vertex 11.140085947219852 13.43753853761202 0.40000000000000013
      vertex 12.055584910871417 13.668508420739842 0.40000000000000013
      vertex 11.51317279836453 13.68682720163547 0.40000000000000013
    endloop
  endfacet
  facet normal 0 0 1
    outer loop
      vertex 11.51317279836453 13.68682720163547 0.40000000000000013
      vertex 11.763603896932105 13.863603896932107 0.40000000000000013
      vertex 11.697447553387908 13.96261386191723 0.40000000000000013
    endloop
  endfacet
  facet normal 0 0 1
    outer loop
      vertex 11.51317279836453 13.68682720163547 0.40000000000000013
      vertex 12.055584910871417 13.668508420739842 0.40000000000000013
      vertex 11.763603896932105 13.863603896932107 0.40000000000000013
    endloop
  endfacet
  facet normal 0 0 1
    outer loop
      vertex 9.344415089128582 15.331491579260158 0.40000000000000013
      vertex 10.259914052780147 15.56246146238798 0.40000000000000013
      vertex 13.399999999999999 16.6 0.40000000000000013
    endloop
  endfacet
  facet normal 0 0 1
    outer loop
      vertex 11.697447553387908 15.03738613808277 0.40000000000000013
      vertex 11.763603896932105 15.136396103067893 0.40000000000000013
      vertex 11.51317279836453 15.31317279836453 0.40000000000000013
    endloop
  endfacet
  facet normal 0 0 1
    outer loop
      vertex 10.259914052780147 15.56246146238798 0.40000000000000013
      vertex 10.7 15.65 0.40000000000000013
      vertex 13.399999999999999 16.6 0.40000000000000013
    endloop
  endfacet
  facet normal 0 0 1
    outer loop
      vertex 10.7 15.65 0.40000000000000013
      vertex 11.140085947219852 15.56246146238798 0.40000000000000013
      vertex 13.399999999999999 16.6 0.40000000000000013
    endloop
  endfacet
  facet normal 0 0 1
    outer loop
      vertex 11.140085947219852 15.56246146238798 0.40000000000000013
      vertex 11.51317279836453 15.31317279836453 0.40000000000000013
      vertex 13.399999999999999 16.6 0.40000000000000013
    endloop
  endfacet
  facet normal 0 0 1
    outer loop
      vertex 13.036396103067892 13.863603896932107 0.40000000000000013
      vertex 13.399999999999999 12.4 0.40000000000000013
      vertex 13.231491579260156 14.155584910871418 0.40000000000000013
    endloop
  endfacet
  facet normal 0 0 1
    outer loop
      vertex 13.231491579260156 14.155584910871418 0.40000000000000013
      vertex 13.399999999999999 12.4 0.40000000000000013
      vertex 13.299999999999999 14.5 0.40000000000000013
    endloop
  endfacet
  facet normal 0 0 1
    outer loop
      vertex 13.299999999999999 14.5 0.40000000000000013
      vertex 13.399999999999999 12.4 0.40000000000000013
      vertex 13.399999999999999 16.6 0.40000000000000013
    endloop
  endfacet
  facet normal 0 0 1
    outer loop
      vertex 11.51317279836453 15.31317279836453 0.40000000000000013
      vertex 11.763603896932105 15.136396103067893 0.40000000000000013
      vertex 13.399999999999999 16.6 0.40000000000000013
    endloop
  endfacet
  facet normal 0 0 1
    outer loop
      vertex 11.763603896932105 15.136396103067893 0.40000000000000013
      vertex 12.055584910871417 15.331491579260158 0.40000000000000013
      vertex 13.399999999999999 16.6 0.40000000000000013
    endloop
  endfacet
  facet normal 0 0 1
    outer loop
      vertex 12.055584910871417 15.331491579260158 0.40000000000000013
      vertex 12.399999999999999 15.4 0.40000000000000013
      vertex 13.399999999999999 16.6 0.40000000000000013
    endloop
  endfacet
  facet normal 0 0 1
    outer loop
      vertex 13.299999999999999 14.5 0.40000000000000013
      vertex 13.399999999999999 16.6 0.40000000000000013
      vertex 13.231491579260156 14.844415089128582 0.40000000000000013
    endloop
  endfacet
  facet normal 0 0 1
    outer loop
      vertex 12.399999999999999 15.4 0.40000000000000013
      vertex 12.74441508912858 15.331491579260158 0.40000000000000013
      vertex 13.399999999999999 16.6 0.40000000000000013
    endloop
  endfacet
  facet normal 0 0 1
    outer loop
      vertex 12.74441508912858 15.331491579260158 0.40000000000000013
      vertex 13.036396103067892 15.136396103067893 0.40000000000000013
      vertex 13.399999999999999 16.6 0.40000000000000013
    endloop
  endfacet
  facet normal 0 0 1
    outer loop
      vertex 13.231491579260156 14.844415089128582 0.40000000000000013
      vertex 13.399999999999999 16.6 0.40000000000000013
      vertex 13.036396103067892 15.136396103067893 0.40000000000000013
    endloop
  endfacet
  facet normal -1 0 0
    outer loop
      vertex 13.399999999999999 12.4 0.40000000000000013
      vertex 13.399999999999999 12.4 2.2
      vertex 13.399999999999999 16.6 0.40000000000000013
    endloop
  endfacet
  facet normal 0 1 0
    outer loop
      vertex 13.399999999999999 12.4 0.40000000000000013
      vertex 7.999999999999999 12.4 2.2
      vertex 13.399999999999999 12.4 2.2
    endloop
  endfacet
  facet normal -1 0 0
    outer loop
      vertex 13.399999999999999 16.6 0.40000000000000013
      vertex 13.399999999999999 12.4 2.2
      vertex 13.399999999999999 16.6 2.2
    endloop
  endfacet
  facet normal 0 -1 0
    outer loop
      vertex 13.399999999999999 16.6 0.40000000000000013
      vertex 13.399999999999999 16.6 2.2
      vertex 7.999999999999999 16.6 2.2
    endloop
  endfacet
  facet normal 0.1950903220161283 0.9807852804032304 0
    outer loop
      vertex 9 2.6 0.40000000000000013
      vertex 9 2.6 0
      vertex 8.655584910871418 2.668508420739842 0
    endloop
  endfacet
  facet normal -0.1950903220161283 0.9807852804032304 0
    outer loop
      vertex 9.344415089128582 2.668508420739842 0.40000000000000013
      vertex 9.344415089128582 2.668508420739842 0
      vertex 9 2.6 0
    endloop
  endfacet
  facet normal 0.1950903220161283 0.9807852804032304 0
    outer loop
      vertex 8.655584910871418 2.668508420739842 0.40000000000000013
      vertex 9 2.6 0.40000000000000013
      vertex 8.655584910871418 2.668508420739842 0
    endloop
  endfacet
  facet normal -0.1950903220161283 0.9807852804032304 0
    outer loop
      vertex 9 2.6 0.40000000000000013
      vertex 9.344415089128582 2.668508420739842 0.40000000000000013
      vertex 9 2.6 0
    endloop
  endfacet
  facet normal 0.8314696123025465 0.5555702330196004 0
    outer loop
      vertex 8.363603896932107 2.863603896932107 0.40000000000000013
      vertex 8.363603896932107 2.863603896932107 0
      vertex 8.168508420739842 3.1555849108714193 0
    endloop
  endfacet
  facet normal 0.9807852804032302 0.19509032201613005 0
    outer loop
      vertex 8.168508420739842 3.1555849108714193 0.40000000000000013
      vertex 8.168508420739842 3.1555849108714193 0
      vertex 8.1 3.5 0
    endloop
  endfacet
  facet normal 0.5555702330196018 0.8314696123025455 0
    outer loop
      vertex 8.655584910871418 2.668508420739842 0.40000000000000013
      vertex 8.655584910871418 2.668508420739842 0
      vertex 8.363603896932107 2.863603896932107 0
    endloop
  endfacet
  facet normal 0.9807852804032302 -0.19509032201613005 0
    outer loop
      vertex 8.1 3.5 0.40000000000000013
      vertex 8.1 3.5 0
      vertex 8.168508420739842 3.8444150891285807 0
    endloop
  endfacet
  facet normal 0.8314696123025469 -0.5555702330195998 0
    outer loop
      vertex 8.168508420739842 3.8444150891285807 0.40000000000000013
      vertex 8.168508420739842 3.8444150891285807 0
      vertex 8.363603896932107 4.136396103067893 0
    endloop
  endfacet
  facet normal 0.8314696123025465 0.5555702330196004 0
    outer loop
      vertex 8.168508420739842 3.1555849108714193 0.40000000000000013
      vertex 8.363603896932107 2.863603896932107 0.40000000000000013
      vertex 8.168508420739842 3.1555849108714193 0
    endloop
  endfacet
  facet normal 0.5555702330196018 0.8314696123025455 0
    outer loop
      vertex 8.363603896932107 2.863603896932107 0.40000000000000013
      vertex 8.655584910871418 2.668508420739842 0.40000000000000013
      vertex 8.363603896932107 2.863603896932107 0
    endloop
  endfacet
  facet normal 0.9807852804032302 0.19509032201613005 9.721489074908961e-18
    outer loop
      vertex 8.168508420739842 3.1555849108714193 0.40000000000000013
      vertex 8.1 3.5 0
      vertex 8.1 3.5 0.40000000000000013
    endloop
  endfacet
  facet normal 0.9807852804032302 -0.19509032201613005 -9.721489074908961e-18
    outer loop
      vertex 8.1 3.5 0.40000000000000013
      vertex 8.168508420739842 3.8444150891285807 0
      vertex 8.168508420739842 3.8444150891285807 0.40000000000000013
    endloop
  endfacet
  facet normal 0.555570233019601 -0.831469612302546 0
    outer loop
      vertex 8.363603896932107 4.136396103067893 0.40000000000000013
      vertex 8.363603896932107 4.136396103067893 0
      vertex 8.655584910871418 4.331491579260158 0
    endloop
  endfacet
  facet normal 0.19509032201612952 -0.9807852804032302 0
    outer loop
      vertex 8.655584910871418 4.331491579260158 0.40000000000000013
      vertex 8.655584910871418 4.331491579260158 0
      vertex 9 4.4 0
    endloop
  endfacet
  facet normal -0.19509032201612952 -0.9807852804032302 0
    outer loop
      vertex 9 4.4 0.40000000000000013
      vertex 9 4.4 0
      vertex 9.344415089128582 4.331491579260158 0
    endloop
  endfacet
  facet normal 0.8314696123025469 -0.5555702330195998 -1.4739531007515095e-17
    outer loop
      vertex 8.168508420739842 3.8444150891285807 0.40000000000000013
      vertex 8.363603896932107 4.136396103067893 0
      vertex 8.363603896932107 4.136396103067893 0.40000000000000013
    endloop
  endfacet
  facet normal 0.555570233019601 -0.831469612302546 -1.3367261624517197e-17
    outer loop
      vertex 8.363603896932107 4.136396103067893 0.40000000000000013
      vertex 8.655584910871418 4.331491579260158 0
      vertex 8.655584910871418 4.331491579260158 0.40000000000000013
    endloop
  endfacet
  facet normal 0.19509032201612952 -0.9807852804032302 3.570806246147146e-18
    outer loop
      vertex 8.655584910871418 4.331491579260158 0.40000000000000013
      vertex 9 4.4 0
      vertex 9 4.4 0.40000000000000013
    endloop
  endfacet
  facet normal -0.19509032201612952 -0.9807852804032302 -3.570806246147146e-18
    outer loop
      vertex 9 4.4 0.40000000000000013
      vertex 9.344415089128582 4.331491579260158 0
      vertex 9.344415089128582 4.331491579260158 0.40000000000000013
    endloop
  endfacet
  facet normal -0.5555702330196018 0.8314696123025455 0
    outer loop
      vertex 9.636396103067893 2.863603896932107 0.40000000000000013
      vertex 9.636396103067893 2.863603896932107 0
      vertex 9.344415089128582 2.668508420739842 0
    endloop
  endfacet
  facet normal -0.8314696123025476 0.5555702330195986 0
    outer loop
      vertex 9.70255244661209 2.962613861917231 0.40000000000000013
      vertex 9.70255244661209 2.962613861917231 0
      vertex 9.636396103067893 2.863603896932107 0
    endloop
  endfacet
  facet normal -0.5555702330196018 0.8314696123025455 0
    outer loop
      vertex 9.344415089128582 2.668508420739842 0.40000000000000013
      vertex 9.636396103067893 2.863603896932107 0.40000000000000013
      vertex 9.344415089128582 2.668508420739842 0
    endloop
  endfacet
  facet normal -0.8314696123025476 0.5555702330195986 0
    outer loop
      vertex 9.636396103067893 2.863603896932107 0.40000000000000013
      vertex 9.70255244661209 2.962613861917231 0.40000000000000013
      vertex 9.636396103067893 2.863603896932107 0
    endloop
  endfacet
  facet normal -0.555570233019601 -0.831469612302546 0
    outer loop
      vertex 9.344415089128582 4.331491579260158 0.40000000000000013
      vertex 9.344415089128582 4.331491579260158 0
      vertex 9.636396103067893 4.136396103067893 0
    endloop
  endfacet
  facet normal -0.8314696123025488 -0.555570233019597 0
    outer loop
      vertex 9.636396103067893 4.136396103067893 0.40000000000000013
      vertex 9.636396103067893 4.136396103067893 0
      vertex 9.70255244661209 4.037386138082769 0
    endloop
  endfacet
  facet normal -0.8314696123025488 -0.555570233019597 -5.216399855171131e-18
    outer loop
      vertex 9.636396103067893 4.136396103067893 0.40000000000000013
      vertex 9.70255244661209 4.037386138082769 0
      vertex 9.70255244661209 4.037386138082769 0.40000000000000013
    endloop
  endfacet
  facet normal -0.555570233019601 -0.831469612302546 1.3367261624517197e-17
    outer loop
      vertex 9.344415089128582 4.331491579260158 0.40000000000000013
      vertex 9.636396103067893 4.136396103067893 0
      vertex 9.636396103067893 4.136396103067893 0.40000000000000013
    endloop
  endfacet
  facet normal 0.1950903220161283 0.9807852804032304 0
    outer loop
      vertex 12.399999999999999 2.6 0.40000000000000013
      vertex 12.399999999999999 2.6 0
      vertex 12.055584910871417 2.668508420739842 0
    endloop
  endfacet
  facet normal -0.1950903220161283 0.9807852804032304 0
    outer loop
      vertex 12.74441508912858 2.668508420739842 0.40000000000000013
      vertex 12.74441508912858 2.668508420739842 0
      vertex 12.399999999999999 2.6 0
    endloop
  endfacet
  facet normal 0.1950903220161283 0.9807852804032304 0
    outer loop
      vertex 12.055584910871417 2.668508420739842 0.40000000000000013
      vertex 12.399999999999999 2.6 0.40000000000000013
      vertex 12.055584910871417 2.668508420739842 0
    endloop
  endfacet
  facet normal -0.1950903220161283 0.9807852804032304 0
    outer loop
      vertex 12.399999999999999 2.6 0.40000000000000013
      vertex 12.74441508912858 2.668508420739842 0.40000000000000013
      vertex 12.399999999999999 2.6 0
    endloop
  endfacet
  facet normal 0.8314696123025476 0.5555702330195986 0
    outer loop
      vertex 11.763603896932105 2.863603896932107 0.40000000000000013
      vertex 11.763603896932105 2.863603896932107 0
      vertex 11.697447553387908 2.962613861917231 0
    endloop
  endfacet
  facet normal 0.5555702330196018 0.8314696123025455 0
    outer loop
      vertex 12.055584910871417 2.668508420739842 0.40000000000000013
      vertex 12.055584910871417 2.668508420739842 0
      vertex 11.763603896932105 2.863603896932107 0
    endloop
  endfacet
  facet normal 0.5555702330196018 0.8314696123025455 0
    outer loop
      vertex 11.763603896932105 2.863603896932107 0.40000000000000013
      vertex 12.055584910871417 2.668508420739842 0.40000000000000013
      vertex 11.763603896932105 2.863603896932107 0
    endloop
  endfacet
  facet normal 0.8314696123025476 0.5555702330195986 0
    outer loop
      vertex 11.697447553387908 2.962613861917231 0.40000000000000013
      vertex 11.763603896932105 2.863603896932107 0.40000000000000013
      vertex 11.697447553387908 2.962613861917231 0
    endloop
  endfacet
  facet normal 0.8314696123025488 -0.555570233019597 0
    outer loop
      vertex 11.697447553387908 4.037386138082769 0.40000000000000013
      vertex 11.697447553387908 4.037386138082769 0
      vertex 11.763603896932105 4.136396103067893 0
    endloop
  endfacet
  facet normal 0.555570233019601 -0.831469612302546 0
    outer loop
      vertex 11.763603896932105 4.136396103067893 0.40000000000000013
      vertex 11.763603896932105 4.136396103067893 0
      vertex 12.055584910871417 4.331491579260158 0
    endloop
  endfacet
  facet normal 0.8314696123025488 -0.555570233019597 5.216399855171131e-18
    outer loop
      vertex 11.697447553387908 4.037386138082769 0.40000000000000013
      vertex 11.763603896932105 4.136396103067893 0
      vertex 11.763603896932105 4.136396103067893 0.40000000000000013
    endloop
  endfacet
  facet normal 0.555570233019601 -0.831469612302546 -1.3367261624517197e-17
    outer loop
      vertex 11.763603896932105 4.136396103067893 0.40000000000000013
      vertex 12.055584910871417 4.331491579260158 0
      vertex 12.055584910871417 4.331491579260158 0.40000000000000013
    endloop
  endfacet
  facet normal -0.5555702330196018 0.8314696123025455 0
    outer loop
      vertex 13.036396103067892 2.863603896932107 0.40000000000000013
      vertex 13.036396103067892 2.863603896932107 0
      vertex 12.74441508912858 2.668508420739842 0
    endloop
  endfacet
  facet normal -0.8314696123025465 0.5555702330196004 0
    outer loop
      vertex 13.231491579260156 3.1555849108714193 0.40000000000000013
      vertex 13.231491579260156 3.1555849108714193 0
      vertex 13.036396103067892 2.863603896932107 0
    endloop
  endfacet
  facet normal -0.9807852804032302 0.19509032201613005 0
    outer loop
      vertex 13.299999999999999 3.5 0.40000000000000013
      vertex 13.299999999999999 3.5 0
      vertex 13.231491579260156 3.1555849108714193 0
    endloop
  endfacet
  facet normal -0.9807852804032302 -0.19509032201613005 0
    outer loop
      vertex 13.231491579260156 3.8444150891285807 0.40000000000000013
      vertex 13.231491579260156 3.8444150891285807 0
      vertex 13.299999999999999 3.5 0
    endloop
  endfacet
  facet normal -0.5555702330196018 0.8314696123025455 0
    outer loop
      vertex 12.74441508912858 2.668508420739842 0.40000000000000013
      vertex 13.036396103067892 2.863603896932107 0.40000000000000013
      vertex 12.74441508912858 2.668508420739842 0
    endloop
  endfacet
  facet normal -0.8314696123025465 0.5555702330196004 0
    outer loop
      vertex 13.036396103067892 2.863603896932107 0.40000000000000013
      vertex 13.231491579260156 3.1555849108714193 0.40000000000000013
      vertex 13.036396103067892 2.863603896932107 0
    endloop
  endfacet
  facet normal -0.9807852804032302 0.19509032201613005 0
    outer loop
      vertex 13.231491579260156 3.1555849108714193 0.40000000000000013
      vertex 13.299999999999999 3.5 0.40000000000000013
      vertex 13.231491579260156 3.1555849108714193 0
    endloop
  endfacet
  facet normal -0.9807852804032302 -0.19509032201613005 0
    outer loop
      vertex 13.299999999999999 3.5 0.40000000000000013
      vertex 13.231491579260156 3.8444150891285807 0.40000000000000013
      vertex 13.299999999999999 3.5 0
    endloop
  endfacet
  facet normal -0.8314696123025469 -0.5555702330195998 1.4739531007515095e-17
    outer loop
      vertex 13.036396103067892 4.136396103067893 0.40000000000000013
      vertex 13.231491579260156 3.8444150891285807 0
      vertex 13.231491579260156 3.8444150891285807 0.40000000000000013
    endloop
  endfacet
  facet normal 0.19509032201612952 -0.9807852804032302 0
    outer loop
      vertex 12.055584910871417 4.331491579260158 0.40000000000000013
      vertex 12.055584910871417 4.331491579260158 0
      vertex 12.399999999999999 4.4 0
    endloop
  endfacet
  facet normal -0.19509032201612952 -0.9807852804032302 0
    outer loop
      vertex 12.399999999999999 4.4 0.40000000000000013
      vertex 12.399999999999999 4.4 0
      vertex 12.74441508912858 4.331491579260158 0
    endloop
  endfacet
  facet normal -0.555570233019601 -0.831469612302546 0
    outer loop
      vertex 12.74441508912858 4.331491579260158 0.40000000000000013
      vertex 12.74441508912858 4.331491579260158 0
      vertex 13.036396103067892 4.136396103067893 0
    endloop
  endfacet
  facet normal -0.8314696123025469 -0.5555702330195998 0
    outer loop
      vertex 13.036396103067892 4.136396103067893 0.40000000000000013
      vertex 13.036396103067892 4.136396103067893 0
      vertex 13.231491579260156 3.8444150891285807 0
    endloop
  endfacet
  facet normal 0.19509032201612952 -0.9807852804032302 3.570806246147146e-18
    outer loop
      vertex 12.055584910871417 4.331491579260158 0.40000000000000013
      vertex 12.399999999999999 4.4 0
      vertex 12.399999999999999 4.4 0.40000000000000013
    endloop
  endfacet
  facet normal -0.19509032201612952 -0.9807852804032302 -3.570806246147146e-18
    outer loop
      vertex 12.399999999999999 4.4 0.40000000000000013
      vertex 12.74441508912858 4.331491579260158 0
      vertex 12.74441508912858 4.331491579260158 0.40000000000000013
    endloop
  endfacet
  facet normal -0.555570233019601 -0.831469612302546 0
    outer loop
      vertex 13.036396103067892 4.136396103067893 0.40000000000000013
      vertex 12.74441508912858 4.331491579260158 0.40000000000000013
      vertex 13.036396103067892 4.136396103067893 0
    endloop
  endfacet
  facet normal 0 0 1
    outer loop
      vertex 7.999999999999999 1.4 0.40000000000000013
      vertex 8.655584910871418 2.668508420739842 0.40000000000000013
      vertex 8.363603896932107 2.863603896932107 0.40000000000000013
    endloop
  endfacet
  facet normal 0 0 1
    outer loop
      vertex 7.999999999999999 1.4 0.40000000000000013
      vertex 8.363603896932107 2.863603896932107 0.40000000000000013
      vertex 8.168508420739842 3.1555849108714193 0.40000000000000013
    endloop
  endfacet
  facet normal 0 0 1
    outer loop
      vertex 7.999999999999999 1.4 0.40000000000000013
      vertex 9 2.6 0.40000000000000013
      vertex 8.655584910871418 2.668508420739842 0.40000000000000013
    endloop
  endfacet
  facet normal 0 0 1
    outer loop
      vertex 7.999999999999999 1.4 0.40000000000000013
      vertex 9.344415089128582 2.668508420739842 0.40000000000000013
      vertex 9 2.6 0.40000000000000013
    endloop
  endfacet
  facet normal 0 0 1
    outer loop
      vertex 7.999999999999999 1.4 0.40000000000000013
      vertex 9.636396103067893 2.863603896932107 0.40000000000000013
      vertex 9.344415089128582 2.668508420739842 0.40000000000000013
    endloop
  endfacet
  facet normal 0 0 1
    outer loop
      vertex 7.999999999999999 1.4 0.40000000000000013
      vertex 9.88682720163547 2.68682720163547 0.40000000000000013
      vertex 9.636396103067893 2.863603896932107 0.40000000000000013
    endloop
  endfacet
  facet normal 0 0 1
    outer loop
      vertex 7.999999999999999 1.4 0.40000000000000013
      vertex 10.259914052780147 2.4375385376120207 0.40000000000000013
      vertex 9.88682720163547 2.68682720163547 0.40000000000000013
    endloop
  endfacet
  facet normal 0 0 1
    outer loop
      vertex 7.999999999999999 1.4 0.40000000000000013
      vertex 10.7 2.35 0.40000000000000013
      vertex 10.259914052780147 2.4375385376120207 0.40000000000000013
    endloop
  endfacet
  facet normal 0 0 1
    outer loop
      vertex 7.999999999999999 1.4 0.40000000000000013
      vertex 11.140085947219852 2.4375385376120207 0.40000000000000013
      vertex 10.7 2.35 0.40000000000000013
    endloop
  endfacet
  facet normal 0 0 1
    outer loop
      vertex 7.999999999999999 1.4 0.40000000000000013
      vertex 12.055584910871417 2.668508420739842 0.40000000000000013
      vertex 11.140085947219852 2.4375385376120207 0.40000000000000013
    endloop
  endfacet
  facet normal 0 0 1
    outer loop
      vertex 7.999999999999999 1.4 0.40000000000000013
      vertex 8.168508420739842 3.1555849108714193 0.40000000000000013
      vertex 8.1 3.5 0.40000000000000013
    endloop
  endfacet
  facet normal 0 0 1
    outer loop
      vertex 7.999999999999999 1.4 0.40000000000000013
      vertex 8.1 3.5 0.40000000000000013
      vertex 7.999999999999999 5.6 0.40000000000000013
    endloop
  endfacet
  facet normal 0 0 1
    outer loop
      vertex 7.999999999999999 5.6 0.40000000000000013
      vertex 8.1 3.5 0.40000000000000013
      vertex 8.168508420739842 3.8444150891285807 0.40000000000000013
    endloop
  endfacet
  facet normal 0 0 1
    outer loop
      vertex 7.999999999999999 5.6 0.40000000000000013
      vertex 8.168508420739842 3.8444150891285807 0.40000000000000013
      vertex 8.363603896932107 4.136396103067893 0.40000000000000013
    endloop
  endfacet
  facet normal 0 0 1
    outer loop
      vertex 7.999999999999999 5.6 0.40000000000000013
      vertex 8.363603896932107 4.136396103067893 0.40000000000000013
      vertex 8.655584910871418 4.331491579260158 0.40000000000000013
    endloop
  endfacet
  facet normal 0 0 1
    outer loop
      vertex 9.636396103067893 2.863603896932107 0.40000000000000013
      vertex 9.88682720163547 2.68682720163547 0.40000000000000013
      vertex 9.70255244661209 2.962613861917231 0.40000000000000013
    endloop
  endfacet
  facet normal 0 0 1
    outer loop
      vertex 9.344415089128582 4.331491579260158 0.40000000000000013
      vertex 9.636396103067893 4.136396103067893 0.40000000000000013
      vertex 9.88682720163547 4.31317279836453 0.40000000000000013
    endloop
  endfacet
  facet normal 0 0 1
    outer loop
      vertex 9.636396103067893 4.136396103067893 0.40000000000000013
      vertex 9.70255244661209 4.037386138082769 0.40000000000000013
      vertex 9.88682720163547 4.31317279836453 0.40000000000000013
    endloop
  endfacet
  facet normal 0 0 1
    outer loop
      vertex 9.344415089128582 4.331491579260158 0.40000000000000013
      vertex 9.88682720163547 4.31317279836453 0.40000000000000013
      vertex 10.259914052780147 4.562461462387979 0.40000000000000013
    endloop
  endfacet
  facet normal 0 0 1
    outer loop
      vertex 7.999999999999999 5.6 0.40000000000000013
      vertex 8.655584910871418 4.331491579260158 0.40000000000000013
      vertex 13.399999999999999 5.6 0.40000000000000013
    endloop
  endfacet
  facet normal 0 0 1
    outer loop
      vertex 8.655584910871418 4.331491579260158 0.40000000000000013
      vertex 9 4.4 0.40000000000000013
      vertex 13.399999999999999 5.6 0.40000000000000013
    endloop
  endfacet
  facet normal 0 0 1
    outer loop
      vertex 9 4.4 0.40000000000000013
      vertex 9.344415089128582 4.331491579260158 0.40000000000000013
      vertex 13.399999999999999 5.6 0.40000000000000013
    endloop
  endfacet
  facet normal 1 0 0
    outer loop
      vertex 7.999999999999999 1.4 0.40000000000000013
      vertex 7.999999999999999 5.6 0.40000000000000013
      vertex 7.999999999999999 5.6 2.2
    endloop
  endfacet
  facet normal 0 1 0
    outer loop
      vertex 7.999999999999999 1.4 0.40000000000000013
      vertex 7.999999999999999 1.4 2.2
      vertex 13.399999999999999 1.4 0.40000000000000013
    endloop
  endfacet
  facet normal 1 0 0
    outer loop
      vertex 7.999999999999999 1.4 0.40000000000000013
      vertex 7.999999999999999 5.6 2.2
      vertex 7.999999999999999 1.4 2.2
    endloop
  endfacet
  facet normal 0 -1 0
    outer loop
      vertex 7.999999999999999 5.6 0.40000000000000013
      vertex 13.399999999999999 5.6 2.2
      vertex 7.999999999999999 5.6 2.2
    endloop
  endfacet
  facet normal 0 0 1
    outer loop
      vertex 7.999999999999999 1.4 0.40000000000000013
      vertex 13.399999999999999 1.4 0.40000000000000013
      vertex 12.055584910871417 2.668508420739842 0.40000000000000013
    endloop
  endfacet
  facet normal 0 0 1
    outer loop
      vertex 11.140085947219852 2.4375385376120207 0.40000000000000013
      vertex 12.055584910871417 2.668508420739842 0.40000000000000013
      vertex 11.51317279836453 2.68682720163547 0.40000000000000013
    endloop
  endfacet
  facet normal 0 0 1
    outer loop
      vertex 12.055584910871417 2.668508420739842 0.40000000000000013
      vertex 13.399999999999999 1.4 0.40000000000000013
      vertex 12.399999999999999 2.6 0.40000000000000013
    endloop
  endfacet
  facet normal 0 0 1
    outer loop
      vertex 12.399999999999999 2.6 0.40000000000000013
      vertex 13.399999999999999 1.4 0.40000000000000013
      vertex 12.74441508912858 2.668508420739842 0.40000000000000013
    endloop
  endfacet
  facet normal 0 0 1
    outer loop
      vertex 12.74441508912858 2.668508420739842 0.40000000000000013
      vertex 13.399999999999999 1.4 0.40000000000000013
      vertex 13.036396103067892 2.863603896932107 0.40000000000000013
    endloop
  endfacet
  facet normal 0 0 1
    outer loop
      vertex 13.036396103067892 2.863603896932107 0.40000000000000013
      vertex 13.399999999999999 1.4 0.40000000000000013
      vertex 13.231491579260156 3.1555849108714193 0.40000000000000013
    endloop
  endfacet
  facet normal 0 0 1
    outer loop
      vertex 11.51317279836453 2.68682720163547 0.40000000000000013
      vertex 11.763603896932105 2.863603896932107 0.40000000000000013
      vertex 11.697447553387908 2.962613861917231 0.40000000000000013
    endloop
  endfacet
  facet normal 0 0 1
    outer loop
      vertex 11.51317279836453 2.68682720163547 0.40000000000000013
      vertex 12.055584910871417 2.668508420739842 0.40000000000000013
      vertex 11.763603896932105 2.863603896932107 0.40000000000000013
    endloop
  endfacet
  facet normal 0 0 1
    outer loop
      vertex 9.344415089128582 4.331491579260158 0.40000000000000013
      vertex 10.259914052780147 4.562461462387979 0.40000000000000013
      vertex 13.399999999999999 5.6 0.40000000000000013
    endloop
  endfacet
  facet normal 0 0 1
    outer loop
      vertex 11.697447553387908 4.037386138082769 0.40000000000000013
      vertex 11.763603896932105 4.136396103067893 0.40000000000000013
      vertex 11.51317279836453 4.31317279836453 0.40000000000000013
    endloop
  endfacet
  facet normal 0 0 1
    outer loop
      vertex 10.259914052780147 4.562461462387979 0.40000000000000013
      vertex 10.7 4.65 0.40000000000000013
      vertex 13.399999999999999 5.6 0.40000000000000013
    endloop
  endfacet
  facet normal 0 0 1
    outer loop
      vertex 10.7 4.65 0.40000000000000013
      vertex 11.140085947219852 4.562461462387979 0.40000000000000013
      vertex 13.399999999999999 5.6 0.40000000000000013
    endloop
  endfacet
  facet normal 0 0 1
    outer loop
      vertex 11.51317279836453 4.31317279836453 0.40000000000000013
      vertex 13.399999999999999 5.6 0.40000000000000013
      vertex 11.140085947219852 4.562461462387979 0.40000000000000013
    endloop
  endfacet
  facet normal 0 0 1
    outer loop
      vertex 13.231491579260156 3.1555849108714193 0.40000000000000013
      vertex 13.399999999999999 1.4 0.40000000000000013
      vertex 13.299999999999999 3.5 0.40000000000000013
    endloop
  endfacet
  facet normal 0 0 1
    outer loop
      vertex 13.299999999999999 3.5 0.40000000000000013
      vertex 13.399999999999999 1.4 0.40000000000000013
      vertex 13.399999999999999 5.6 0.40000000000000013
    endloop
  endfacet
  facet normal 0 0 1
    outer loop
      vertex 11.51317279836453 4.31317279836453 0.40000000000000013
      vertex 11.763603896932105 4.136396103067893 0.40000000000000013
      vertex 13.399999999999999 5.6 0.40000000000000013
    endloop
  endfacet
  facet normal 0 0 1
    outer loop
      vertex 11.763603896932105 4.136396103067893 0.40000000000000013
      vertex 12.055584910871417 4.331491579260158 0.40000000000000013
      vertex 13.399999999999999 5.6 0.40000000000000013
    endloop
  endfacet
  facet normal 0 0 1
    outer loop
      vertex 12.055584910871417 4.331491579260158 0.40000000000000013
      vertex 12.399999999999999 4.4 0.40000000000000013
      vertex 13.399999999999999 5.6 0.40000000000000013
    endloop
  endfacet
  facet normal 0 0 1
    outer loop
      vertex 13.299999999999999 3.5 0.40000000000000013
      vertex 13.399999999999999 5.6 0.40000000000000013
      vertex 13.231491579260156 3.8444150891285807 0.40000000000000013
    endloop
  endfacet
  facet normal 0 0 1
    outer loop
      vertex 13.036396103067892 4.136396103067893 0.40000000000000013
      vertex 13.231491579260156 3.8444150891285807 0.40000000000000013
      vertex 13.399999999999999 5.6 0.40000000000000013
    endloop
  endfacet
  facet normal 0 0 1
    outer loop
      vertex 12.399999999999999 4.4 0.40000000000000013
      vertex 12.74441508912858 4.331491579260158 0.40000000000000013
      vertex 13.399999999999999 5.6 0.40000000000000013
    endloop
  endfacet
  facet normal 0 0 1
    outer loop
      vertex 13.036396103067892 4.136396103067893 0.40000000000000013
      vertex 13.399999999999999 5.6 0.40000000000000013
      vertex 12.74441508912858 4.331491579260158 0.40000000000000013
    endloop
  endfacet
  facet normal -1 0 0
    outer loop
      vertex 13.399999999999999 1.4 0.40000000000000013
      vertex 13.399999999999999 1.4 2.2
      vertex 13.399999999999999 5.6 0.40000000000000013
    endloop
  endfacet
  facet normal 0 -1 0
    outer loop
      vertex 7.999999999999999 5.6 0.40000000000000013
      vertex 13.399999999999999 5.6 0.40000000000000013
      vertex 13.399999999999999 5.6 2.2
    endloop
  endfacet
  facet normal 0 1 0
    outer loop
      vertex 13.399999999999999 1.4 0.40000000000000013
      vertex 7.999999999999999 1.4 2.2
      vertex 13.399999999999999 1.4 2.2
    endloop
  endfacet
  facet normal -1 0 0
    outer loop
      vertex 13.399999999999999 5.6 0.40000000000000013
      vertex 13.399999999999999 1.4 2.2
      vertex 13.399999999999999 5.6 2.2
    endloop
  endfacet
  facet normal 0.5555702330196016 0.8314696123025458 0
    outer loop
      vertex 4.855584910871419 6.468508420739842 0.40000000000000013
      vertex 4.855584910871419 6.468508420739842 0
      vertex 4.563603896932106 6.663603896932107 0
    endloop
  endfacet
  facet normal 0.19509032201613005 0.9807852804032302 0
    outer loop
      vertex 5.199999999999999 6.3999999999999995 0.40000000000000013
      vertex 5.199999999999999 6.3999999999999995 0
      vertex 4.855584910871419 6.468508420739842 0
    endloop
  endfacet
  facet normal 0.5555702330196016 0.8314696123025458 0
    outer loop
      vertex 4.563603896932106 6.663603896932107 0.40000000000000013
      vertex 4.855584910871419 6.468508420739842 0.40000000000000013
      vertex 4.563603896932106 6.663603896932107 0
    endloop
  endfacet
  facet normal 0.19509032201613005 0.9807852804032302 0
    outer loop
      vertex 4.855584910871419 6.468508420739842 0.40000000000000013
      vertex 5.199999999999999 6.3999999999999995 0.40000000000000013
      vertex 4.855584910871419 6.468508420739842 0
    endloop
  endfacet
  facet normal -0.19509032201613005 0.9807852804032302 0
    outer loop
      vertex 5.199999999999999 6.3999999999999995 0.40000000000000013
      vertex 5.54441508912858 6.468508420739842 0.40000000000000013
      vertex 5.199999999999999 6.3999999999999995 0
    endloop
  endfacet
  facet normal 0.9807852804032302 0.19509032201613005 0
    outer loop
      vertex 4.3685084207398415 6.955584910871419 0.40000000000000013
      vertex 4.3685084207398415 6.955584910871419 0
      vertex 4.299999999999999 7.3 0
    endloop
  endfacet
  facet normal 0.831469612302546 0.555570233019601 0
    outer loop
      vertex 4.563603896932106 6.663603896932107 0.40000000000000013
      vertex 4.563603896932106 6.663603896932107 0
      vertex 4.3685084207398415 6.955584910871419 0
    endloop
  endfacet
  facet normal 0.9807852804032302 -0.19509032201613005 0
    outer loop
      vertex 4.299999999999999 7.3 0.40000000000000013
      vertex 4.299999999999999 7.3 0
      vertex 4.3685084207398415 7.6444150891285805 0
    endloop
  endfacet
  facet normal 0.831469612302546 -0.555570233019601 0
    outer loop
      vertex 4.3685084207398415 7.6444150891285805 0.40000000000000013
      vertex 4.3685084207398415 7.6444150891285805 0
      vertex 4.563603896932106 7.936396103067892 0
    endloop
  endfacet
  facet normal 0.5555702330196037 -0.8314696123025442 0
    outer loop
      vertex 4.563603896932106 7.936396103067892 0.40000000000000013
      vertex 4.563603896932106 7.936396103067892 0
      vertex 4.662613861917231 8.002552446612091 0
    endloop
  endfacet
  facet normal 0.9807852804032302 0.19509032201613005 0
    outer loop
      vertex 4.299999999999999 7.3 0.40000000000000013
      vertex 4.3685084207398415 6.955584910871419 0.40000000000000013
      vertex 4.299999999999999 7.3 0
    endloop
  endfacet
  facet normal 0.831469612302546 0.555570233019601 1.3367261624517197e-17
    outer loop
      vertex 4.563603896932106 6.663603896932107 0.40000000000000013
      vertex 4.3685084207398415 6.955584910871419 0
      vertex 4.3685084207398415 6.955584910871419 0.40000000000000013
    endloop
  endfacet
  facet normal 0.9807852804032302 -0.19509032201613005 -9.721489074908961e-18
    outer loop
      vertex 4.299999999999999 7.3 0.40000000000000013
      vertex 4.3685084207398415 7.6444150891285805 0
      vertex 4.3685084207398415 7.6444150891285805 0.40000000000000013
    endloop
  endfacet
  facet normal 0.831469612302546 -0.555570233019601 -1.3367261624517197e-17
    outer loop
      vertex 4.3685084207398415 7.6444150891285805 0.40000000000000013
      vertex 4.563603896932106 7.936396103067892 0
      vertex 4.563603896932106 7.936396103067892 0.40000000000000013
    endloop
  endfacet
  facet normal 0.5555702330196037 -0.8314696123025442 -3.58801622509185e-18
    outer loop
      vertex 4.563603896932106 7.936396103067892 0.40000000000000013
      vertex 4.662613861917231 8.002552446612091 0
      vertex 4.662613861917231 8.002552446612091 0.40000000000000013
    endloop
  endfacet
  facet normal -0.19509032201613005 0.9807852804032302 0
    outer loop
      vertex 5.54441508912858 6.468508420739842 0.40000000000000013
      vertex 5.54441508912858 6.468508420739842 0
      vertex 5.199999999999999 6.3999999999999995 0
    endloop
  endfacet
  facet normal -0.5555702330196016 0.8314696123025458 0
    outer loop
      vertex 5.836396103067893 6.663603896932107 0.40000000000000013
      vertex 5.836396103067893 6.663603896932107 0
      vertex 5.54441508912858 6.468508420739842 0
    endloop
  endfacet
  facet normal -0.5555702330196016 0.8314696123025458 0
    outer loop
      vertex 5.54441508912858 6.468508420739842 0.40000000000000013
      vertex 5.836396103067893 6.663603896932107 0.40000000000000013
      vertex 5.54441508912858 6.468508420739842 0
    endloop
  endfacet
  facet normal -0.831469612302546 0.555570233019601 0
    outer loop
      vertex 6.031491579260157 6.955584910871419 0.40000000000000013
      vertex 6.031491579260157 6.955584910871419 0
      vertex 5.836396103067893 6.663603896932107 0
    endloop
  endfacet
  facet normal -0.5555702330196037 -0.8314696123025442 0
    outer loop
      vertex 5.737386138082767 8.002552446612091 0.40000000000000013
      vertex 5.737386138082767 8.002552446612091 0
      vertex 5.836396103067893 7.936396103067892 0
    endloop
  endfacet
  facet normal -0.831469612302546 -0.555570233019601 0
    outer loop
      vertex 5.836396103067893 7.936396103067892 0.40000000000000013
      vertex 5.836396103067893 7.936396103067892 0
      vertex 6.031491579260157 7.6444150891285805 0
    endloop
  endfacet
  facet normal -0.9807852804032302 0.19509032201613005 0
    outer loop
      vertex 6.1 7.3 0.40000000000000013
      vertex 6.1 7.3 0
      vertex 6.031491579260157 6.955584910871419 0
    endloop
  endfacet
  facet normal -0.9807852804032302 -0.19509032201613005 0
    outer loop
      vertex 6.031491579260157 7.6444150891285805 0.40000000000000013
      vertex 6.031491579260157 7.6444150891285805 0
      vertex 6.1 7.3 0
    endloop
  endfacet
  facet normal -0.831469612302546 0.555570233019601 0
    outer loop
      vertex 5.836396103067893 6.663603896932107 0.40000000000000013
      vertex 6.031491579260157 6.955584910871419 0.40000000000000013
      vertex 5.836396103067893 6.663603896932107 0
    endloop
  endfacet
  facet normal -0.5555702330196037 -0.8314696123025442 3.58801622509185e-18
    outer loop
      vertex 5.737386138082767 8.002552446612091 0.40000000000000013
      vertex 5.836396103067893 7.936396103067892 0
      vertex 5.836396103067893 7.936396103067892 0.40000000000000013
    endloop
  endfacet
  facet normal -0.831469612302546 -0.555570233019601 1.3367261624517197e-17
    outer loop
      vertex 5.836396103067893 7.936396103067892 0.40000000000000013
      vertex 6.031491579260157 7.6444150891285805 0
      vertex 6.031491579260157 7.6444150891285805 0.40000000000000013
    endloop
  endfacet
  facet normal -0.9807852804032302 0.19509032201613005 0
    outer loop
      vertex 6.031491579260157 6.955584910871419 0.40000000000000013
      vertex 6.1 7.3 0.40000000000000013
      vertex 6.031491579260157 6.955584910871419 0
    endloop
  endfacet
  facet normal -0.9807852804032302 -0.19509032201613005 0
    outer loop
      vertex 6.1 7.3 0.40000000000000013
      vertex 6.031491579260157 7.6444150891285805 0.40000000000000013
      vertex 6.1 7.3 0
    endloop
  endfacet
  facet normal 0.555570233019597 0.8314696123025488 0
    outer loop
      vertex 4.66261386191723 9.997447553387909 0.40000000000000013
      vertex 4.66261386191723 9.997447553387909 0
      vertex 4.563603896932106 10.063603896932106 0
    endloop
  endfacet
  facet normal 0.9807852804032302 0.19509032201612952 0
    outer loop
      vertex 4.3685084207398415 10.355584910871418 0.40000000000000013
      vertex 4.3685084207398415 10.355584910871418 0
      vertex 4.299999999999999 10.7 0
    endloop
  endfacet
  facet normal 0.831469612302546 0.555570233019601 0
    outer loop
      vertex 4.563603896932106 10.063603896932106 0.40000000000000013
      vertex 4.563603896932106 10.063603896932106 0
      vertex 4.3685084207398415 10.355584910871418 0
    endloop
  endfacet
  facet normal 0.9807852804032302 0.19509032201612952 -3.570806246147146e-18
    outer loop
      vertex 4.3685084207398415 10.355584910871418 0.40000000000000013
      vertex 4.299999999999999 10.7 0
      vertex 4.299999999999999 10.7 0.40000000000000013
    endloop
  endfacet
  facet normal 0.831469612302546 0.555570233019601 1.3367261624517197e-17
    outer loop
      vertex 4.563603896932106 10.063603896932106 0.40000000000000013
      vertex 4.3685084207398415 10.355584910871418 0
      vertex 4.3685084207398415 10.355584910871418 0.40000000000000013
    endloop
  endfacet
  facet normal 0.555570233019597 0.8314696123025488 0
    outer loop
      vertex 4.563603896932106 10.063603896932106 0.40000000000000013
      vertex 4.66261386191723 9.997447553387909 0.40000000000000013
      vertex 4.563603896932106 10.063603896932106 0
    endloop
  endfacet
  facet normal -0.555570233019597 0.8314696123025488 0
    outer loop
      vertex 5.836396103067893 10.063603896932106 0.40000000000000013
      vertex 5.836396103067893 10.063603896932106 0
      vertex 5.737386138082768 9.997447553387909 0
    endloop
  endfacet
  facet normal -0.831469612302546 0.555570233019601 0
    outer loop
      vertex 6.031491579260157 10.355584910871418 0.40000000000000013
      vertex 6.031491579260157 10.355584910871418 0
      vertex 5.836396103067893 10.063603896932106 0
    endloop
  endfacet
  facet normal -0.9807852804032302 0.19509032201612952 0
    outer loop
      vertex 6.1 10.7 0.40000000000000013
      vertex 6.1 10.7 0
      vertex 6.031491579260157 10.355584910871418 0
    endloop
  endfacet
  facet normal -0.555570233019597 0.8314696123025488 0
    outer loop
      vertex 5.737386138082768 9.997447553387909 0.40000000000000013
      vertex 5.836396103067893 10.063603896932106 0.40000000000000013
      vertex 5.737386138082768 9.997447553387909 0
    endloop
  endfacet
  facet normal -0.831469612302546 0.555570233019601 0
    outer loop
      vertex 5.836396103067893 10.063603896932106 0.40000000000000013
      vertex 6.031491579260157 10.355584910871418 0.40000000000000013
      vertex 5.836396103067893 10.063603896932106 0
    endloop
  endfacet
  facet normal -0.9807852804032302 0.19509032201612952 0
    outer loop
      vertex 6.031491579260157 10.355584910871418 0.40000000000000013
      vertex 6.1 10.7 0.40000000000000013
      vertex 6.031491579260157 10.355584910871418 0
    endloop
  endfacet
  facet normal 0.9807852804032302 -0.19509032201612952 0
    outer loop
      vertex 4.299999999999999 10.7 0.40000000000000013
      vertex 4.299999999999999 10.7 0
      vertex 4.3685084207398415 11.04441508912858 0
    endloop
  endfacet
  facet normal 0.831469612302546 -0.555570233019601 0
    outer loop
      vertex 4.3685084207398415 11.04441508912858 0.40000000000000013
      vertex 4.3685084207398415 11.04441508912858 0
      vertex 4.563603896932106 11.336396103067893 0
    endloop
  endfacet
  facet normal 0.5555702330195998 -0.8314696123025469 0
    outer loop
      vertex 4.563603896932106 11.336396103067893 0.40000000000000013
      vertex 4.563603896932106 11.336396103067893 0
      vertex 4.855584910871419 11.531491579260157 0
    endloop
  endfacet
  facet normal 0.19509032201613005 -0.9807852804032302 0
    outer loop
      vertex 4.855584910871419 11.531491579260157 0.40000000000000013
      vertex 4.855584910871419 11.531491579260157 0
      vertex 5.199999999999999 11.6 0
    endloop
  endfacet
  facet normal -0.19509032201613005 -0.9807852804032302 0
    outer loop
      vertex 5.199999999999999 11.6 0.40000000000000013
      vertex 5.199999999999999 11.6 0
      vertex 5.54441508912858 11.531491579260157 0
    endloop
  endfacet
  facet normal 0.9807852804032302 -0.19509032201612952 3.570806246147146e-18
    outer loop
      vertex 4.299999999999999 10.7 0.40000000000000013
      vertex 4.3685084207398415 11.04441508912858 0
      vertex 4.3685084207398415 11.04441508912858 0.40000000000000013
    endloop
  endfacet
  facet normal 0.831469612302546 -0.555570233019601 -1.3367261624517197e-17
    outer loop
      vertex 4.3685084207398415 11.04441508912858 0.40000000000000013
      vertex 4.563603896932106 11.336396103067893 0
      vertex 4.563603896932106 11.336396103067893 0.40000000000000013
    endloop
  endfacet
  facet normal 0.5555702330195998 -0.8314696123025469 -1.4739531007515095e-17
    outer loop
      vertex 4.563603896932106 11.336396103067893 0.40000000000000013
      vertex 4.855584910871419 11.531491579260157 0
      vertex 4.855584910871419 11.531491579260157 0.40000000000000013
    endloop
  endfacet
  facet normal 0.19509032201613005 -0.9807852804032302 -9.721489074908961e-18
    outer loop
      vertex 4.855584910871419 11.531491579260157 0.40000000000000013
      vertex 5.199999999999999 11.6 0
      vertex 5.199999999999999 11.6 0.40000000000000013
    endloop
  endfacet
  facet normal -0.831469612302546 -0.555570233019601 0
    outer loop
      vertex 5.836396103067893 11.336396103067893 0.40000000000000013
      vertex 5.836396103067893 11.336396103067893 0
      vertex 6.031491579260157 11.04441508912858 0
    endloop
  endfacet
  facet normal -0.5555702330195998 -0.8314696123025469 0
    outer loop
      vertex 5.54441508912858 11.531491579260157 0.40000000000000013
      vertex 5.54441508912858 11.531491579260157 0
      vertex 5.836396103067893 11.336396103067893 0
    endloop
  endfacet
  facet normal -0.9807852804032302 -0.19509032201612952 0
    outer loop
      vertex 6.031491579260157 11.04441508912858 0.40000000000000013
      vertex 6.031491579260157 11.04441508912858 0
      vertex 6.1 10.7 0
    endloop
  endfacet
  facet normal -0.831469612302546 -0.555570233019601 1.3367261624517197e-17
    outer loop
      vertex 5.836396103067893 11.336396103067893 0.40000000000000013
      vertex 6.031491579260157 11.04441508912858 0
      vertex 6.031491579260157 11.04441508912858 0.40000000000000013
    endloop
  endfacet
  facet normal -0.19509032201613005 -0.9807852804032302 9.721489074908961e-18
    outer loop
      vertex 5.199999999999999 11.6 0.40000000000000013
      vertex 5.54441508912858 11.531491579260157 0
      vertex 5.54441508912858 11.531491579260157 0.40000000000000013
    endloop
  endfacet
  facet normal -0.5555702330195998 -0.8314696123025469 1.4739531007515095e-17
    outer loop
      vertex 5.54441508912858 11.531491579260157 0.40000000000000013
      vertex 5.836396103067893 11.336396103067893 0
      vertex 5.836396103067893 11.336396103067893 0.40000000000000013
    endloop
  endfacet
  facet normal -0.9807852804032302 -0.19509032201612952 0
    outer loop
      vertex 6.1 10.7 0.40000000000000013
      vertex 6.031491579260157 11.04441508912858 0.40000000000000013
      vertex 6.1 10.7 0
    endloop
  endfacet
  facet normal 0 0 1
    outer loop
      vertex 3.099999999999999 6.3 0.40000000000000013
      vertex 4.563603896932106 6.663603896932107 0.40000000000000013
      vertex 4.3685084207398415 6.955584910871419 0.40000000000000013
    endloop
  endfacet
  facet normal 0 0 1
    outer loop
      vertex 3.099999999999999 6.3 0.40000000000000013
      vertex 4.3685084207398415 6.955584910871419 0.40000000000000013
      vertex 4.299999999999999 7.3 0.40000000000000013
    endloop
  endfacet
  facet normal 0 0 1
    outer loop
      vertex 3.099999999999999 6.3 0.40000000000000013
      vertex 4.299999999999999 7.3 0.40000000000000013
      vertex 4.3685084207398415 7.6444150891285805 0.40000000000000013
    endloop
  endfacet
  facet normal 0 0 1
    outer loop
      vertex 3.099999999999999 6.3 0.40000000000000013
      vertex 4.3685084207398415 7.6444150891285805 0.40000000000000013
      vertex 4.563603896932106 7.936396103067892 0.40000000000000013
    endloop
  endfacet
  facet normal 0 0 1
    outer loop
      vertex 3.099999999999999 6.3 0.40000000000000013
      vertex 4.3868272016354695 8.18682720163547 0.40000000000000013
      vertex 4.13753853761202 8.559914052780147 0.40000000000000013
    endloop
  endfacet
  facet normal 0 0 1
    outer loop
      vertex 3.099999999999999 6.3 0.40000000000000013
      vertex 4.13753853761202 8.559914052780147 0.40000000000000013
      vertex 4.049999999999999 9 0.40000000000000013
    endloop
  endfacet
  facet normal 0 0 1
    outer loop
      vertex 3.099999999999999 6.3 0.40000000000000013
      vertex 4.855584910871419 6.468508420739842 0.40000000000000013
      vertex 4.563603896932106 6.663603896932107 0.40000000000000013
    endloop
  endfacet
  facet normal 0 0 1
    outer loop
      vertex 3.099999999999999 6.3 0.40000000000000013
      vertex 5.199999999999999 6.3999999999999995 0.40000000000000013
      vertex 4.855584910871419 6.468508420739842 0.40000000000000013
    endloop
  endfacet
  facet normal 0 0 1
    outer loop
      vertex 3.099999999999999 6.3 0.40000000000000013
      vertex 7.299999999999999 6.3 0.40000000000000013
      vertex 5.199999999999999 6.3999999999999995 0.40000000000000013
    endloop
  endfacet
  facet normal 0 0 1
    outer loop
      vertex 3.099999999999999 6.3 0.40000000000000013
      vertex 4.563603896932106 7.936396103067892 0.40000000000000013
      vertex 4.3868272016354695 8.18682720163547 0.40000000000000013
    endloop
  endfacet
  facet normal 0 0 1
    outer loop
      vertex 3.099999999999999 6.3 0.40000000000000013
      vertex 4.049999999999999 9 0.40000000000000013
      vertex 4.13753853761202 9.440085947219853 0.40000000000000013
    endloop
  endfacet
  facet normal 0 0 1
    outer loop
      vertex 3.099999999999999 6.3 0.40000000000000013
      vertex 4.13753853761202 9.440085947219853 0.40000000000000013
      vertex 4.3685084207398415 10.355584910871418 0.40000000000000013
    endloop
  endfacet
  facet normal 0 0 1
    outer loop
      vertex 3.099999999999999 6.3 0.40000000000000013
      vertex 4.3685084207398415 10.355584910871418 0.40000000000000013
      vertex 4.299999999999999 10.7 0.40000000000000013
    endloop
  endfacet
  facet normal 0 0 1
    outer loop
      vertex 3.099999999999999 6.3 0.40000000000000013
      vertex 4.299999999999999 10.7 0.40000000000000013
      vertex 3.099999999999999 11.7 0.40000000000000013
    endloop
  endfacet
  facet normal 0 0 1
    outer loop
      vertex 4.3868272016354695 8.18682720163547 0.40000000000000013
      vertex 4.563603896932106 7.936396103067892 0.40000000000000013
      vertex 4.662613861917231 8.002552446612091 0.40000000000000013
    endloop
  endfacet
  facet normal 0 0 1
    outer loop
      vertex 4.13753853761202 9.440085947219853 0.40000000000000013
      vertex 4.3868272016354695 9.81317279836453 0.40000000000000013
      vertex 4.3685084207398415 10.355584910871418 0.40000000000000013
    endloop
  endfacet
  facet normal 0 0 1
    outer loop
      vertex 4.3868272016354695 9.81317279836453 0.40000000000000013
      vertex 4.66261386191723 9.997447553387909 0.40000000000000013
      vertex 4.563603896932106 10.063603896932106 0.40000000000000013
    endloop
  endfacet
  facet normal 0 0 1
    outer loop
      vertex 4.3868272016354695 9.81317279836453 0.40000000000000013
      vertex 4.563603896932106 10.063603896932106 0.40000000000000013
      vertex 4.3685084207398415 10.355584910871418 0.40000000000000013
    endloop
  endfacet
  facet normal 0 1 0
    outer loop
      vertex 3.099999999999999 6.3 0.40000000000000013
      vertex 3.099999999999999 6.3 2.2
      vertex 7.299999999999999 6.3 0.40000000000000013
    endloop
  endfacet
  facet normal 1 0 0
    outer loop
      vertex 3.099999999999999 6.3 0.40000000000000013
      vertex 3.099999999999999 11.7 0.40000000000000013
      vertex 3.099999999999999 11.7 2.2
    endloop
  endfacet
  facet normal 0 0 1
    outer loop
      vertex 5.199999999999999 6.3999999999999995 0.40000000000000013
      vertex 7.299999999999999 6.3 0.40000000000000013
      vertex 5.54441508912858 6.468508420739842 0.40000000000000013
    endloop
  endfacet
  facet normal 0 0 1
    outer loop
      vertex 5.54441508912858 6.468508420739842 0.40000000000000013
      vertex 7.299999999999999 6.3 0.40000000000000013
      vertex 5.836396103067893 6.663603896932107 0.40000000000000013
    endloop
  endfacet
  facet normal 0 0 1
    outer loop
      vertex 5.836396103067893 6.663603896932107 0.40000000000000013
      vertex 7.299999999999999 6.3 0.40000000000000013
      vertex 6.031491579260157 6.955584910871419 0.40000000000000013
    endloop
  endfacet
  facet normal 0 0 1
    outer loop
      vertex 5.836396103067893 7.936396103067892 0.40000000000000013
      vertex 6.031491579260157 7.6444150891285805 0.40000000000000013
      vertex 6.013172798364529 8.18682720163547 0.40000000000000013
    endloop
  endfacet
  facet normal 0 0 1
    outer loop
      vertex 6.031491579260157 6.955584910871419 0.40000000000000013
      vertex 7.299999999999999 6.3 0.40000000000000013
      vertex 6.1 7.3 0.40000000000000013
    endloop
  endfacet
  facet normal 0 0 1
    outer loop
      vertex 5.737386138082767 8.002552446612091 0.40000000000000013
      vertex 5.836396103067893 7.936396103067892 0.40000000000000013
      vertex 6.013172798364529 8.18682720163547 0.40000000000000013
    endloop
  endfacet
  facet normal 0 0 1
    outer loop
      vertex 6.013172798364529 8.18682720163547 0.40000000000000013
      vertex 6.031491579260157 7.6444150891285805 0.40000000000000013
      vertex 6.262461462387979 8.559914052780147 0.40000000000000013
    endloop
  endfacet
  facet normal 0 0 1
    outer loop
      vertex 6.1 7.3 0.40000000000000013
      vertex 7.299999999999999 11.7 0.40000000000000013
      vertex 6.031491579260157 7.6444150891285805 0.40000000000000013
    endloop
  endfacet
  facet normal 0 0 1
    outer loop
      vertex 6.031491579260157 7.6444150891285805 0.40000000000000013
      vertex 7.299999999999999 11.7 0.40000000000000013
      vertex 6.262461462387979 8.559914052780147 0.40000000000000013
    endloop
  endfacet
  facet normal 0 0 1
    outer loop
      vertex 5.737386138082768 9.997447553387909 0.40000000000000013
      vertex 6.013172798364529 9.81317279836453 0.40000000000000013
      vertex 5.836396103067893 10.063603896932106 0.40000000000000013
    endloop
  endfacet
  facet normal 0 0 1
    outer loop
      vertex 6.262461462387979 8.559914052780147 0.40000000000000013
      vertex 7.299999999999999 11.7 0.40000000000000013
      vertex 6.35 9 0.40000000000000013
    endloop
  endfacet
  facet normal 0 0 1
    outer loop
      vertex 6.35 9 0.40000000000000013
      vertex 7.299999999999999 11.7 0.40000000000000013
      vertex 6.262461462387979 9.440085947219853 0.40000000000000013
    endloop
  endfacet
  facet normal 0 0 1
    outer loop
      vertex 6.262461462387979 9.440085947219853 0.40000000000000013
      vertex 7.299999999999999 11.7 0.40000000000000013
      vertex 6.013172798364529 9.81317279836453 0.40000000000000013
    endloop
  endfacet
  facet normal 0 0 1
    outer loop
      vertex 5.836396103067893 10.063603896932106 0.40000000000000013
      vertex 6.013172798364529 9.81317279836453 0.40000000000000013
      vertex 7.299999999999999 11.7 0.40000000000000013
    endloop
  endfacet
  facet normal 0 0 1
    outer loop
      vertex 6.1 7.3 0.40000000000000013
      vertex 7.299999999999999 6.3 0.40000000000000013
      vertex 7.299999999999999 11.7 0.40000000000000013
    endloop
  endfacet
  facet normal -1 0 0
    outer loop
      vertex 7.299999999999999 6.3 0.40000000000000013
      vertex 7.299999999999999 6.3 2.2
      vertex 7.299999999999999 11.7 0.40000000000000013
    endloop
  endfacet
  facet normal 1 0 0
    outer loop
      vertex 3.099999999999999 6.3 0.40000000000000013
      vertex 3.099999999999999 11.7 2.2
      vertex 3.099999999999999 6.3 2.2
    endloop
  endfacet
  facet normal 0 1 0
    outer loop
      vertex 7.299999999999999 6.3 0.40000000000000013
      vertex 3.099999999999999 6.3 2.2
      vertex 7.299999999999999 6.3 2.2
    endloop
  endfacet
  facet normal -1 0 0
    outer loop
      vertex 7.299999999999999 11.7 0.40000000000000013
      vertex 7.299999999999999 6.3 2.2
      vertex 7.299999999999999 11.7 2.2
    endloop
  endfacet
  facet normal 0 0 1
    outer loop
      vertex 3.099999999999999 11.7 0.40000000000000013
      vertex 4.299999999999999 10.7 0.40000000000000013
      vertex 4.3685084207398415 11.04441508912858 0.40000000000000013
    endloop
  endfacet
  facet normal 0 0 1
    outer loop
      vertex 3.099999999999999 11.7 0.40000000000000013
      vertex 4.3685084207398415 11.04441508912858 0.40000000000000013
      vertex 4.563603896932106 11.336396103067893 0.40000000000000013
    endloop
  endfacet
  facet normal 0 0 1
    outer loop
      vertex 3.099999999999999 11.7 0.40000000000000013
      vertex 4.563603896932106 11.336396103067893 0.40000000000000013
      vertex 4.855584910871419 11.531491579260157 0.40000000000000013
    endloop
  endfacet
  facet normal 0 0 1
    outer loop
      vertex 3.099999999999999 11.7 0.40000000000000013
      vertex 4.855584910871419 11.531491579260157 0.40000000000000013
      vertex 5.199999999999999 11.6 0.40000000000000013
    endloop
  endfacet
  facet normal 0 0 1
    outer loop
      vertex 3.099999999999999 11.7 0.40000000000000013
      vertex 5.199999999999999 11.6 0.40000000000000013
      vertex 7.299999999999999 11.7 0.40000000000000013
    endloop
  endfacet
  facet normal 0 0 1
    outer loop
      vertex 5.199999999999999 11.6 0.40000000000000013
      vertex 5.54441508912858 11.531491579260157 0.40000000000000013
      vertex 7.299999999999999 11.7 0.40000000000000013
    endloop
  endfacet
  facet normal 0 0 1
    outer loop
      vertex 5.836396103067893 10.063603896932106 0.40000000000000013
      vertex 7.299999999999999 11.7 0.40000000000000013
      vertex 6.031491579260157 10.355584910871418 0.40000000000000013
    endloop
  endfacet
  facet normal 0 0 1
    outer loop
      vertex 6.031491579260157 10.355584910871418 0.40000000000000013
      vertex 7.299999999999999 11.7 0.40000000000000013
      vertex 6.1 10.7 0.40000000000000013
    endloop
  endfacet
  facet normal 0 0 1
    outer loop
      vertex 6.1 10.7 0.40000000000000013
      vertex 7.299999999999999 11.7 0.40000000000000013
      vertex 6.031491579260157 11.04441508912858 0.40000000000000013
    endloop
  endfacet
  facet normal 0 0 1
    outer loop
      vertex 5.836396103067893 11.336396103067893 0.40000000000000013
      vertex 6.031491579260157 11.04441508912858 0.40000000000000013
      vertex 7.299999999999999 11.7 0.40000000000000013
    endloop
  endfacet
  facet normal 0 0 1
    outer loop
      vertex 5.54441508912858 11.531491579260157 0.40000000000000013
      vertex 5.836396103067893 11.336396103067893 0.40000000000000013
      vertex 7.299999999999999 11.7 0.40000000000000013
    endloop
  endfacet
  facet normal 0 -1 0
    outer loop
      vertex 3.099999999999999 11.7 0.40000000000000013
      vertex 7.299999999999999 11.7 0.40000000000000013
      vertex 7.299999999999999 11.7 2.2
    endloop
  endfacet
  facet normal 0 -1 0
    outer loop
      vertex 3.099999999999999 11.7 0.40000000000000013
      vertex 7.299999999999999 11.7 2.2
      vertex 3.099999999999999 11.7 2.2
    endloop
  endfacet
  facet normal 0.5555702330196028 0.831469612302545 0
    outer loop
      vertex 15.855584910871418 6.468508420739842 0.40000000000000013
      vertex 15.855584910871418 6.468508420739842 0
      vertex 15.563603896932106 6.663603896932107 0
    endloop
  endfacet
  facet normal 0.5555702330196028 0.831469612302545 0
    outer loop
      vertex 15.563603896932106 6.663603896932107 0.40000000000000013
      vertex 15.855584910871418 6.468508420739842 0.40000000000000013
      vertex 15.563603896932106 6.663603896932107 0
    endloop
  endfacet
  facet normal 0.19509032201612952 0.9807852804032302 0
    outer loop
      vertex 15.855584910871418 6.468508420739842 0.40000000000000013
      vertex 16.2 6.3999999999999995 0.40000000000000013
      vertex 15.855584910871418 6.468508420739842 0
    endloop
  endfacet
  facet normal 0.9807852804032302 0.19509032201613005 0
    outer loop
      vertex 15.368508420739841 6.955584910871419 0.40000000000000013
      vertex 15.368508420739841 6.955584910871419 0
      vertex 15.299999999999999 7.3 0
    endloop
  endfacet
  facet normal 0.9807852804032302 -0.19509032201613005 0
    outer loop
      vertex 15.299999999999999 7.3 0.40000000000000013
      vertex 15.299999999999999 7.3 0
      vertex 15.368508420739841 7.6444150891285805 0
    endloop
  endfacet
  facet normal 0.831469612302546 0.555570233019601 0
    outer loop
      vertex 15.563603896932106 6.663603896932107 0.40000000000000013
      vertex 15.563603896932106 6.663603896932107 0
      vertex 15.368508420739841 6.955584910871419 0
    endloop
  endfacet
  facet normal 0.831469612302546 -0.555570233019601 0
    outer loop
      vertex 15.368508420739841 7.6444150891285805 0.40000000000000013
      vertex 15.368508420739841 7.6444150891285805 0
      vertex 15.563603896932106 7.936396103067892 0
    endloop
  endfacet
  facet normal 0.5555702330196037 -0.8314696123025442 0
    outer loop
      vertex 15.563603896932106 7.936396103067892 0.40000000000000013
      vertex 15.563603896932106 7.936396103067892 0
      vertex 15.662613861917231 8.002552446612091 0
    endloop
  endfacet
  facet normal 0.9807852804032302 0.19509032201613005 9.721489074908961e-18
    outer loop
      vertex 15.368508420739841 6.955584910871419 0.40000000000000013
      vertex 15.299999999999999 7.3 0
      vertex 15.299999999999999 7.3 0.40000000000000013
    endloop
  endfacet
  facet normal 0.9807852804032302 -0.19509032201613005 -9.721489074908961e-18
    outer loop
      vertex 15.299999999999999 7.3 0.40000000000000013
      vertex 15.368508420739841 7.6444150891285805 0
      vertex 15.368508420739841 7.6444150891285805 0.40000000000000013
    endloop
  endfacet
  facet normal 0.831469612302546 0.555570233019601 1.3367261624517197e-17
    outer loop
      vertex 15.563603896932106 6.663603896932107 0.40000000000000013
      vertex 15.368508420739841 6.955584910871419 0
      vertex 15.368508420739841 6.955584910871419 0.40000000000000013
    endloop
  endfacet
  facet normal 0.831469612302546 -0.555570233019601 -1.3367261624517197e-17
    outer loop
      vertex 15.368508420739841 7.6444150891285805 0.40000000000000013
      vertex 15.563603896932106 7.936396103067892 0
      vertex 15.563603896932106 7.936396103067892 0.40000000000000013
    endloop
  endfacet
  facet normal 0.5555702330196037 -0.8314696123025442 -3.58801622509185e-18
    outer loop
      vertex 15.563603896932106 7.936396103067892 0.40000000000000013
      vertex 15.662613861917231 8.002552446612091 0
      vertex 15.662613861917231 8.002552446612091 0.40000000000000013
    endloop
  endfacet
  facet normal 0.19509032201612952 0.9807852804032302 0
    outer loop
      vertex 16.2 6.3999999999999995 0.40000000000000013
      vertex 16.2 6.3999999999999995 0
      vertex 15.855584910871418 6.468508420739842 0
    endloop
  endfacet
  facet normal -0.19509032201612952 0.9807852804032302 0
    outer loop
      vertex 16.54441508912858 6.468508420739842 0.40000000000000013
      vertex 16.54441508912858 6.468508420739842 0
      vertex 16.2 6.3999999999999995 0
    endloop
  endfacet
  facet normal -0.5555702330196051 0.8314696123025433 0
    outer loop
      vertex 16.83639610306789 6.663603896932107 0.40000000000000013
      vertex 16.83639610306789 6.663603896932107 0
      vertex 16.54441508912858 6.468508420739842 0
    endloop
  endfacet
  facet normal -0.19509032201612952 0.9807852804032302 0
    outer loop
      vertex 16.2 6.3999999999999995 0.40000000000000013
      vertex 16.54441508912858 6.468508420739842 0.40000000000000013
      vertex 16.2 6.3999999999999995 0
    endloop
  endfacet
  facet normal -0.5555702330196051 0.8314696123025433 0
    outer loop
      vertex 16.54441508912858 6.468508420739842 0.40000000000000013
      vertex 16.83639610306789 6.663603896932107 0.40000000000000013
      vertex 16.54441508912858 6.468508420739842 0
    endloop
  endfacet
  facet normal -0.8314696123025413 0.555570233019608 0
    outer loop
      vertex 17.03149157926016 6.955584910871419 0.40000000000000013
      vertex 17.03149157926016 6.955584910871419 0
      vertex 16.83639610306789 6.663603896932107 0
    endloop
  endfacet
  facet normal -0.9807852804032321 0.1950903220161203 0
    outer loop
      vertex 17.099999999999998 7.3 0.40000000000000013
      vertex 17.099999999999998 7.3 0
      vertex 17.03149157926016 6.955584910871419 0
    endloop
  endfacet
  facet normal -0.5555702330196037 -0.8314696123025442 0
    outer loop
      vertex 16.737386138082766 8.002552446612091 0.40000000000000013
      vertex 16.737386138082766 8.002552446612091 0
      vertex 16.83639610306789 7.936396103067892 0
    endloop
  endfacet
  facet normal -0.8314696123025413 -0.555570233019608 0
    outer loop
      vertex 16.83639610306789 7.936396103067892 0.40000000000000013
      vertex 16.83639610306789 7.936396103067892 0
      vertex 17.03149157926016 7.6444150891285805 0
    endloop
  endfacet
  facet normal -0.9807852804032321 -0.1950903220161203 0
    outer loop
      vertex 17.03149157926016 7.6444150891285805 0.40000000000000013
      vertex 17.03149157926016 7.6444150891285805 0
      vertex 17.099999999999998 7.3 0
    endloop
  endfacet
  facet normal -0.8314696123025413 0.555570233019608 0
    outer loop
      vertex 16.83639610306789 6.663603896932107 0.40000000000000013
      vertex 17.03149157926016 6.955584910871419 0.40000000000000013
      vertex 16.83639610306789 6.663603896932107 0
    endloop
  endfacet
  facet normal -0.9807852804032321 0.1950903220161203 0
    outer loop
      vertex 17.03149157926016 6.955584910871419 0.40000000000000013
      vertex 17.099999999999998 7.3 0.40000000000000013
      vertex 17.03149157926016 6.955584910871419 0
    endloop
  endfacet
  facet normal -0.5555702330196037 -0.8314696123025442 3.58801622509185e-18
    outer loop
      vertex 16.737386138082766 8.002552446612091 0.40000000000000013
      vertex 16.83639610306789 7.936396103067892 0
      vertex 16.83639610306789 7.936396103067892 0.40000000000000013
    endloop
  endfacet
  facet normal -0.8314696123025413 -0.555570233019608 0
    outer loop
      vertex 17.03149157926016 7.6444150891285805 0.40000000000000013
      vertex 16.83639610306789 7.936396103067892 0.40000000000000013
      vertex 17.03149157926016 7.6444150891285805 0
    endloop
  endfacet
  facet normal -0.9807852804032321 -0.1950903220161203 0
    outer loop
      vertex 17.099999999999998 7.3 0.40000000000000013
      vertex 17.03149157926016 7.6444150891285805 0.40000000000000013
      vertex 17.099999999999998 7.3 0
    endloop
  endfacet
  facet normal 0.9807852804032302 0.19509032201612952 0
    outer loop
      vertex 15.368508420739841 10.355584910871418 0.40000000000000013
      vertex 15.368508420739841 10.355584910871418 0
      vertex 15.299999999999999 10.7 0
    endloop
  endfacet
  facet normal 0.5555702330196107 0.8314696123025397 0
    outer loop
      vertex 15.66261386191723 9.997447553387907 0.40000000000000013
      vertex 15.66261386191723 9.997447553387907 0
      vertex 15.563603896932106 10.063603896932106 0
    endloop
  endfacet
  facet normal 0.831469612302546 0.555570233019601 0
    outer loop
      vertex 15.563603896932106 10.063603896932106 0.40000000000000013
      vertex 15.563603896932106 10.063603896932106 0
      vertex 15.368508420739841 10.355584910871418 0
    endloop
  endfacet
  facet normal 0.9807852804032302 0.19509032201612952 -3.570806246147146e-18
    outer loop
      vertex 15.368508420739841 10.355584910871418 0.40000000000000013
      vertex 15.299999999999999 10.7 0
      vertex 15.299999999999999 10.7 0.40000000000000013
    endloop
  endfacet
  facet normal 0.831469612302546 0.555570233019601 0
    outer loop
      vertex 15.368508420739841 10.355584910871418 0.40000000000000013
      vertex 15.563603896932106 10.063603896932106 0.40000000000000013
      vertex 15.368508420739841 10.355584910871418 0
    endloop
  endfacet
  facet normal 0.5555702330196107 0.8314696123025397 0
    outer loop
      vertex 15.563603896932106 10.063603896932106 0.40000000000000013
      vertex 15.66261386191723 9.997447553387907 0.40000000000000013
      vertex 15.563603896932106 10.063603896932106 0
    endloop
  endfacet
  facet normal -0.5555702330196073 0.8314696123025419 0
    outer loop
      vertex 16.83639610306789 10.063603896932106 0.40000000000000013
      vertex 16.83639610306789 10.063603896932106 0
      vertex 16.73738613808277 9.997447553387909 0
    endloop
  endfacet
  facet normal -0.8314696123025413 0.555570233019608 0
    outer loop
      vertex 17.03149157926016 10.355584910871418 0.40000000000000013
      vertex 17.03149157926016 10.355584910871418 0
      vertex 16.83639610306789 10.063603896932106 0
    endloop
  endfacet
  facet normal -0.9807852804032321 0.1950903220161198 0
    outer loop
      vertex 17.099999999999998 10.7 0.40000000000000013
      vertex 17.099999999999998 10.7 0
      vertex 17.03149157926016 10.355584910871418 0
    endloop
  endfacet
  facet normal -0.5555702330196073 0.8314696123025419 0
    outer loop
      vertex 16.73738613808277 9.997447553387909 0.40000000000000013
      vertex 16.83639610306789 10.063603896932106 0.40000000000000013
      vertex 16.73738613808277 9.997447553387909 0
    endloop
  endfacet
  facet normal -0.8314696123025413 0.555570233019608 0
    outer loop
      vertex 16.83639610306789 10.063603896932106 0.40000000000000013
      vertex 17.03149157926016 10.355584910871418 0.40000000000000013
      vertex 16.83639610306789 10.063603896932106 0
    endloop
  endfacet
  facet normal -0.9807852804032321 0.1950903220161198 0
    outer loop
      vertex 17.03149157926016 10.355584910871418 0.40000000000000013
      vertex 17.099999999999998 10.7 0.40000000000000013
      vertex 17.03149157926016 10.355584910871418 0
    endloop
  endfacet
  facet normal 0.9807852804032302 -0.19509032201612952 0
    outer loop
      vertex 15.299999999999999 10.7 0.40000000000000013
      vertex 15.299999999999999 10.7 0
      vertex 15.368508420739841 11.04441508912858 0
    endloop
  endfacet
  facet normal 0.831469612302546 -0.555570233019601 0
    outer loop
      vertex 15.368508420739841 11.04441508912858 0.40000000000000013
      vertex 15.368508420739841 11.04441508912858 0
      vertex 15.563603896932106 11.336396103067893 0
    endloop
  endfacet
  facet normal 0.555570233019601 -0.831469612302546 0
    outer loop
      vertex 15.563603896932106 11.336396103067893 0.40000000000000013
      vertex 15.563603896932106 11.336396103067893 0
      vertex 15.855584910871418 11.531491579260157 0
    endloop
  endfacet
  facet normal 0.19509032201612952 -0.9807852804032302 0
    outer loop
      vertex 15.855584910871418 11.531491579260157 0.40000000000000013
      vertex 15.855584910871418 11.531491579260157 0
      vertex 16.2 11.6 0
    endloop
  endfacet
  facet normal 0.9807852804032302 -0.19509032201612952 3.570806246147146e-18
    outer loop
      vertex 15.299999999999999 10.7 0.40000000000000013
      vertex 15.368508420739841 11.04441508912858 0
      vertex 15.368508420739841 11.04441508912858 0.40000000000000013
    endloop
  endfacet
  facet normal 0.831469612302546 -0.555570233019601 -1.3367261624517197e-17
    outer loop
      vertex 15.368508420739841 11.04441508912858 0.40000000000000013
      vertex 15.563603896932106 11.336396103067893 0
      vertex 15.563603896932106 11.336396103067893 0.40000000000000013
    endloop
  endfacet
  facet normal 0.555570233019601 -0.831469612302546 -1.3367261624517197e-17
    outer loop
      vertex 15.563603896932106 11.336396103067893 0.40000000000000013
      vertex 15.855584910871418 11.531491579260157 0
      vertex 15.855584910871418 11.531491579260157 0.40000000000000013
    endloop
  endfacet
  facet normal -0.19509032201612952 -0.9807852804032302 0
    outer loop
      vertex 16.2 11.6 0.40000000000000013
      vertex 16.2 11.6 0
      vertex 16.54441508912858 11.531491579260157 0
    endloop
  endfacet
  facet normal -0.5555702330196034 -0.8314696123025446 0
    outer loop
      vertex 16.54441508912858 11.531491579260157 0.40000000000000013
      vertex 16.54441508912858 11.531491579260157 0
      vertex 16.83639610306789 11.336396103067893 0
    endloop
  endfacet
  facet normal -0.8314696123025413 -0.555570233019608 0
    outer loop
      vertex 16.83639610306789 11.336396103067893 0.40000000000000013
      vertex 16.83639610306789 11.336396103067893 0
      vertex 17.03149157926016 11.04441508912858 0
    endloop
  endfacet
  facet normal -0.9807852804032321 -0.1950903220161198 0
    outer loop
      vertex 17.03149157926016 11.04441508912858 0.40000000000000013
      vertex 17.03149157926016 11.04441508912858 0
      vertex 17.099999999999998 10.7 0
    endloop
  endfacet
  facet normal 0.19509032201612952 -0.9807852804032302 3.570806246147146e-18
    outer loop
      vertex 15.855584910871418 11.531491579260157 0.40000000000000013
      vertex 16.2 11.6 0
      vertex 16.2 11.6 0.40000000000000013
    endloop
  endfacet
  facet normal -0.19509032201612952 -0.9807852804032302 -3.570806246147146e-18
    outer loop
      vertex 16.2 11.6 0.40000000000000013
      vertex 16.54441508912858 11.531491579260157 0
      vertex 16.54441508912858 11.531491579260157 0.40000000000000013
    endloop
  endfacet
  facet normal -0.8314696123025413 -0.555570233019608 0
    outer loop
      vertex 17.03149157926016 11.04441508912858 0.40000000000000013
      vertex 16.83639610306789 11.336396103067893 0.40000000000000013
      vertex 17.03149157926016 11.04441508912858 0
    endloop
  endfacet
  facet normal -0.9807852804032321 -0.1950903220161198 -1.1448750618732736e-17
    outer loop
      vertex 17.03149157926016 11.04441508912858 0.40000000000000013
      vertex 17.099999999999998 10.7 0
      vertex 17.099999999999998 10.7 0.40000000000000013
    endloop
  endfacet
  facet normal -0.5555702330196034 -0.8314696123025446 1.0622722858521394e-17
    outer loop
      vertex 16.54441508912858 11.531491579260157 0.40000000000000013
      vertex 16.83639610306789 11.336396103067893 0
      vertex 16.83639610306789 11.336396103067893 0.40000000000000013
    endloop
  endfacet
  facet normal 0 0 1
    outer loop
      vertex 14.1 6.3 0.40000000000000013
      vertex 15.563603896932106 6.663603896932107 0.40000000000000013
      vertex 15.368508420739841 6.955584910871419 0.40000000000000013
    endloop
  endfacet
  facet normal 0 0 1
    outer loop
      vertex 14.1 6.3 0.40000000000000013
      vertex 15.855584910871418 6.468508420739842 0.40000000000000013
      vertex 15.563603896932106 6.663603896932107 0.40000000000000013
    endloop
  endfacet
  facet normal 0 0 1
    outer loop
      vertex 14.1 6.3 0.40000000000000013
      vertex 16.2 6.3999999999999995 0.40000000000000013
      vertex 15.855584910871418 6.468508420739842 0.40000000000000013
    endloop
  endfacet
  facet normal 0 0 1
    outer loop
      vertex 14.1 6.3 0.40000000000000013
      vertex 15.368508420739841 6.955584910871419 0.40000000000000013
      vertex 15.299999999999999 7.3 0.40000000000000013
    endloop
  endfacet
  facet normal 0 0 1
    outer loop
      vertex 14.1 6.3 0.40000000000000013
      vertex 15.299999999999999 7.3 0.40000000000000013
      vertex 15.368508420739841 7.6444150891285805 0.40000000000000013
    endloop
  endfacet
  facet normal 0 0 1
    outer loop
      vertex 14.1 6.3 0.40000000000000013
      vertex 15.368508420739841 7.6444150891285805 0.40000000000000013
      vertex 15.563603896932106 7.936396103067892 0.40000000000000013
    endloop
  endfacet
  facet normal 0 0 1
    outer loop
      vertex 14.1 6.3 0.40000000000000013
      vertex 15.38682720163547 8.18682720163547 0.40000000000000013
      vertex 15.13753853761202 8.559914052780147 0.40000000000000013
    endloop
  endfacet
  facet normal 0 0 1
    outer loop
      vertex 14.1 6.3 0.40000000000000013
      vertex 15.563603896932106 7.936396103067892 0.40000000000000013
      vertex 15.38682720163547 8.18682720163547 0.40000000000000013
    endloop
  endfacet
  facet normal 0 0 1
    outer loop
      vertex 14.1 6.3 0.40000000000000013
      vertex 15.13753853761202 8.559914052780147 0.40000000000000013
      vertex 15.049999999999999 9 0.40000000000000013
    endloop
  endfacet
  facet normal 0 0 1
    outer loop
      vertex 14.1 6.3 0.40000000000000013
      vertex 15.299999999999999 10.7 0.40000000000000013
      vertex 14.1 11.7 0.40000000000000013
    endloop
  endfacet
  facet normal 0 0 1
    outer loop
      vertex 14.1 6.3 0.40000000000000013
      vertex 15.049999999999999 9 0.40000000000000013
      vertex 15.13753853761202 9.440085947219853 0.40000000000000013
    endloop
  endfacet
  facet normal 0 0 1
    outer loop
      vertex 14.1 6.3 0.40000000000000013
      vertex 15.13753853761202 9.440085947219853 0.40000000000000013
      vertex 15.368508420739841 10.355584910871418 0.40000000000000013
    endloop
  endfacet
  facet normal 0 0 1
    outer loop
      vertex 14.1 6.3 0.40000000000000013
      vertex 15.368508420739841 10.355584910871418 0.40000000000000013
      vertex 15.299999999999999 10.7 0.40000000000000013
    endloop
  endfacet
  facet normal 0 0 1
    outer loop
      vertex 15.38682720163547 8.18682720163547 0.40000000000000013
      vertex 15.563603896932106 7.936396103067892 0.40000000000000013
      vertex 15.662613861917231 8.002552446612091 0.40000000000000013
    endloop
  endfacet
  facet normal 0 0 1
    outer loop
      vertex 15.13753853761202 9.440085947219853 0.40000000000000013
      vertex 15.38682720163547 9.81317279836453 0.40000000000000013
      vertex 15.368508420739841 10.355584910871418 0.40000000000000013
    endloop
  endfacet
  facet normal 0 0 1
    outer loop
      vertex 15.38682720163547 9.81317279836453 0.40000000000000013
      vertex 15.66261386191723 9.997447553387907 0.40000000000000013
      vertex 15.563603896932106 10.063603896932106 0.40000000000000013
    endloop
  endfacet
  facet normal 0 0 1
    outer loop
      vertex 15.368508420739841 10.355584910871418 0.40000000000000013
      vertex 15.38682720163547 9.81317279836453 0.40000000000000013
      vertex 15.563603896932106 10.063603896932106 0.40000000000000013
    endloop
  endfacet
  facet normal 0 1 0
    outer loop
      vertex 14.1 6.3 0.40000000000000013
      vertex 14.1 6.3 2.2
      vertex 18.3 6.3 0.40000000000000013
    endloop
  endfacet
  facet normal 1 0 0
    outer loop
      vertex 14.1 6.3 0.40000000000000013
      vertex 14.1 11.7 0.40000000000000013
      vertex 14.1 11.7 2.2
    endloop
  endfacet
  facet normal 0 0 1
    outer loop
      vertex 14.1 6.3 0.40000000000000013
      vertex 18.3 6.3 0.40000000000000013
      vertex 16.2 6.3999999999999995 0.40000000000000013
    endloop
  endfacet
  facet normal 0 0 1
    outer loop
      vertex 16.2 6.3999999999999995 0.40000000000000013
      vertex 18.3 6.3 0.40000000000000013
      vertex 16.54441508912858 6.468508420739842 0.40000000000000013
    endloop
  endfacet
  facet normal 0 0 1
    outer loop
      vertex 16.54441508912858 6.468508420739842 0.40000000000000013
      vertex 18.3 6.3 0.40000000000000013
      vertex 16.83639610306789 6.663603896932107 0.40000000000000013
    endloop
  endfacet
  facet normal 0 0 1
    outer loop
      vertex 17.03149157926016 7.6444150891285805 0.40000000000000013
      vertex 17.01317279836453 8.18682720163547 0.40000000000000013
      vertex 16.83639610306789 7.936396103067892 0.40000000000000013
    endloop
  endfacet
  facet normal 0 0 1
    outer loop
      vertex 16.83639610306789 6.663603896932107 0.40000000000000013
      vertex 18.3 6.3 0.40000000000000013
      vertex 17.03149157926016 6.955584910871419 0.40000000000000013
    endloop
  endfacet
  facet normal 0 0 1
    outer loop
      vertex 17.03149157926016 6.955584910871419 0.40000000000000013
      vertex 18.3 6.3 0.40000000000000013
      vertex 17.099999999999998 7.3 0.40000000000000013
    endloop
  endfacet
  facet normal 0 0 1
    outer loop
      vertex 16.737386138082766 8.002552446612091 0.40000000000000013
      vertex 16.83639610306789 7.936396103067892 0.40000000000000013
      vertex 17.01317279836453 8.18682720163547 0.40000000000000013
    endloop
  endfacet
  facet normal 0 0 1
    outer loop
      vertex 17.03149157926016 7.6444150891285805 0.40000000000000013
      vertex 17.26246146238798 8.559914052780147 0.40000000000000013
      vertex 17.01317279836453 8.18682720163547 0.40000000000000013
    endloop
  endfacet
  facet normal 0 0 1
    outer loop
      vertex 16.73738613808277 9.997447553387909 0.40000000000000013
      vertex 17.01317279836453 9.81317279836453 0.40000000000000013
      vertex 16.83639610306789 10.063603896932106 0.40000000000000013
    endloop
  endfacet
  facet normal 0 0 1
    outer loop
      vertex 16.83639610306789 10.063603896932106 0.40000000000000013
      vertex 17.01317279836453 9.81317279836453 0.40000000000000013
      vertex 18.3 11.7 0.40000000000000013
    endloop
  endfacet
  facet normal 0 0 1
    outer loop
      vertex 17.099999999999998 7.3 0.40000000000000013
      vertex 18.3 6.3 0.40000000000000013
      vertex 18.3 11.7 0.40000000000000013
    endloop
  endfacet
  facet normal 0 0 1
    outer loop
      vertex 17.099999999999998 7.3 0.40000000000000013
      vertex 18.3 11.7 0.40000000000000013
      vertex 17.03149157926016 7.6444150891285805 0.40000000000000013
    endloop
  endfacet
  facet normal 0 0 1
    outer loop
      vertex 17.03149157926016 7.6444150891285805 0.40000000000000013
      vertex 18.3 11.7 0.40000000000000013
      vertex 17.26246146238798 8.559914052780147 0.40000000000000013
    endloop
  endfacet
  facet normal 0 0 1
    outer loop
      vertex 17.26246146238798 8.559914052780147 0.40000000000000013
      vertex 18.3 11.7 0.40000000000000013
      vertex 17.349999999999998 9 0.40000000000000013
    endloop
  endfacet
  facet normal 0 0 1
    outer loop
      vertex 17.26246146238798 9.440085947219853 0.40000000000000013
      vertex 18.3 11.7 0.40000000000000013
      vertex 17.01317279836453 9.81317279836453 0.40000000000000013
    endloop
  endfacet
  facet normal 0 0 1
    outer loop
      vertex 17.349999999999998 9 0.40000000000000013
      vertex 18.3 11.7 0.40000000000000013
      vertex 17.26246146238798 9.440085947219853 0.40000000000000013
    endloop
  endfacet
  facet normal -1 0 0
    outer loop
      vertex 18.3 6.3 0.40000000000000013
      vertex 18.3 6.3 2.2
      vertex 18.3 11.7 0.40000000000000013
    endloop
  endfacet
  facet normal 1 0 0
    outer loop
      vertex 14.1 6.3 0.40000000000000013
      vertex 14.1 11.7 2.2
      vertex 14.1 6.3 2.2
    endloop
  endfacet
  facet normal 0 1 0
    outer loop
      vertex 18.3 6.3 0.40000000000000013
      vertex 14.1 6.3 2.2
      vertex 18.3 6.3 2.2
    endloop
  endfacet
  facet normal -1 0 0
    outer loop
      vertex 18.3 11.7 0.40000000000000013
      vertex 18.3 6.3 2.2
      vertex 18.3 11.7 2.2
    endloop
  endfacet
  facet normal 0 0 1
    outer loop
      vertex 14.1 11.7 0.40000000000000013
      vertex 15.299999999999999 10.7 0.40000000000000013
      vertex 15.368508420739841 11.04441508912858 0.40000000000000013
    endloop
  endfacet
  facet normal 0 0 1
    outer loop
      vertex 14.1 11.7 0.40000000000000013
      vertex 15.368508420739841 11.04441508912858 0.40000000000000013
      vertex 15.563603896932106 11.336396103067893 0.40000000000000013
    endloop
  endfacet
  facet normal 0 0 1
    outer loop
      vertex 14.1 11.7 0.40000000000000013
      vertex 15.563603896932106 11.336396103067893 0.40000000000000013
      vertex 15.855584910871418 11.531491579260157 0.40000000000000013
    endloop
  endfacet
  facet normal 0 0 1
    outer loop
      vertex 14.1 11.7 0.40000000000000013
      vertex 15.855584910871418 11.531491579260157 0.40000000000000013
      vertex 16.2 11.6 0.40000000000000013
    endloop
  endfacet
  facet normal 0 0 1
    outer loop
      vertex 14.1 11.7 0.40000000000000013
      vertex 16.2 11.6 0.40000000000000013
      vertex 18.3 11.7 0.40000000000000013
    endloop
  endfacet
  facet normal 0 0 1
    outer loop
      vertex 16.2 11.6 0.40000000000000013
      vertex 16.54441508912858 11.531491579260157 0.40000000000000013
      vertex 18.3 11.7 0.40000000000000013
    endloop
  endfacet
  facet normal 0 0 1
    outer loop
      vertex 16.54441508912858 11.531491579260157 0.40000000000000013
      vertex 16.83639610306789 11.336396103067893 0.40000000000000013
      vertex 18.3 11.7 0.40000000000000013
    endloop
  endfacet
  facet normal 0 0 1
    outer loop
      vertex 16.83639610306789 10.063603896932106 0.40000000000000013
      vertex 18.3 11.7 0.40000000000000013
      vertex 17.03149157926016 10.355584910871418 0.40000000000000013
    endloop
  endfacet
  facet normal 0 0 1
    outer loop
      vertex 17.03149157926016 10.355584910871418 0.40000000000000013
      vertex 18.3 11.7 0.40000000000000013
      vertex 17.099999999999998 10.7 0.40000000000000013
    endloop
  endfacet
  facet normal 0 0 1
    outer loop
      vertex 17.03149157926016 11.04441508912858 0.40000000000000013
      vertex 17.099999999999998 10.7 0.40000000000000013
      vertex 18.3 11.7 0.40000000000000013
    endloop
  endfacet
  facet normal 0 0 1
    outer loop
      vertex 17.03149157926016 11.04441508912858 0.40000000000000013
      vertex 18.3 11.7 0.40000000000000013
      vertex 16.83639610306789 11.336396103067893 0.40000000000000013
    endloop
  endfacet
  facet normal 0 -1 0
    outer loop
      vertex 14.1 11.7 0.40000000000000013
      vertex 18.3 11.7 0.40000000000000013
      vertex 18.3 11.7 2.2
    endloop
  endfacet
  facet normal 0 -1 0
    outer loop
      vertex 14.1 11.7 0.40000000000000013
      vertex 18.3 11.7 2.2
      vertex 14.1 11.7 2.2
    endloop
  endfacet
  facet normal 0.831469612302546 0.555570233019601 0
    outer loop
      vertex 8.363603896932107 8.363603896932107 0.40000000000000013
      vertex 8.363603896932107 8.363603896932107 0
      vertex 8.168508420739842 8.655584910871418 0
    endloop
  endfacet
  facet normal 0.555570233019601 0.831469612302546 0
    outer loop
      vertex 8.655584910871418 8.168508420739842 0.40000000000000013
      vertex 8.655584910871418 8.168508420739842 0
      vertex 8.363603896932107 8.363603896932107 0
    endloop
  endfacet
  facet normal 0.9807852804032302 0.19509032201612952 0
    outer loop
      vertex 8.168508420739842 8.655584910871418 0.40000000000000013
      vertex 8.168508420739842 8.655584910871418 0
      vertex 8.1 9 0
    endloop
  endfacet
  facet normal 0.9807852804032302 -0.19509032201612952 0
    outer loop
      vertex 8.1 9 0.40000000000000013
      vertex 8.1 9 0
      vertex 8.168508420739842 9.344415089128582 0
    endloop
  endfacet
  facet normal 0.19509032201612952 0.9807852804032302 0
    outer loop
      vertex 9 8.1 0.40000000000000013
      vertex 9 8.1 0
      vertex 8.655584910871418 8.168508420739842 0
    endloop
  endfacet
  facet normal -0.19509032201612952 0.9807852804032302 0
    outer loop
      vertex 9.344415089128582 8.168508420739842 0.40000000000000013
      vertex 9.344415089128582 8.168508420739842 0
      vertex 9 8.1 0
    endloop
  endfacet
  facet normal 0.831469612302546 0.555570233019601 0
    outer loop
      vertex 8.168508420739842 8.655584910871418 0.40000000000000013
      vertex 8.363603896932107 8.363603896932107 0.40000000000000013
      vertex 8.168508420739842 8.655584910871418 0
    endloop
  endfacet
  facet normal 0.555570233019601 0.831469612302546 1.3367261624517197e-17
    outer loop
      vertex 8.655584910871418 8.168508420739842 0.40000000000000013
      vertex 8.363603896932107 8.363603896932107 0
      vertex 8.363603896932107 8.363603896932107 0.40000000000000013
    endloop
  endfacet
  facet normal 0.9807852804032302 0.19509032201612952 -3.570806246147146e-18
    outer loop
      vertex 8.168508420739842 8.655584910871418 0.40000000000000013
      vertex 8.1 9 0
      vertex 8.1 9 0.40000000000000013
    endloop
  endfacet
  facet normal 0.9807852804032302 -0.19509032201612952 3.570806246147146e-18
    outer loop
      vertex 8.1 9 0.40000000000000013
      vertex 8.168508420739842 9.344415089128582 0
      vertex 8.168508420739842 9.344415089128582 0.40000000000000013
    endloop
  endfacet
  facet normal 0.19509032201612952 0.9807852804032302 0
    outer loop
      vertex 8.655584910871418 8.168508420739842 0.40000000000000013
      vertex 9 8.1 0.40000000000000013
      vertex 8.655584910871418 8.168508420739842 0
    endloop
  endfacet
  facet normal -0.19509032201612952 0.9807852804032302 0
    outer loop
      vertex 9 8.1 0.40000000000000013
      vertex 9.344415089128582 8.168508420739842 0.40000000000000013
      vertex 9 8.1 0
    endloop
  endfacet
  facet normal 0.831469612302546 -0.555570233019601 0
    outer loop
      vertex 8.168508420739842 9.344415089128582 0.40000000000000013
      vertex 8.168508420739842 9.344415089128582 0
      vertex 8.363603896932107 9.636396103067893 0
    endloop
  endfacet
  facet normal 0.555570233019601 -0.831469612302546 0
    outer loop
      vertex 8.363603896932107 9.636396103067893 0.40000000000000013
      vertex 8.363603896932107 9.636396103067893 0
      vertex 8.655584910871418 9.831491579260158 0
    endloop
  endfacet
  facet normal 0.19509032201612952 -0.9807852804032302 0
    outer loop
      vertex 8.655584910871418 9.831491579260158 0.40000000000000013
      vertex 8.655584910871418 9.831491579260158 0
      vertex 9 9.9 0
    endloop
  endfacet
  facet normal -0.19509032201612952 -0.9807852804032302 0
    outer loop
      vertex 9 9.9 0.40000000000000013
      vertex 9 9.9 0
      vertex 9.344415089128582 9.831491579260158 0
    endloop
  endfacet
  facet normal 0.831469612302546 -0.555570233019601 -1.3367261624517197e-17
    outer loop
      vertex 8.168508420739842 9.344415089128582 0.40000000000000013
      vertex 8.363603896932107 9.636396103067893 0
      vertex 8.363603896932107 9.636396103067893 0.40000000000000013
    endloop
  endfacet
  facet normal 0.555570233019601 -0.831469612302546 -1.3367261624517197e-17
    outer loop
      vertex 8.363603896932107 9.636396103067893 0.40000000000000013
      vertex 8.655584910871418 9.831491579260158 0
      vertex 8.655584910871418 9.831491579260158 0.40000000000000013
    endloop
  endfacet
  facet normal 0.19509032201612952 -0.9807852804032302 3.570806246147146e-18
    outer loop
      vertex 8.655584910871418 9.831491579260158 0.40000000000000013
      vertex 9 9.9 0
      vertex 9 9.9 0.40000000000000013
    endloop
  endfacet
  facet normal -0.19509032201612952 -0.9807852804032302 -3.570806246147146e-18
    outer loop
      vertex 9 9.9 0.40000000000000013
      vertex 9.344415089128582 9.831491579260158 0
      vertex 9.344415089128582 9.831491579260158 0.40000000000000013
    endloop
  endfacet
  facet normal -0.555570233019601 0.831469612302546 0
    outer loop
      vertex 9.636396103067893 8.363603896932107 0.40000000000000013
      vertex 9.636396103067893 8.363603896932107 0
      vertex 9.344415089128582 8.168508420739842 0
    endloop
  endfacet
  facet normal -0.8314696123025465 0.5555702330196004 0
    outer loop
      vertex 9.70255244661209 8.46261386191723 0.40000000000000013
      vertex 9.70255244661209 8.46261386191723 0
      vertex 9.636396103067893 8.363603896932107 0
    endloop
  endfacet
  facet normal -0.555570233019601 0.831469612302546 0
    outer loop
      vertex 9.344415089128582 8.168508420739842 0.40000000000000013
      vertex 9.636396103067893 8.363603896932107 0.40000000000000013
      vertex 9.344415089128582 8.168508420739842 0
    endloop
  endfacet
  facet normal -0.8314696123025465 0.5555702330196004 0
    outer loop
      vertex 9.636396103067893 8.363603896932107 0.40000000000000013
      vertex 9.70255244661209 8.46261386191723 0.40000000000000013
      vertex 9.636396103067893 8.363603896932107 0
    endloop
  endfacet
  facet normal -0.8314696123025465 -0.5555702330196004 0
    outer loop
      vertex 9.636396103067893 9.636396103067893 0.40000000000000013
      vertex 9.636396103067893 9.636396103067893 0
      vertex 9.70255244661209 9.53738613808277 0
    endloop
  endfacet
  facet normal -0.555570233019601 -0.831469612302546 0
    outer loop
      vertex 9.344415089128582 9.831491579260158 0.40000000000000013
      vertex 9.344415089128582 9.831491579260158 0
      vertex 9.636396103067893 9.636396103067893 0
    endloop
  endfacet
  facet normal -0.8314696123025465 -0.5555702330196004 8.333515759129397e-18
    outer loop
      vertex 9.636396103067893 9.636396103067893 0.40000000000000013
      vertex 9.70255244661209 9.53738613808277 0
      vertex 9.70255244661209 9.53738613808277 0.40000000000000013
    endloop
  endfacet
  facet normal -0.555570233019601 -0.831469612302546 1.3367261624517197e-17
    outer loop
      vertex 9.344415089128582 9.831491579260158 0.40000000000000013
      vertex 9.636396103067893 9.636396103067893 0
      vertex 9.636396103067893 9.636396103067893 0.40000000000000013
    endloop
  endfacet
  facet normal 0.555570233019601 0.831469612302546 0
    outer loop
      vertex 12.055584910871417 8.168508420739842 0.40000000000000013
      vertex 12.055584910871417 8.168508420739842 0
      vertex 11.763603896932105 8.363603896932107 0
    endloop
  endfacet
  facet normal 0.8314696123025465 0.5555702330196004 0
    outer loop
      vertex 11.763603896932105 8.363603896932107 0.40000000000000013
      vertex 11.763603896932105 8.363603896932107 0
      vertex 11.697447553387908 8.46261386191723 0
    endloop
  endfacet
  facet normal 0.555570233019601 0.831469612302546 1.3367261624517197e-17
    outer loop
      vertex 12.055584910871417 8.168508420739842 0.40000000000000013
      vertex 11.763603896932105 8.363603896932107 0
      vertex 11.763603896932105 8.363603896932107 0.40000000000000013
    endloop
  endfacet
  facet normal 0.8314696123025465 0.5555702330196004 0
    outer loop
      vertex 11.697447553387908 8.46261386191723 0.40000000000000013
      vertex 11.763603896932105 8.363603896932107 0.40000000000000013
      vertex 11.697447553387908 8.46261386191723 0
    endloop
  endfacet
  facet normal 0.8314696123025465 -0.5555702330196004 0
    outer loop
      vertex 11.697447553387908 9.53738613808277 0.40000000000000013
      vertex 11.697447553387908 9.53738613808277 0
      vertex 11.763603896932105 9.636396103067893 0
    endloop
  endfacet
  facet normal 0.555570233019601 -0.831469612302546 0
    outer loop
      vertex 11.763603896932105 9.636396103067893 0.40000000000000013
      vertex 11.763603896932105 9.636396103067893 0
      vertex 12.055584910871417 9.831491579260158 0
    endloop
  endfacet
  facet normal 0.8314696123025465 -0.5555702330196004 -8.333515759129397e-18
    outer loop
      vertex 11.697447553387908 9.53738613808277 0.40000000000000013
      vertex 11.763603896932105 9.636396103067893 0
      vertex 11.763603896932105 9.636396103067893 0.40000000000000013
    endloop
  endfacet
  facet normal 0.555570233019601 -0.831469612302546 -1.3367261624517197e-17
    outer loop
      vertex 11.763603896932105 9.636396103067893 0.40000000000000013
      vertex 12.055584910871417 9.831491579260158 0
      vertex 12.055584910871417 9.831491579260158 0.40000000000000013
    endloop
  endfacet
  facet normal 0.19509032201612952 0.9807852804032302 0
    outer loop
      vertex 12.399999999999999 8.1 0.40000000000000013
      vertex 12.399999999999999 8.1 0
      vertex 12.055584910871417 8.168508420739842 0
    endloop
  endfacet
  facet normal -0.19509032201612952 0.9807852804032302 0
    outer loop
      vertex 12.74441508912858 8.168508420739842 0.40000000000000013
      vertex 12.74441508912858 8.168508420739842 0
      vertex 12.399999999999999 8.1 0
    endloop
  endfacet
  facet normal -0.555570233019601 0.831469612302546 0
    outer loop
      vertex 13.036396103067892 8.363603896932107 0.40000000000000013
      vertex 13.036396103067892 8.363603896932107 0
      vertex 12.74441508912858 8.168508420739842 0
    endloop
  endfacet
  facet normal -0.831469612302546 0.555570233019601 0
    outer loop
      vertex 13.231491579260156 8.655584910871418 0.40000000000000013
      vertex 13.231491579260156 8.655584910871418 0
      vertex 13.036396103067892 8.363603896932107 0
    endloop
  endfacet
  facet normal -0.9807852804032302 0.19509032201612952 0
    outer loop
      vertex 13.299999999999999 9 0.40000000000000013
      vertex 13.299999999999999 9 0
      vertex 13.231491579260156 8.655584910871418 0
    endloop
  endfacet
  facet normal -0.9807852804032302 -0.19509032201612952 0
    outer loop
      vertex 13.231491579260156 9.344415089128582 0.40000000000000013
      vertex 13.231491579260156 9.344415089128582 0
      vertex 13.299999999999999 9 0
    endloop
  endfacet
  facet normal 0.19509032201612952 0.9807852804032302 0
    outer loop
      vertex 12.055584910871417 8.168508420739842 0.40000000000000013
      vertex 12.399999999999999 8.1 0.40000000000000013
      vertex 12.055584910871417 8.168508420739842 0
    endloop
  endfacet
  facet normal -0.19509032201612952 0.9807852804032302 0
    outer loop
      vertex 12.399999999999999 8.1 0.40000000000000013
      vertex 12.74441508912858 8.168508420739842 0.40000000000000013
      vertex 12.399999999999999 8.1 0
    endloop
  endfacet
  facet normal -0.555570233019601 0.831469612302546 0
    outer loop
      vertex 12.74441508912858 8.168508420739842 0.40000000000000013
      vertex 13.036396103067892 8.363603896932107 0.40000000000000013
      vertex 12.74441508912858 8.168508420739842 0
    endloop
  endfacet
  facet normal -0.831469612302546 0.555570233019601 0
    outer loop
      vertex 13.036396103067892 8.363603896932107 0.40000000000000013
      vertex 13.231491579260156 8.655584910871418 0.40000000000000013
      vertex 13.036396103067892 8.363603896932107 0
    endloop
  endfacet
  facet normal -0.9807852804032302 0.19509032201612952 0
    outer loop
      vertex 13.231491579260156 8.655584910871418 0.40000000000000013
      vertex 13.299999999999999 9 0.40000000000000013
      vertex 13.231491579260156 8.655584910871418 0
    endloop
  endfacet
  facet normal -0.9807852804032302 -0.19509032201612952 0
    outer loop
      vertex 13.299999999999999 9 0.40000000000000013
      vertex 13.231491579260156 9.344415089128582 0.40000000000000013
      vertex 13.299999999999999 9 0
    endloop
  endfacet
  facet normal 0.19509032201612952 -0.9807852804032302 0
    outer loop
      vertex 12.055584910871417 9.831491579260158 0.40000000000000013
      vertex 12.055584910871417 9.831491579260158 0
      vertex 12.399999999999999 9.9 0
    endloop
  endfacet
  facet normal -0.19509032201612952 -0.9807852804032302 0
    outer loop
      vertex 12.399999999999999 9.9 0.40000000000000013
      vertex 12.399999999999999 9.9 0
      vertex 12.74441508912858 9.831491579260158 0
    endloop
  endfacet
  facet normal -0.555570233019601 -0.831469612302546 0
    outer loop
      vertex 12.74441508912858 9.831491579260158 0.40000000000000013
      vertex 12.74441508912858 9.831491579260158 0
      vertex 13.036396103067892 9.636396103067893 0
    endloop
  endfacet
  facet normal -0.831469612302546 -0.555570233019601 0
    outer loop
      vertex 13.036396103067892 9.636396103067893 0.40000000000000013
      vertex 13.036396103067892 9.636396103067893 0
      vertex 13.231491579260156 9.344415089128582 0
    endloop
  endfacet
  facet normal 0.19509032201612952 -0.9807852804032302 3.570806246147146e-18
    outer loop
      vertex 12.055584910871417 9.831491579260158 0.40000000000000013
      vertex 12.399999999999999 9.9 0
      vertex 12.399999999999999 9.9 0.40000000000000013
    endloop
  endfacet
  facet normal -0.19509032201612952 -0.9807852804032302 -3.570806246147146e-18
    outer loop
      vertex 12.399999999999999 9.9 0.40000000000000013
      vertex 12.74441508912858 9.831491579260158 0
      vertex 12.74441508912858 9.831491579260158 0.40000000000000013
    endloop
  endfacet
  facet normal -0.555570233019601 -0.831469612302546 0
    outer loop
      vertex 13.036396103067892 9.636396103067893 0.40000000000000013
      vertex 12.74441508912858 9.831491579260158 0.40000000000000013
      vertex 13.036396103067892 9.636396103067893 0
    endloop
  endfacet
  facet normal -0.831469612302546 -0.555570233019601 0
    outer loop
      vertex 13.231491579260156 9.344415089128582 0.40000000000000013
      vertex 13.036396103067892 9.636396103067893 0.40000000000000013
      vertex 13.231491579260156 9.344415089128582 0
    endloop
  endfacet
  facet normal 0 0 1
    outer loop
      vertex 7.999999999999999 6.9 0.40000000000000013
      vertex 8.363603896932107 8.363603896932107 0.40000000000000013
      vertex 8.168508420739842 8.655584910871418 0.40000000000000013
    endloop
  endfacet
  facet normal 0 0 1
    outer loop
      vertex 7.999999999999999 6.9 0.40000000000000013
      vertex 8.655584910871418 8.168508420739842 0.40000000000000013
      vertex 8.363603896932107 8.363603896932107 0.40000000000000013
    endloop
  endfacet
  facet normal 0 0 1
    outer loop
      vertex 7.999999999999999 6.9 0.40000000000000013
      vertex 9 8.1 0.40000000000000013
      vertex 8.655584910871418 8.168508420739842 0.40000000000000013
    endloop
  endfacet
  facet normal 0 0 1
    outer loop
      vertex 7.999999999999999 6.9 0.40000000000000013
      vertex 9.344415089128582 8.168508420739842 0.40000000000000013
      vertex 9 8.1 0.40000000000000013
    endloop
  endfacet
  facet normal 0 0 1
    outer loop
      vertex 7.999999999999999 6.9 0.40000000000000013
      vertex 9.636396103067893 8.363603896932107 0.40000000000000013
      vertex 9.344415089128582 8.168508420739842 0.40000000000000013
    endloop
  endfacet
  facet normal 0 0 1
    outer loop
      vertex 7.999999999999999 6.9 0.40000000000000013
      vertex 9.88682720163547 8.18682720163547 0.40000000000000013
      vertex 9.636396103067893 8.363603896932107 0.40000000000000013
    endloop
  endfacet
  facet normal 0 0 1
    outer loop
      vertex 7.999999999999999 6.9 0.40000000000000013
      vertex 10.259914052780147 7.937538537612021 0.40000000000000013
      vertex 9.88682720163547 8.18682720163547 0.40000000000000013
    endloop
  endfacet
  facet normal 0 0 1
    outer loop
      vertex 7.999999999999999 6.9 0.40000000000000013
      vertex 10.7 7.85 0.40000000000000013
      vertex 10.259914052780147 7.937538537612021 0.40000000000000013
    endloop
  endfacet
  facet normal 0 0 1
    outer loop
      vertex 7.999999999999999 6.9 0.40000000000000013
      vertex 11.140085947219852 7.937538537612021 0.40000000000000013
      vertex 10.7 7.85 0.40000000000000013
    endloop
  endfacet
  facet normal 0 0 1
    outer loop
      vertex 7.999999999999999 6.9 0.40000000000000013
      vertex 12.055584910871417 8.168508420739842 0.40000000000000013
      vertex 11.140085947219852 7.937538537612021 0.40000000000000013
    endloop
  endfacet
  facet normal 0 0 1
    outer loop
      vertex 7.999999999999999 6.9 0.40000000000000013
      vertex 8.168508420739842 8.655584910871418 0.40000000000000013
      vertex 8.1 9 0.40000000000000013
    endloop
  endfacet
  facet normal 0 0 1
    outer loop
      vertex 7.999999999999999 6.9 0.40000000000000013
      vertex 8.1 9 0.40000000000000013
      vertex 7.999999999999999 11.100000000000001 0.40000000000000013
    endloop
  endfacet
  facet normal 0 0 1
    outer loop
      vertex 8.1 9 0.40000000000000013
      vertex 8.168508420739842 9.344415089128582 0.40000000000000013
      vertex 7.999999999999999 11.100000000000001 0.40000000000000013
    endloop
  endfacet
  facet normal 0 0 1
    outer loop
      vertex 8.168508420739842 9.344415089128582 0.40000000000000013
      vertex 8.363603896932107 9.636396103067893 0.40000000000000013
      vertex 7.999999999999999 11.100000000000001 0.40000000000000013
    endloop
  endfacet
  facet normal 0 0 1
    outer loop
      vertex 8.363603896932107 9.636396103067893 0.40000000000000013
      vertex 8.655584910871418 9.831491579260158 0.40000000000000013
      vertex 7.999999999999999 11.100000000000001 0.40000000000000013
    endloop
  endfacet
  facet normal 0 0 1
    outer loop
      vertex 9.88682720163547 8.18682720163547 0.40000000000000013
      vertex 9.70255244661209 8.46261386191723 0.40000000000000013
      vertex 9.636396103067893 8.363603896932107 0.40000000000000013
    endloop
  endfacet
  facet normal 0 0 1
    outer loop
      vertex 9.344415089128582 9.831491579260158 0.40000000000000013
      vertex 9.636396103067893 9.636396103067893 0.40000000000000013
      vertex 9.88682720163547 9.81317279836453 0.40000000000000013
    endloop
  endfacet
  facet normal 0 0 1
    outer loop
      vertex 9.636396103067893 9.636396103067893 0.40000000000000013
      vertex 9.70255244661209 9.53738613808277 0.40000000000000013
      vertex 9.88682720163547 9.81317279836453 0.40000000000000013
    endloop
  endfacet
  facet normal 0 0 1
    outer loop
      vertex 9.344415089128582 9.831491579260158 0.40000000000000013
      vertex 9.88682720163547 9.81317279836453 0.40000000000000013
      vertex 10.259914052780147 10.06246146238798 0.40000000000000013
    endloop
  endfacet
  facet normal 0 0 1
    outer loop
      vertex 8.655584910871418 9.831491579260158 0.40000000000000013
      vertex 13.399999999999999 11.100000000000001 0.40000000000000013
      vertex 7.999999999999999 11.100000000000001 0.40000000000000013
    endloop
  endfacet
  facet normal 0 0 1
    outer loop
      vertex 8.655584910871418 9.831491579260158 0.40000000000000013
      vertex 9 9.9 0.40000000000000013
      vertex 13.399999999999999 11.100000000000001 0.40000000000000013
    endloop
  endfacet
  facet normal 0 0 1
    outer loop
      vertex 9 9.9 0.40000000000000013
      vertex 9.344415089128582 9.831491579260158 0.40000000000000013
      vertex 13.399999999999999 11.100000000000001 0.40000000000000013
    endloop
  endfacet
  facet normal 1 0 0
    outer loop
      vertex 7.999999999999999 6.9 0.40000000000000013
      vertex 7.999999999999999 11.100000000000001 0.40000000000000013
      vertex 7.999999999999999 11.100000000000001 2.2
    endloop
  endfacet
  facet normal 0 1 0
    outer loop
      vertex 7.999999999999999 6.9 0.40000000000000013
      vertex 7.999999999999999 6.9 2.2
      vertex 13.399999999999999 6.9 0.40000000000000013
    endloop
  endfacet
  facet normal 1 0 0
    outer loop
      vertex 7.999999999999999 6.9 0.40000000000000013
      vertex 7.999999999999999 11.100000000000001 2.2
      vertex 7.999999999999999 6.9 2.2
    endloop
  endfacet
  facet normal 0 -1 0
    outer loop
      vertex 7.999999999999999 11.100000000000001 0.40000000000000013
      vertex 13.399999999999999 11.100000000000001 2.2
      vertex 7.999999999999999 11.100000000000001 2.2
    endloop
  endfacet
  facet normal 0 0 1
    outer loop
      vertex 7.999999999999999 6.9 0.40000000000000013
      vertex 13.399999999999999 6.9 0.40000000000000013
      vertex 12.055584910871417 8.168508420739842 0.40000000000000013
    endloop
  endfacet
  facet normal 0 0 1
    outer loop
      vertex 12.055584910871417 8.168508420739842 0.40000000000000013
      vertex 13.399999999999999 6.9 0.40000000000000013
      vertex 12.399999999999999 8.1 0.40000000000000013
    endloop
  endfacet
  facet normal 0 0 1
    outer loop
      vertex 12.399999999999999 8.1 0.40000000000000013
      vertex 13.399999999999999 6.9 0.40000000000000013
      vertex 12.74441508912858 8.168508420739842 0.40000000000000013
    endloop
  endfacet
  facet normal 0 0 1
    outer loop
      vertex 12.74441508912858 8.168508420739842 0.40000000000000013
      vertex 13.399999999999999 6.9 0.40000000000000013
      vertex 13.036396103067892 8.363603896932107 0.40000000000000013
    endloop
  endfacet
  facet normal 0 0 1
    outer loop
      vertex 13.036396103067892 8.363603896932107 0.40000000000000013
      vertex 13.399999999999999 6.9 0.40000000000000013
      vertex 13.231491579260156 8.655584910871418 0.40000000000000013
    endloop
  endfacet
  facet normal 0 0 1
    outer loop
      vertex 11.140085947219852 7.937538537612021 0.40000000000000013
      vertex 12.055584910871417 8.168508420739842 0.40000000000000013
      vertex 11.51317279836453 8.18682720163547 0.40000000000000013
    endloop
  endfacet
  facet normal 0 0 1
    outer loop
      vertex 11.51317279836453 8.18682720163547 0.40000000000000013
      vertex 11.763603896932105 8.363603896932107 0.40000000000000013
      vertex 11.697447553387908 8.46261386191723 0.40000000000000013
    endloop
  endfacet
  facet normal 0 0 1
    outer loop
      vertex 11.51317279836453 8.18682720163547 0.40000000000000013
      vertex 12.055584910871417 8.168508420739842 0.40000000000000013
      vertex 11.763603896932105 8.363603896932107 0.40000000000000013
    endloop
  endfacet
  facet normal 0 0 1
    outer loop
      vertex 9.344415089128582 9.831491579260158 0.40000000000000013
      vertex 10.259914052780147 10.06246146238798 0.40000000000000013
      vertex 13.399999999999999 11.100000000000001 0.40000000000000013
    endloop
  endfacet
  facet normal 0 0 1
    outer loop
      vertex 11.697447553387908 9.53738613808277 0.40000000000000013
      vertex 11.763603896932105 9.636396103067893 0.40000000000000013
      vertex 11.51317279836453 9.81317279836453 0.40000000000000013
    endloop
  endfacet
  facet normal 0 0 1
    outer loop
      vertex 10.259914052780147 10.06246146238798 0.40000000000000013
      vertex 10.7 10.15 0.40000000000000013
      vertex 13.399999999999999 11.100000000000001 0.40000000000000013
    endloop
  endfacet
  facet normal 0 0 1
    outer loop
      vertex 11.140085947219852 10.06246146238798 0.40000000000000013
      vertex 11.51317279836453 9.81317279836453 0.40000000000000013
      vertex 13.399999999999999 11.100000000000001 0.40000000000000013
    endloop
  endfacet
  facet normal 0 0 1
    outer loop
      vertex 11.140085947219852 10.06246146238798 0.40000000000000013
      vertex 13.399999999999999 11.100000000000001 0.40000000000000013
      vertex 10.7 10.15 0.40000000000000013
    endloop
  endfacet
  facet normal 0 0 1
    outer loop
      vertex 13.231491579260156 8.655584910871418 0.40000000000000013
      vertex 13.399999999999999 6.9 0.40000000000000013
      vertex 13.299999999999999 9 0.40000000000000013
    endloop
  endfacet
  facet normal 0 0 1
    outer loop
      vertex 13.299999999999999 9 0.40000000000000013
      vertex 13.399999999999999 6.9 0.40000000000000013
      vertex 13.399999999999999 11.100000000000001 0.40000000000000013
    endloop
  endfacet
  facet normal 0 0 1
    outer loop
      vertex 11.51317279836453 9.81317279836453 0.40000000000000013
      vertex 11.763603896932105 9.636396103067893 0.40000000000000013
      vertex 13.399999999999999 11.100000000000001 0.40000000000000013
    endloop
  endfacet
  facet normal 0 0 1
    outer loop
      vertex 11.763603896932105 9.636396103067893 0.40000000000000013
      vertex 12.055584910871417 9.831491579260158 0.40000000000000013
      vertex 13.399999999999999 11.100000000000001 0.40000000000000013
    endloop
  endfacet
  facet normal 0 0 1
    outer loop
      vertex 12.055584910871417 9.831491579260158 0.40000000000000013
      vertex 12.399999999999999 9.9 0.40000000000000013
      vertex 13.399999999999999 11.100000000000001 0.40000000000000013
    endloop
  endfacet
  facet normal 0 0 1
    outer loop
      vertex 13.299999999999999 9 0.40000000000000013
      vertex 13.399999999999999 11.100000000000001 0.40000000000000013
      vertex 13.231491579260156 9.344415089128582 0.40000000000000013
    endloop
  endfacet
  facet normal 0 0 1
    outer loop
      vertex 13.231491579260156 9.344415089128582 0.40000000000000013
      vertex 13.399999999999999 11.100000000000001 0.40000000000000013
      vertex 13.036396103067892 9.636396103067893 0.40000000000000013
    endloop
  endfacet
  facet normal 0 0 1
    outer loop
      vertex 12.399999999999999 9.9 0.40000000000000013
      vertex 12.74441508912858 9.831491579260158 0.40000000000000013
      vertex 13.399999999999999 11.100000000000001 0.40000000000000013
    endloop
  endfacet
  facet normal 0 0 1
    outer loop
      vertex 13.036396103067892 9.636396103067893 0.40000000000000013
      vertex 13.399999999999999 11.100000000000001 0.40000000000000013
      vertex 12.74441508912858 9.831491579260158 0.40000000000000013
    endloop
  endfacet
  facet normal -1 0 0
    outer loop
      vertex 13.399999999999999 6.9 0.40000000000000013
      vertex 13.399999999999999 6.9 2.2
      vertex 13.399999999999999 11.100000000000001 0.40000000000000013
    endloop
  endfacet
  facet normal 0 1 0
    outer loop
      vertex 13.399999999999999 6.9 0.40000000000000013
      vertex 7.999999999999999 6.9 2.2
      vertex 13.399999999999999 6.9 2.2
    endloop
  endfacet
  facet normal -1 0 0
    outer loop
      vertex 13.399999999999999 11.100000000000001 0.40000000000000013
      vertex 13.399999999999999 6.9 2.2
      vertex 13.399999999999999 11.100000000000001 2.2
    endloop
  endfacet
  facet normal 0 -1 0
    outer loop
      vertex 7.999999999999999 11.100000000000001 0.40000000000000013
      vertex 13.399999999999999 11.100000000000001 0.40000000000000013
      vertex 13.399999999999999 11.100000000000001 2.2
    endloop
  endfacet
  facet normal 0.8314696123025447 0.555570233019603 0
    outer loop
      vertex 9.70255244661209 13.96261386191723 0.40000000000000013
      vertex 9.88682720163547 13.68682720163547 0
      vertex 9.70255244661209 13.96261386191723 0
    endloop
  endfacet
  facet normal 0.5555702330196004 0.8314696123025463 0
    outer loop
      vertex 10.259914052780147 13.43753853761202 0.40000000000000013
      vertex 10.259914052780147 13.43753853761202 0
      vertex 9.88682720163547 13.68682720163547 0
    endloop
  endfacet
  facet normal 0.1950903220161302 0.9807852804032301 0
    outer loop
      vertex 10.7 13.35 0.40000000000000013
      vertex 10.7 13.35 0
      vertex 10.259914052780147 13.43753853761202 0
    endloop
  endfacet
  facet normal 0.5555702330196004 0.8314696123025463 0
    outer loop
      vertex 9.88682720163547 13.68682720163547 0.40000000000000013
      vertex 10.259914052780147 13.43753853761202 0.40000000000000013
      vertex 9.88682720163547 13.68682720163547 0
    endloop
  endfacet
  facet normal 0.8314696123025447 0.555570233019603 0
    outer loop
      vertex 9.88682720163547 13.68682720163547 0.40000000000000013
      vertex 9.88682720163547 13.68682720163547 0
      vertex 9.70255244661209 13.96261386191723 0.40000000000000013
    endloop
  endfacet
  facet normal 0.1950903220161302 0.9807852804032301 0
    outer loop
      vertex 10.259914052780147 13.43753853761202 0.40000000000000013
      vertex 10.7 13.35 0.40000000000000013
      vertex 10.259914052780147 13.43753853761202 0
    endloop
  endfacet
  facet normal 0.8314696123025447 -0.555570233019603 0
    outer loop
      vertex 9.88682720163547 15.31317279836453 0.40000000000000013
      vertex 9.70255244661209 15.03738613808277 0
      vertex 9.88682720163547 15.31317279836453 0
    endloop
  endfacet
  facet normal 0.5555702330196004 -0.8314696123025463 0
    outer loop
      vertex 9.88682720163547 15.31317279836453 0.40000000000000013
      vertex 9.88682720163547 15.31317279836453 0
      vertex 10.259914052780147 15.56246146238798 0
    endloop
  endfacet
  facet normal 0.1950903220161302 -0.9807852804032301 0
    outer loop
      vertex 10.259914052780147 15.56246146238798 0.40000000000000013
      vertex 10.259914052780147 15.56246146238798 0
      vertex 10.7 15.65 0
    endloop
  endfacet
  facet normal 0.8314696123025447 -0.555570233019603 0
    outer loop
      vertex 9.70255244661209 15.03738613808277 0.40000000000000013
      vertex 9.70255244661209 15.03738613808277 0
      vertex 9.88682720163547 15.31317279836453 0.40000000000000013
    endloop
  endfacet
  facet normal 0.5555702330196004 -0.8314696123025463 -2.630631489111888e-17
    outer loop
      vertex 9.88682720163547 15.31317279836453 0.40000000000000013
      vertex 10.259914052780147 15.56246146238798 0
      vertex 10.259914052780147 15.56246146238798 0.40000000000000013
    endloop
  endfacet
  facet normal 0.1950903220161302 -0.9807852804032301 -1.1968372405698174e-17
    outer loop
      vertex 10.259914052780147 15.56246146238798 0.40000000000000013
      vertex 10.7 15.65 0
      vertex 10.7 15.65 0.40000000000000013
    endloop
  endfacet
  facet normal -0.1950903220161302 0.9807852804032301 0
    outer loop
      vertex 11.140085947219852 13.43753853761202 0.40000000000000013
      vertex 11.140085947219852 13.43753853761202 0
      vertex 10.7 13.35 0
    endloop
  endfacet
  facet normal -0.5555702330196004 0.8314696123025463 0
    outer loop
      vertex 11.51317279836453 13.68682720163547 0.40000000000000013
      vertex 11.51317279836453 13.68682720163547 0
      vertex 11.140085947219852 13.43753853761202 0
    endloop
  endfacet
  facet normal -0.8314696123025447 0.555570233019603 0
    outer loop
      vertex 11.51317279836453 13.68682720163547 0.40000000000000013
      vertex 11.697447553387908 13.96261386191723 0
      vertex 11.51317279836453 13.68682720163547 0
    endloop
  endfacet
  facet normal -0.1950903220161302 0.9807852804032301 0
    outer loop
      vertex 10.7 13.35 0.40000000000000013
      vertex 11.140085947219852 13.43753853761202 0.40000000000000013
      vertex 10.7 13.35 0
    endloop
  endfacet
  facet normal -0.5555702330196004 0.8314696123025463 0
    outer loop
      vertex 11.140085947219852 13.43753853761202 0.40000000000000013
      vertex 11.51317279836453 13.68682720163547 0.40000000000000013
      vertex 11.140085947219852 13.43753853761202 0
    endloop
  endfacet
  facet normal -0.8314696123025447 0.555570233019603 1.3331334169977903e-18
    outer loop
      vertex 11.51317279836453 13.68682720163547 0.40000000000000013
      vertex 11.697447553387908 13.96261386191723 0.40000000000000013
      vertex 11.697447553387908 13.96261386191723 0
    endloop
  endfacet
  facet normal -0.1950903220161302 -0.9807852804032301 0
    outer loop
      vertex 10.7 15.65 0.40000000000000013
      vertex 10.7 15.65 0
      vertex 11.140085947219852 15.56246146238798 0
    endloop
  endfacet
  facet normal -0.5555702330196004 -0.8314696123025463 0
    outer loop
      vertex 11.140085947219852 15.56246146238798 0.40000000000000013
      vertex 11.140085947219852 15.56246146238798 0
      vertex 11.51317279836453 15.31317279836453 0
    endloop
  endfacet
  facet normal -0.8314696123025447 -0.555570233019603 0
    outer loop
      vertex 11.697447553387908 15.03738613808277 0.40000000000000013
      vertex 11.51317279836453 15.31317279836453 0
      vertex 11.697447553387908 15.03738613808277 0
    endloop
  endfacet
  facet normal -0.1950903220161302 -0.9807852804032301 1.1968372405698174e-17
    outer loop
      vertex 10.7 15.65 0.40000000000000013
      vertex 11.140085947219852 15.56246146238798 0
      vertex 11.140085947219852 15.56246146238798 0.40000000000000013
    endloop
  endfacet
  facet normal -0.8314696123025447 -0.555570233019603 -1.3331334169977903e-18
    outer loop
      vertex 11.697447553387908 15.03738613808277 0.40000000000000013
      vertex 11.51317279836453 15.31317279836453 0.40000000000000013
      vertex 11.51317279836453 15.31317279836453 0
    endloop
  endfacet
  facet normal -0.5555702330196004 -0.8314696123025463 2.630631489111888e-17
    outer loop
      vertex 11.140085947219852 15.56246146238798 0.40000000000000013
      vertex 11.51317279836453 15.31317279836453 0
      vertex 11.51317279836453 15.31317279836453 0.40000000000000013
    endloop
  endfacet
  facet normal 0.5555702330196004 0.8314696123025463 0
    outer loop
      vertex 10.259914052780147 2.4375385376120207 0.40000000000000013
      vertex 10.259914052780147 2.4375385376120207 0
      vertex 9.88682720163547 2.68682720163547 0
    endloop
  endfacet
  facet normal 0.1950903220161293 0.9807852804032303 0
    outer loop
      vertex 10.7 2.35 0.40000000000000013
      vertex 10.7 2.35 0
      vertex 10.259914052780147 2.4375385376120207 0
    endloop
  endfacet
  facet normal 0.5555702330196004 0.8314696123025463 0
    outer loop
      vertex 9.88682720163547 2.68682720163547 0.40000000000000013
      vertex 10.259914052780147 2.4375385376120207 0.40000000000000013
      vertex 9.88682720163547 2.68682720163547 0
    endloop
  endfacet
  facet normal 0.1950903220161293 0.9807852804032303 0
    outer loop
      vertex 10.259914052780147 2.4375385376120207 0.40000000000000013
      vertex 10.7 2.35 0.40000000000000013
      vertex 10.259914052780147 2.4375385376120207 0
    endloop
  endfacet
  facet normal 0.8314696123025455 0.5555702330196018 0
    outer loop
      vertex 9.70255244661209 2.962613861917231 0.40000000000000013
      vertex 9.88682720163547 2.68682720163547 0
      vertex 9.70255244661209 2.962613861917231 0
    endloop
  endfacet
  facet normal 0.8314696123025455 0.5555702330196018 0
    outer loop
      vertex 9.88682720163547 2.68682720163547 0.40000000000000013
      vertex 9.88682720163547 2.68682720163547 0
      vertex 9.70255244661209 2.962613861917231 0.40000000000000013
    endloop
  endfacet
  facet normal 0.8314696123025455 -0.5555702330196018 0
    outer loop
      vertex 9.88682720163547 4.31317279836453 0.40000000000000013
      vertex 9.70255244661209 4.037386138082769 0
      vertex 9.88682720163547 4.31317279836453 0
    endloop
  endfacet
  facet normal 0.5555702330196004 -0.8314696123025463 0
    outer loop
      vertex 9.88682720163547 4.31317279836453 0.40000000000000013
      vertex 9.88682720163547 4.31317279836453 0
      vertex 10.259914052780147 4.562461462387979 0
    endloop
  endfacet
  facet normal 0.1950903220161302 -0.9807852804032301 0
    outer loop
      vertex 10.259914052780147 4.562461462387979 0.40000000000000013
      vertex 10.259914052780147 4.562461462387979 0
      vertex 10.7 4.65 0
    endloop
  endfacet
  facet normal 0.8314696123025455 -0.5555702330196018 0
    outer loop
      vertex 9.70255244661209 4.037386138082769 0.40000000000000013
      vertex 9.70255244661209 4.037386138082769 0
      vertex 9.88682720163547 4.31317279836453 0.40000000000000013
    endloop
  endfacet
  facet normal 0.5555702330196004 -0.8314696123025463 -2.630631489111888e-17
    outer loop
      vertex 9.88682720163547 4.31317279836453 0.40000000000000013
      vertex 10.259914052780147 4.562461462387979 0
      vertex 10.259914052780147 4.562461462387979 0.40000000000000013
    endloop
  endfacet
  facet normal 0.1950903220161302 -0.9807852804032301 -1.1968372405698174e-17
    outer loop
      vertex 10.259914052780147 4.562461462387979 0.40000000000000013
      vertex 10.7 4.65 0
      vertex 10.7 4.65 0.40000000000000013
    endloop
  endfacet
  facet normal -0.1950903220161293 0.9807852804032303 0
    outer loop
      vertex 11.140085947219852 2.4375385376120207 0.40000000000000013
      vertex 11.140085947219852 2.4375385376120207 0
      vertex 10.7 2.35 0
    endloop
  endfacet
  facet normal -0.5555702330196004 0.8314696123025463 0
    outer loop
      vertex 11.51317279836453 2.68682720163547 0.40000000000000013
      vertex 11.51317279836453 2.68682720163547 0
      vertex 11.140085947219852 2.4375385376120207 0
    endloop
  endfacet
  facet normal -0.1950903220161293 0.9807852804032303 0
    outer loop
      vertex 10.7 2.35 0.40000000000000013
      vertex 11.140085947219852 2.4375385376120207 0.40000000000000013
      vertex 10.7 2.35 0
    endloop
  endfacet
  facet normal -0.5555702330196004 0.8314696123025463 0
    outer loop
      vertex 11.140085947219852 2.4375385376120207 0.40000000000000013
      vertex 11.51317279836453 2.68682720163547 0.40000000000000013
      vertex 11.140085947219852 2.4375385376120207 0
    endloop
  endfacet
  facet normal -0.8314696123025455 0.5555702330196018 0
    outer loop
      vertex 11.51317279836453 2.68682720163547 0.40000000000000013
      vertex 11.697447553387908 2.962613861917231 0
      vertex 11.51317279836453 2.68682720163547 0
    endloop
  endfacet
  facet normal -0.8314696123025455 0.5555702330196018 -2.0258030722707044e-17
    outer loop
      vertex 11.51317279836453 2.68682720163547 0.40000000000000013
      vertex 11.697447553387908 2.962613861917231 0.40000000000000013
      vertex 11.697447553387908 2.962613861917231 0
    endloop
  endfacet
  facet normal -0.1950903220161302 -0.9807852804032301 0
    outer loop
      vertex 10.7 4.65 0.40000000000000013
      vertex 10.7 4.65 0
      vertex 11.140085947219852 4.562461462387979 0
    endloop
  endfacet
  facet normal -0.5555702330196004 -0.8314696123025463 0
    outer loop
      vertex 11.140085947219852 4.562461462387979 0.40000000000000013
      vertex 11.140085947219852 4.562461462387979 0
      vertex 11.51317279836453 4.31317279836453 0
    endloop
  endfacet
  facet normal -0.8314696123025455 -0.5555702330196018 0
    outer loop
      vertex 11.697447553387908 4.037386138082769 0.40000000000000013
      vertex 11.51317279836453 4.31317279836453 0
      vertex 11.697447553387908 4.037386138082769 0
    endloop
  endfacet
  facet normal -0.1950903220161302 -0.9807852804032301 1.1968372405698174e-17
    outer loop
      vertex 10.7 4.65 0.40000000000000013
      vertex 11.140085947219852 4.562461462387979 0
      vertex 11.140085947219852 4.562461462387979 0.40000000000000013
    endloop
  endfacet
  facet normal -0.8314696123025455 -0.5555702330196018 2.0258030722707044e-17
    outer loop
      vertex 11.697447553387908 4.037386138082769 0.40000000000000013
      vertex 11.51317279836453 4.31317279836453 0.40000000000000013
      vertex 11.51317279836453 4.31317279836453 0
    endloop
  endfacet
  facet normal -0.5555702330196004 -0.8314696123025463 0
    outer loop
      vertex 11.51317279836453 4.31317279836453 0.40000000000000013
      vertex 11.140085947219852 4.562461462387979 0.40000000000000013
      vertex 11.51317279836453 4.31317279836453 0
    endloop
  endfacet
  facet normal 0.8314696123025463 0.5555702330196004 0
    outer loop
      vertex 4.3868272016354695 8.18682720163547 0.40000000000000013
      vertex 4.3868272016354695 8.18682720163547 0
      vertex 4.13753853761202 8.559914052780147 0
    endloop
  endfacet
  facet normal 0.5555702330196005 0.8314696123025463 0
    outer loop
      vertex 4.3868272016354695 8.18682720163547 0.40000000000000013
      vertex 4.662613861917231 8.002552446612091 0
      vertex 4.3868272016354695 8.18682720163547 0
    endloop
  endfacet
  facet normal 0.9807852804032301 0.1950903220161302 0
    outer loop
      vertex 4.13753853761202 8.559914052780147 0.40000000000000013
      vertex 4.13753853761202 8.559914052780147 0
      vertex 4.049999999999999 9 0
    endloop
  endfacet
  facet normal 0.9807852804032301 -0.1950903220161302 0
    outer loop
      vertex 4.049999999999999 9 0.40000000000000013
      vertex 4.049999999999999 9 0
      vertex 4.13753853761202 9.440085947219853 0
    endloop
  endfacet
  facet normal 0.8314696123025463 0.5555702330196004 2.630631489111888e-17
    outer loop
      vertex 4.3868272016354695 8.18682720163547 0.40000000000000013
      vertex 4.13753853761202 8.559914052780147 0
      vertex 4.13753853761202 8.559914052780147 0.40000000000000013
    endloop
  endfacet
  facet normal 0.5555702330196005 0.8314696123025463 -1.0451009017969562e-17
    outer loop
      vertex 4.3868272016354695 8.18682720163547 0.40000000000000013
      vertex 4.662613861917231 8.002552446612091 0.40000000000000013
      vertex 4.662613861917231 8.002552446612091 0
    endloop
  endfacet
  facet normal 0.9807852804032301 0.1950903220161302 1.1968372405698174e-17
    outer loop
      vertex 4.13753853761202 8.559914052780147 0.40000000000000013
      vertex 4.049999999999999 9 0
      vertex 4.049999999999999 9 0.40000000000000013
    endloop
  endfacet
  facet normal 0.9807852804032301 -0.1950903220161302 -1.1968372405698174e-17
    outer loop
      vertex 4.049999999999999 9 0.40000000000000013
      vertex 4.13753853761202 9.440085947219853 0
      vertex 4.13753853761202 9.440085947219853 0.40000000000000013
    endloop
  endfacet
  facet normal 0.8314696123025463 -0.5555702330196004 0
    outer loop
      vertex 4.13753853761202 9.440085947219853 0.40000000000000013
      vertex 4.13753853761202 9.440085947219853 0
      vertex 4.3868272016354695 9.81317279836453 0
    endloop
  endfacet
  facet normal 0.5555702330196018 -0.8314696123025455 0
    outer loop
      vertex 4.66261386191723 9.997447553387909 0.40000000000000013
      vertex 4.3868272016354695 9.81317279836453 0
      vertex 4.66261386191723 9.997447553387909 0
    endloop
  endfacet
  facet normal 0.8314696123025463 -0.5555702330196004 -2.630631489111888e-17
    outer loop
      vertex 4.13753853761202 9.440085947219853 0.40000000000000013
      vertex 4.3868272016354695 9.81317279836453 0
      vertex 4.3868272016354695 9.81317279836453 0.40000000000000013
    endloop
  endfacet
  facet normal 0.5555702330196018 -0.8314696123025455 0
    outer loop
      vertex 4.3868272016354695 9.81317279836453 0.40000000000000013
      vertex 4.3868272016354695 9.81317279836453 0
      vertex 4.66261386191723 9.997447553387909 0.40000000000000013
    endloop
  endfacet
  facet normal -0.5555702330196005 0.8314696123025463 0
    outer loop
      vertex 5.737386138082767 8.002552446612091 0.40000000000000013
      vertex 6.013172798364529 8.18682720163547 0
      vertex 5.737386138082767 8.002552446612091 0
    endloop
  endfacet
  facet normal -0.8314696123025463 0.5555702330196004 0
    outer loop
      vertex 6.262461462387979 8.559914052780147 0.40000000000000013
      vertex 6.262461462387979 8.559914052780147 0
      vertex 6.013172798364529 8.18682720163547 0
    endloop
  endfacet
  facet normal -0.9807852804032301 0.1950903220161302 0
    outer loop
      vertex 6.35 9 0.40000000000000013
      vertex 6.35 9 0
      vertex 6.262461462387979 8.559914052780147 0
    endloop
  endfacet
  facet normal -0.9807852804032301 -0.1950903220161302 0
    outer loop
      vertex 6.262461462387979 9.440085947219853 0.40000000000000013
      vertex 6.262461462387979 9.440085947219853 0
      vertex 6.35 9 0
    endloop
  endfacet
  facet normal -0.5555702330196005 0.8314696123025463 1.0451009017969562e-17
    outer loop
      vertex 5.737386138082767 8.002552446612091 0.40000000000000013
      vertex 6.013172798364529 8.18682720163547 0.40000000000000013
      vertex 6.013172798364529 8.18682720163547 0
    endloop
  endfacet
  facet normal -0.8314696123025463 0.5555702330196004 0
    outer loop
      vertex 6.013172798364529 8.18682720163547 0.40000000000000013
      vertex 6.262461462387979 8.559914052780147 0.40000000000000013
      vertex 6.013172798364529 8.18682720163547 0
    endloop
  endfacet
  facet normal -0.9807852804032301 0.1950903220161302 0
    outer loop
      vertex 6.262461462387979 8.559914052780147 0.40000000000000013
      vertex 6.35 9 0.40000000000000013
      vertex 6.262461462387979 8.559914052780147 0
    endloop
  endfacet
  facet normal -0.9807852804032301 -0.1950903220161302 0
    outer loop
      vertex 6.35 9 0.40000000000000013
      vertex 6.262461462387979 9.440085947219853 0.40000000000000013
      vertex 6.35 9 0
    endloop
  endfacet
  facet normal -0.5555702330196018 -0.8314696123025455 0
    outer loop
      vertex 6.013172798364529 9.81317279836453 0.40000000000000013
      vertex 5.737386138082768 9.997447553387909 0
      vertex 6.013172798364529 9.81317279836453 0
    endloop
  endfacet
  facet normal -0.8314696123025463 -0.5555702330196004 0
    outer loop
      vertex 6.013172798364529 9.81317279836453 0.40000000000000013
      vertex 6.013172798364529 9.81317279836453 0
      vertex 6.262461462387979 9.440085947219853 0
    endloop
  endfacet
  facet normal -0.5555702330196018 -0.8314696123025455 0
    outer loop
      vertex 5.737386138082768 9.997447553387909 0.40000000000000013
      vertex 5.737386138082768 9.997447553387909 0
      vertex 6.013172798364529 9.81317279836453 0.40000000000000013
    endloop
  endfacet
  facet normal -0.8314696123025463 -0.5555702330196004 0
    outer loop
      vertex 6.262461462387979 9.440085947219853 0.40000000000000013
      vertex 6.013172798364529 9.81317279836453 0.40000000000000013
      vertex 6.262461462387979 9.440085947219853 0
    endloop
  endfacet
  facet normal 0.8314696123025463 0.5555702330196004 0
    outer loop
      vertex 15.38682720163547 8.18682720163547 0.40000000000000013
      vertex 15.38682720163547 8.18682720163547 0
      vertex 15.13753853761202 8.559914052780147 0
    endloop
  endfacet
  facet normal 0.9807852804032301 0.1950903220161302 0
    outer loop
      vertex 15.13753853761202 8.559914052780147 0.40000000000000013
      vertex 15.13753853761202 8.559914052780147 0
      vertex 15.049999999999999 9 0
    endloop
  endfacet
  facet normal 0.9807852804032301 -0.1950903220161302 0
    outer loop
      vertex 15.049999999999999 9 0.40000000000000013
      vertex 15.049999999999999 9 0
      vertex 15.13753853761202 9.440085947219853 0
    endloop
  endfacet
  facet normal 0.5555702330196005 0.8314696123025463 0
    outer loop
      vertex 15.38682720163547 8.18682720163547 0.40000000000000013
      vertex 15.662613861917231 8.002552446612091 0
      vertex 15.38682720163547 8.18682720163547 0
    endloop
  endfacet
  facet normal 0.8314696123025463 0.5555702330196004 2.630631489111888e-17
    outer loop
      vertex 15.38682720163547 8.18682720163547 0.40000000000000013
      vertex 15.13753853761202 8.559914052780147 0
      vertex 15.13753853761202 8.559914052780147 0.40000000000000013
    endloop
  endfacet
  facet normal 0.9807852804032301 0.1950903220161302 1.1968372405698174e-17
    outer loop
      vertex 15.13753853761202 8.559914052780147 0.40000000000000013
      vertex 15.049999999999999 9 0
      vertex 15.049999999999999 9 0.40000000000000013
    endloop
  endfacet
  facet normal 0.9807852804032301 -0.1950903220161302 -1.1968372405698174e-17
    outer loop
      vertex 15.049999999999999 9 0.40000000000000013
      vertex 15.13753853761202 9.440085947219853 0
      vertex 15.13753853761202 9.440085947219853 0.40000000000000013
    endloop
  endfacet
  facet normal 0.5555702330196005 0.8314696123025463 -1.0451009017969562e-17
    outer loop
      vertex 15.38682720163547 8.18682720163547 0.40000000000000013
      vertex 15.662613861917231 8.002552446612091 0.40000000000000013
      vertex 15.662613861917231 8.002552446612091 0
    endloop
  endfacet
  facet normal 0.8314696123025463 -0.5555702330196004 0
    outer loop
      vertex 15.13753853761202 9.440085947219853 0.40000000000000013
      vertex 15.13753853761202 9.440085947219853 0
      vertex 15.38682720163547 9.81317279836453 0
    endloop
  endfacet
  facet normal 0.5555702330195994 -0.8314696123025472 0
    outer loop
      vertex 15.66261386191723 9.997447553387907 0.40000000000000013
      vertex 15.38682720163547 9.81317279836453 0
      vertex 15.66261386191723 9.997447553387907 0
    endloop
  endfacet
  facet normal 0.8314696123025463 -0.5555702330196004 -2.630631489111888e-17
    outer loop
      vertex 15.13753853761202 9.440085947219853 0.40000000000000013
      vertex 15.38682720163547 9.81317279836453 0
      vertex 15.38682720163547 9.81317279836453 0.40000000000000013
    endloop
  endfacet
  facet normal 0.5555702330195994 -0.8314696123025472 0
    outer loop
      vertex 15.38682720163547 9.81317279836453 0.40000000000000013
      vertex 15.38682720163547 9.81317279836453 0
      vertex 15.66261386191723 9.997447553387907 0.40000000000000013
    endloop
  endfacet
  facet normal -0.5555702330195981 0.831469612302548 0
    outer loop
      vertex 16.737386138082766 8.002552446612091 0.40000000000000013
      vertex 17.01317279836453 8.18682720163547 0
      vertex 16.737386138082766 8.002552446612091 0
    endloop
  endfacet
  facet normal -0.8314696123025463 0.5555702330196004 0
    outer loop
      vertex 17.26246146238798 8.559914052780147 0.40000000000000013
      vertex 17.26246146238798 8.559914052780147 0
      vertex 17.01317279836453 8.18682720163547 0
    endloop
  endfacet
  facet normal -0.9807852804032308 0.19509032201612642 0
    outer loop
      vertex 17.349999999999998 9 0.40000000000000013
      vertex 17.349999999999998 9 0
      vertex 17.26246146238798 8.559914052780147 0
    endloop
  endfacet
  facet normal -0.9807852804032308 -0.19509032201612642 0
    outer loop
      vertex 17.26246146238798 9.440085947219853 0.40000000000000013
      vertex 17.26246146238798 9.440085947219853 0
      vertex 17.349999999999998 9 0
    endloop
  endfacet
  facet normal -0.5555702330195981 0.831469612302548 1.9568884618941255e-17
    outer loop
      vertex 16.737386138082766 8.002552446612091 0.40000000000000013
      vertex 17.01317279836453 8.18682720163547 0.40000000000000013
      vertex 17.01317279836453 8.18682720163547 0
    endloop
  endfacet
  facet normal -0.8314696123025463 0.5555702330196004 0
    outer loop
      vertex 17.01317279836453 8.18682720163547 0.40000000000000013
      vertex 17.26246146238798 8.559914052780147 0.40000000000000013
      vertex 17.01317279836453 8.18682720163547 0
    endloop
  endfacet
  facet normal -0.9807852804032308 0.19509032201612642 0
    outer loop
      vertex 17.26246146238798 8.559914052780147 0.40000000000000013
      vertex 17.349999999999998 9 0.40000000000000013
      vertex 17.26246146238798 8.559914052780147 0
    endloop
  endfacet
  facet normal -0.9807852804032308 -0.19509032201612642 0
    outer loop
      vertex 17.349999999999998 9 0.40000000000000013
      vertex 17.26246146238798 9.440085947219853 0.40000000000000013
      vertex 17.349999999999998 9 0
    endloop
  endfacet
  facet normal -0.555570233019603 -0.8314696123025447 0
    outer loop
      vertex 17.01317279836453 9.81317279836453 0.40000000000000013
      vertex 16.73738613808277 9.997447553387909 0
      vertex 17.01317279836453 9.81317279836453 0
    endloop
  endfacet
  facet normal -0.8314696123025463 -0.5555702330196004 0
    outer loop
      vertex 17.01317279836453 9.81317279836453 0.40000000000000013
      vertex 17.01317279836453 9.81317279836453 0
      vertex 17.26246146238798 9.440085947219853 0
    endloop
  endfacet
  facet normal -0.555570233019603 -0.8314696123025447 0
    outer loop
      vertex 16.73738613808277 9.997447553387909 0.40000000000000013
      vertex 16.73738613808277 9.997447553387909 0
      vertex 17.01317279836453 9.81317279836453 0.40000000000000013
    endloop
  endfacet
  facet normal -0.8314696123025463 -0.5555702330196004 0
    outer loop
      vertex 17.26246146238798 9.440085947219853 0.40000000000000013
      vertex 17.01317279836453 9.81317279836453 0.40000000000000013
      vertex 17.26246146238798 9.440085947219853 0
    endloop
  endfacet
  facet normal 0.5555702330196004 0.8314696123025463 0
    outer loop
      vertex 10.259914052780147 7.937538537612021 0.40000000000000013
      vertex 10.259914052780147 7.937538537612021 0
      vertex 9.88682720163547 8.18682720163547 0
    endloop
  endfacet
  facet normal 0.1950903220161302 0.9807852804032301 0
    outer loop
      vertex 10.7 7.85 0.40000000000000013
      vertex 10.7 7.85 0
      vertex 10.259914052780147 7.937538537612021 0
    endloop
  endfacet
  facet normal 0.1950903220161302 0.9807852804032301 0
    outer loop
      vertex 10.259914052780147 7.937538537612021 0.40000000000000013
      vertex 10.7 7.85 0.40000000000000013
      vertex 10.259914052780147 7.937538537612021 0
    endloop
  endfacet
  facet normal 0.8314696123025447 0.555570233019603 0
    outer loop
      vertex 9.70255244661209 8.46261386191723 0.40000000000000013
      vertex 9.88682720163547 8.18682720163547 0
      vertex 9.70255244661209 8.46261386191723 0
    endloop
  endfacet
  facet normal 0.8314696123025447 0.555570233019603 0
    outer loop
      vertex 9.88682720163547 8.18682720163547 0.40000000000000013
      vertex 9.88682720163547 8.18682720163547 0
      vertex 9.70255244661209 8.46261386191723 0.40000000000000013
    endloop
  endfacet
  facet normal 0.5555702330196004 0.8314696123025463 0
    outer loop
      vertex 9.88682720163547 8.18682720163547 0.40000000000000013
      vertex 10.259914052780147 7.937538537612021 0.40000000000000013
      vertex 9.88682720163547 8.18682720163547 0
    endloop
  endfacet
  facet normal 0.8314696123025447 -0.555570233019603 0
    outer loop
      vertex 9.88682720163547 9.81317279836453 0.40000000000000013
      vertex 9.70255244661209 9.53738613808277 0
      vertex 9.88682720163547 9.81317279836453 0
    endloop
  endfacet
  facet normal 0.5555702330196004 -0.8314696123025463 0
    outer loop
      vertex 9.88682720163547 9.81317279836453 0.40000000000000013
      vertex 9.88682720163547 9.81317279836453 0
      vertex 10.259914052780147 10.06246146238798 0
    endloop
  endfacet
  facet normal 0.1950903220161302 -0.9807852804032301 0
    outer loop
      vertex 10.259914052780147 10.06246146238798 0.40000000000000013
      vertex 10.259914052780147 10.06246146238798 0
      vertex 10.7 10.15 0
    endloop
  endfacet
  facet normal 0.8314696123025447 -0.555570233019603 0
    outer loop
      vertex 9.70255244661209 9.53738613808277 0.40000000000000013
      vertex 9.70255244661209 9.53738613808277 0
      vertex 9.88682720163547 9.81317279836453 0.40000000000000013
    endloop
  endfacet
  facet normal 0.5555702330196004 -0.8314696123025463 -2.630631489111888e-17
    outer loop
      vertex 9.88682720163547 9.81317279836453 0.40000000000000013
      vertex 10.259914052780147 10.06246146238798 0
      vertex 10.259914052780147 10.06246146238798 0.40000000000000013
    endloop
  endfacet
  facet normal 0.1950903220161302 -0.9807852804032301 -1.1968372405698174e-17
    outer loop
      vertex 10.259914052780147 10.06246146238798 0.40000000000000013
      vertex 10.7 10.15 0
      vertex 10.7 10.15 0.40000000000000013
    endloop
  endfacet
  facet normal -0.1950903220161302 0.9807852804032301 0
    outer loop
      vertex 11.140085947219852 7.937538537612021 0.40000000000000013
      vertex 11.140085947219852 7.937538537612021 0
      vertex 10.7 7.85 0
    endloop
  endfacet
  facet normal -0.1950903220161302 0.9807852804032301 0
    outer loop
      vertex 10.7 7.85 0.40000000000000013
      vertex 11.140085947219852 7.937538537612021 0.40000000000000013
      vertex 10.7 7.85 0
    endloop
  endfacet
  facet normal -0.5555702330196004 0.8314696123025463 0
    outer loop
      vertex 11.140085947219852 7.937538537612021 0.40000000000000013
      vertex 11.51317279836453 8.18682720163547 0.40000000000000013
      vertex 11.140085947219852 7.937538537612021 0
    endloop
  endfacet
  facet normal -0.5555702330196004 0.8314696123025463 0
    outer loop
      vertex 11.51317279836453 8.18682720163547 0.40000000000000013
      vertex 11.51317279836453 8.18682720163547 0
      vertex 11.140085947219852 7.937538537612021 0
    endloop
  endfacet
  facet normal -0.8314696123025447 0.555570233019603 0
    outer loop
      vertex 11.51317279836453 8.18682720163547 0.40000000000000013
      vertex 11.697447553387908 8.46261386191723 0
      vertex 11.51317279836453 8.18682720163547 0
    endloop
  endfacet
  facet normal -0.8314696123025447 0.555570233019603 1.3331334169977903e-18
    outer loop
      vertex 11.51317279836453 8.18682720163547 0.40000000000000013
      vertex 11.697447553387908 8.46261386191723 0.40000000000000013
      vertex 11.697447553387908 8.46261386191723 0
    endloop
  endfacet
  facet normal -0.5555702330196004 -0.8314696123025463 0
    outer loop
      vertex 11.140085947219852 10.06246146238798 0.40000000000000013
      vertex 11.140085947219852 10.06246146238798 0
      vertex 11.51317279836453 9.81317279836453 0
    endloop
  endfacet
  facet normal -0.1950903220161302 -0.9807852804032301 0
    outer loop
      vertex 10.7 10.15 0.40000000000000013
      vertex 10.7 10.15 0
      vertex 11.140085947219852 10.06246146238798 0
    endloop
  endfacet
  facet normal -0.8314696123025447 -0.555570233019603 0
    outer loop
      vertex 11.697447553387908 9.53738613808277 0.40000000000000013
      vertex 11.51317279836453 9.81317279836453 0
      vertex 11.697447553387908 9.53738613808277 0
    endloop
  endfacet
  facet normal -0.1950903220161302 -0.9807852804032301 0
    outer loop
      vertex 11.140085947219852 10.06246146238798 0.40000000000000013
      vertex 10.7 10.15 0.40000000000000013
      vertex 11.140085947219852 10.06246146238798 0
    endloop
  endfacet
  facet normal -0.5555702330196004 -0.8314696123025463 2.630631489111888e-17
    outer loop
      vertex 11.140085947219852 10.06246146238798 0.40000000000000013
      vertex 11.51317279836453 9.81317279836453 0
      vertex 11.51317279836453 9.81317279836453 0.40000000000000013
    endloop
  endfacet
  facet normal -0.8314696123025447 -0.555570233019603 -1.3331334169977903e-18
    outer loop
      vertex 11.697447553387908 9.53738613808277 0.40000000000000013
      vertex 11.51317279836453 9.81317279836453 0.40000000000000013
      vertex 11.51317279836453 9.81317279836453 0
    endloop
  endfacet
  facet normal 0.9238795325112873 0.38268343236508867 0
    outer loop
      vertex 3.2511112605663968 18.51177143234622 1.2000000000000002
      vertex 3.4009618943233413 18.15 0
      vertex 3.2511112605663968 18.51177143234622 0
    endloop
  endfacet
  facet normal 0.9914448613738104 0.13052619222005182 0
    outer loop
      vertex 3.1999999999999993 18.9 1.2000000000000002
      vertex 3.2511112605663968 18.51177143234622 0
      vertex 3.1999999999999993 18.9 0
    endloop
  endfacet
  facet normal 0.9914448613738104 -0.13052619222005182 0
    outer loop
      vertex 3.2511112605663968 19.28822856765378 1.2000000000000002
      vertex 3.1999999999999993 18.9 0
      vertex 3.2511112605663968 19.28822856765378 0
    endloop
  endfacet
  facet normal 0.9238795325112872 -0.3826834323650887 1.6257608083483267e-16
    outer loop
      vertex 3.3595405380860326 19.55 1.2000000000000002
      vertex 3.2511112605663968 19.28822856765378 0
      vertex 3.4009618943233413 19.65 0
    endloop
  endfacet
  facet normal 0.9238795325112873 0.38268343236508845 6.791779929451704e-17
    outer loop
      vertex 3.2511112605663968 18.51177143234622 1.2000000000000002
      vertex 3.3595405380860313 18.25 1.2000000000000002
      vertex 3.4009618943233413 18.15 0
    endloop
  endfacet
  facet normal 0.9914448613738104 0.13052619222005182 0
    outer loop
      vertex 3.2511112605663968 18.51177143234622 1.2000000000000002
      vertex 3.2511112605663968 18.51177143234622 0
      vertex 3.1999999999999993 18.9 1.2000000000000002
    endloop
  endfacet
  facet normal 0.7933533402912367 0.6087614290087187 2.866275999767335e-18
    outer loop
      vertex 3.639339828220178 17.839339828220176 0
      vertex 3.4009618943233413 18.15 0
      vertex 3.4009618943233413 18.15 2.2
    endloop
  endfacet
  facet normal 0.6087614290087182 0.7933533402912372 -1.84316799925986e-18
    outer loop
      vertex 3.9499999999999993 17.60096189432334 0
      vertex 3.639339828220178 17.839339828220176 0
      vertex 3.639339828220178 17.839339828220176 2.2
    endloop
  endfacet
  facet normal 0.3826834323650902 0.9238795325112865 -2.925761684504472e-18
    outer loop
      vertex 4.311771432346218 17.451111260566396 0
      vertex 3.9499999999999993 17.60096189432334 0
      vertex 3.9499999999999993 17.60096189432334 2.2
    endloop
  endfacet
  facet normal 0.1305261922200512 0.9914448613738105 -1.5476563343516057e-18
    outer loop
      vertex 4.699999999999999 17.4 0
      vertex 4.311771432346218 17.451111260566396 0
      vertex 4.311771432346218 17.451111260566396 2.2
    endloop
  endfacet
  facet normal -0.1305261922200512 0.9914448613738105 1.5476563343516057e-18
    outer loop
      vertex 5.088228567653781 17.451111260566396 0
      vertex 4.699999999999999 17.4 0
      vertex 4.699999999999999 17.4 2.2
    endloop
  endfacet
  facet normal -0.3826834323650902 0.9238795325112865 2.925761684504472e-18
    outer loop
      vertex 5.449999999999999 17.60096189432334 0
      vertex 5.088228567653781 17.451111260566396 0
      vertex 5.088228567653781 17.451111260566396 2.2
    endloop
  endfacet
  facet normal 0.9914448613738104 -0.13052619222005182 0
    outer loop
      vertex 3.1999999999999993 18.9 1.2000000000000002
      vertex 3.1999999999999993 18.9 0
      vertex 3.2511112605663968 19.28822856765378 1.2000000000000002
    endloop
  endfacet
  facet normal 0.9238795325112875 -0.38268343236508806 0
    outer loop
      vertex 3.2511112605663968 19.28822856765378 1.2000000000000002
      vertex 3.2511112605663968 19.28822856765378 0
      vertex 3.3595405380860326 19.55 1.2000000000000002
    endloop
  endfacet
  facet normal 0.7933533402912367 -0.6087614290087187 -2.866275999767335e-18
    outer loop
      vertex 3.4009618943233413 19.65 0
      vertex 3.639339828220178 19.96066017177982 0
      vertex 3.639339828220178 19.96066017177982 2.2
    endloop
  endfacet
  facet normal 0.6087614290087182 -0.7933533402912372 1.84316799925986e-18
    outer loop
      vertex 3.639339828220178 19.96066017177982 0
      vertex 3.9499999999999993 20.199038105676657 0
      vertex 3.9499999999999993 20.199038105676657 2.2
    endloop
  endfacet
  facet normal 0.3826834323650902 -0.9238795325112865 2.925761684504472e-18
    outer loop
      vertex 3.9499999999999993 20.199038105676657 0
      vertex 4.311771432346218 20.3488887394336 0
      vertex 4.311771432346218 20.3488887394336 2.2
    endloop
  endfacet
  facet normal 0.1305261922200512 -0.9914448613738105 1.5476563343516057e-18
    outer loop
      vertex 4.311771432346218 20.3488887394336 0
      vertex 4.699999999999999 20.4 0
      vertex 4.699999999999999 20.4 2.2
    endloop
  endfacet
  facet normal -0.1305261922200512 -0.9914448613738105 -1.5476563343516057e-18
    outer loop
      vertex 4.699999999999999 20.4 0
      vertex 5.088228567653781 20.3488887394336 0
      vertex 5.088228567653781 20.3488887394336 2.2
    endloop
  endfacet
  facet normal -0.3826834323650902 -0.9238795325112865 -2.925761684504472e-18
    outer loop
      vertex 5.088228567653781 20.3488887394336 0
      vertex 5.449999999999999 20.199038105676657 0
      vertex 5.449999999999999 20.199038105676657 2.2
    endloop
  endfacet
  facet normal -0.9238795325112872 0.3826834323650887 -2.873099653168055e-16
    outer loop
      vertex 6.040459461913967 18.25 1.2000000000000002
      vertex 6.148888739433602 18.51177143234622 0
      vertex 5.999038105676657 18.15 0
    endloop
  endfacet
  facet normal -0.9914448613738104 0.13052619222005182 0
    outer loop
      vertex 6.148888739433602 18.51177143234622 1.2000000000000002
      vertex 6.199999999999999 18.9 0
      vertex 6.148888739433602 18.51177143234622 0
    endloop
  endfacet
  facet normal -0.9914448613738104 -0.13052619222005182 0
    outer loop
      vertex 6.199999999999999 18.9 1.2000000000000002
      vertex 6.148888739433602 19.28822856765378 0
      vertex 6.199999999999999 18.9 0
    endloop
  endfacet
  facet normal -0.9238795325112873 -0.38268343236508867 0
    outer loop
      vertex 6.148888739433602 19.28822856765378 1.2000000000000002
      vertex 5.999038105676657 19.65 0
      vertex 6.148888739433602 19.28822856765378 0
    endloop
  endfacet
  facet normal -0.6087614290087188 0.7933533402912366 7.834342347737838e-18
    outer loop
      vertex 5.76066017177982 17.839339828220176 0
      vertex 5.449999999999999 17.60096189432334 0
      vertex 5.449999999999999 17.60096189432334 2.2
    endloop
  endfacet
  facet normal -0.7933533402912362 0.6087614290087194 0
    outer loop
      vertex 5.76066017177982 17.839339828220176 0
      vertex 5.76066017177982 17.839339828220176 2.2
      vertex 5.999038105676657 18.15 0
    endloop
  endfacet
  facet normal -0.9238795325112867 0.38268343236508984 2.429979691991339e-18
    outer loop
      vertex 6.040459461913967 18.25 1.2000000000000002
      vertex 6.148888739433602 18.51177143234622 1.2000000000000002
      vertex 6.148888739433602 18.51177143234622 0
    endloop
  endfacet
  facet normal -0.6087614290087188 -0.7933533402912366 -7.834342347737838e-18
    outer loop
      vertex 5.449999999999999 20.199038105676657 0
      vertex 5.76066017177982 19.96066017177982 0
      vertex 5.76066017177982 19.96066017177982 2.2
    endloop
  endfacet
  facet normal -0.7933533402912362 -0.6087614290087194 3.814707332069792e-18
    outer loop
      vertex 5.76066017177982 19.96066017177982 0
      vertex 5.999038105676657 19.65 0
      vertex 5.999038105676657 19.65 2.2
    endloop
  endfacet
  facet normal -0.9914448613738104 0.13052619222005182 1.5898201533373031e-18
    outer loop
      vertex 6.148888739433602 18.51177143234622 1.2000000000000002
      vertex 6.199999999999999 18.9 1.2000000000000002
      vertex 6.199999999999999 18.9 0
    endloop
  endfacet
  facet normal -0.9914448613738104 -0.13052619222005182 -1.5898201533373031e-18
    outer loop
      vertex 6.199999999999999 18.9 1.2000000000000002
      vertex 6.148888739433602 19.28822856765378 1.2000000000000002
      vertex 6.148888739433602 19.28822856765378 0
    endloop
  endfacet
  facet normal -0.9238795325112875 -0.38268343236508806 2.2179235750415046e-16
    outer loop
      vertex 6.148888739433602 19.28822856765378 1.2000000000000002
      vertex 6.040459461913966 19.55 1.2000000000000002
      vertex 5.999038105676657 19.65 0
    endloop
  endfacet
  facet normal 0.923879532511287 0.3826834323650892 4.926403826796362e-19
    outer loop
      vertex 3.3595405380860313 18.25 1.2000000000000002
      vertex 3.4009618943233413 18.15 2.2
      vertex 3.4009618943233413 18.15 0
    endloop
  endfacet
  facet normal 0.7933533402912367 0.6087614290087187 0
    outer loop
      vertex 3.639339828220178 17.839339828220176 0
      vertex 3.4009618943233413 18.15 2.2
      vertex 3.639339828220178 17.839339828220176 2.2
    endloop
  endfacet
  facet normal 0.6087614290087182 0.7933533402912372 0
    outer loop
      vertex 3.9499999999999993 17.60096189432334 0
      vertex 3.639339828220178 17.839339828220176 2.2
      vertex 3.9499999999999993 17.60096189432334 2.2
    endloop
  endfacet
  facet normal 0.3826834323650902 0.9238795325112865 0
    outer loop
      vertex 4.311771432346218 17.451111260566396 0
      vertex 3.9499999999999993 17.60096189432334 2.2
      vertex 4.311771432346218 17.451111260566396 2.2
    endloop
  endfacet
  facet normal 0.1305261922200512 0.9914448613738105 0
    outer loop
      vertex 4.699999999999999 17.4 0
      vertex 4.311771432346218 17.451111260566396 2.2
      vertex 4.699999999999999 17.4 2.2
    endloop
  endfacet
  facet normal -0.1305261922200512 0.9914448613738105 0
    outer loop
      vertex 5.088228567653781 17.451111260566396 0
      vertex 4.699999999999999 17.4 2.2
      vertex 5.088228567653781 17.451111260566396 2.2
    endloop
  endfacet
  facet normal -0.3826834323650902 0.9238795325112865 0
    outer loop
      vertex 5.449999999999999 17.60096189432334 0
      vertex 5.088228567653781 17.451111260566396 2.2
      vertex 5.449999999999999 17.60096189432334 2.2
    endloop
  endfacet
  facet normal 0.9238795325112865 -0.38268343236509034 -1.4465060359983766e-18
    outer loop
      vertex 3.3595405380860326 19.55 1.2000000000000002
      vertex 3.4009618943233413 19.65 0
      vertex 3.4009618943233413 19.65 2.2
    endloop
  endfacet
  facet normal 0.7933533402912367 -0.6087614290087187 0
    outer loop
      vertex 3.4009618943233413 19.65 0
      vertex 3.639339828220178 19.96066017177982 2.2
      vertex 3.4009618943233413 19.65 2.2
    endloop
  endfacet
  facet normal 0.6087614290087182 -0.7933533402912372 0
    outer loop
      vertex 3.639339828220178 19.96066017177982 0
      vertex 3.9499999999999993 20.199038105676657 2.2
      vertex 3.639339828220178 19.96066017177982 2.2
    endloop
  endfacet
  facet normal 0.3826834323650902 -0.9238795325112865 0
    outer loop
      vertex 3.9499999999999993 20.199038105676657 0
      vertex 4.311771432346218 20.3488887394336 2.2
      vertex 3.9499999999999993 20.199038105676657 2.2
    endloop
  endfacet
  facet normal 0.1305261922200512 -0.9914448613738105 0
    outer loop
      vertex 4.311771432346218 20.3488887394336 0
      vertex 4.699999999999999 20.4 2.2
      vertex 4.311771432346218 20.3488887394336 2.2
    endloop
  endfacet
  facet normal -0.1305261922200512 -0.9914448613738105 0
    outer loop
      vertex 4.699999999999999 20.4 0
      vertex 5.088228567653781 20.3488887394336 2.2
      vertex 4.699999999999999 20.4 2.2
    endloop
  endfacet
  facet normal -0.3826834323650902 -0.9238795325112865 0
    outer loop
      vertex 5.088228567653781 20.3488887394336 0
      vertex 5.449999999999999 20.199038105676657 2.2
      vertex 5.088228567653781 20.3488887394336 2.2
    endloop
  endfacet
  facet normal 0.923879532511287 0.3826834323650892 0
    outer loop
      vertex 3.3595405380860313 18.25 1.2000000000000002
      vertex 3.3595405380860313 18.25 2.2
      vertex 3.4009618943233413 18.15 2.2
    endloop
  endfacet
  facet normal 0.9238795325112866 -0.38268343236509034 0
    outer loop
      vertex 3.3595405380860326 19.55 1.2000000000000002
      vertex 3.4009618943233413 19.65 2.2
      vertex 3.3595405380860326 19.55 2.2
    endloop
  endfacet
  facet normal -0.9238795325112884 0.38268343236508573 -1.2211292526921904e-18
    outer loop
      vertex 6.040459461913967 18.25 1.2000000000000002
      vertex 5.999038105676657 18.15 0
      vertex 5.999038105676657 18.15 2.2
    endloop
  endfacet
  facet normal -0.6087614290087188 0.7933533402912366 0
    outer loop
      vertex 5.76066017177982 17.839339828220176 0
      vertex 5.449999999999999 17.60096189432334 2.2
      vertex 5.76066017177982 17.839339828220176 2.2
    endloop
  endfacet
  facet normal -0.7933533402912362 0.6087614290087194 0
    outer loop
      vertex 5.999038105676657 18.15 0
      vertex 5.76066017177982 17.839339828220176 2.2
      vertex 5.999038105676657 18.15 2.2
    endloop
  endfacet
  facet normal -0.9238795325112865 -0.38268343236509034 1.4465060359983764e-18
    outer loop
      vertex 6.040459461913966 19.55 1.2000000000000002
      vertex 5.999038105676657 19.65 2.2
      vertex 5.999038105676657 19.65 0
    endloop
  endfacet
  facet normal -0.7933533402912362 -0.6087614290087194 0
    outer loop
      vertex 5.76066017177982 19.96066017177982 0
      vertex 5.999038105676657 19.65 2.2
      vertex 5.76066017177982 19.96066017177982 2.2
    endloop
  endfacet
  facet normal -0.6087614290087188 -0.7933533402912366 0
    outer loop
      vertex 5.449999999999999 20.199038105676657 0
      vertex 5.76066017177982 19.96066017177982 2.2
      vertex 5.449999999999999 20.199038105676657 2.2
    endloop
  endfacet
  facet normal -0.9238795325112884 0.38268343236508573 0
    outer loop
      vertex 6.040459461913967 18.25 1.2000000000000002
      vertex 5.999038105676657 18.15 2.2
      vertex 6.040459461913967 18.25 2.2
    endloop
  endfacet
  facet normal -0.9238795325112866 -0.38268343236509034 0
    outer loop
      vertex 6.040459461913966 19.55 1.2000000000000002
      vertex 6.040459461913966 19.55 2.2
      vertex 5.999038105676657 19.65 2.2
    endloop
  endfacet
  facet normal 0.9238795325112873 0.38268343236508867 0
    outer loop
      vertex 9.251111260566397 18.51177143234622 1.2000000000000002
      vertex 9.400961894323341 18.15 0
      vertex 9.251111260566397 18.51177143234622 0
    endloop
  endfacet
  facet normal 0.9914448613738104 0.13052619222005182 0
    outer loop
      vertex 9.2 18.9 1.2000000000000002
      vertex 9.251111260566397 18.51177143234622 0
      vertex 9.2 18.9 0
    endloop
  endfacet
  facet normal 0.9914448613738104 -0.13052619222005182 0
    outer loop
      vertex 9.251111260566397 19.28822856765378 1.2000000000000002
      vertex 9.2 18.9 0
      vertex 9.251111260566397 19.28822856765378 0
    endloop
  endfacet
  facet normal 0.9238795325112872 -0.38268343236508867 -5.211325600784824e-16
    outer loop
      vertex 9.359540538086033 19.55 1.2000000000000002
      vertex 9.251111260566397 19.28822856765378 0
      vertex 9.400961894323341 19.65 0
    endloop
  endfacet
  facet normal 0.9238795325112867 0.38268343236508984 -3.965999658221331e-16
    outer loop
      vertex 9.359540538086032 18.25 1.2000000000000002
      vertex 9.400961894323341 18.15 0
      vertex 9.251111260566397 18.51177143234622 1.2000000000000002
    endloop
  endfacet
  facet normal 0.9914448613738104 0.13052619222005182 0
    outer loop
      vertex 9.251111260566397 18.51177143234622 1.2000000000000002
      vertex 9.251111260566397 18.51177143234622 0
      vertex 9.2 18.9 1.2000000000000002
    endloop
  endfacet
  facet normal 0.7933533402912362 0.6087614290087194 3.814707332069792e-18
    outer loop
      vertex 9.639339828220178 17.839339828220176 0
      vertex 9.400961894323341 18.15 0
      vertex 9.400961894323341 18.15 2.2
    endloop
  endfacet
  facet normal 0.6087614290087188 0.7933533402912366 -7.834342347737838e-18
    outer loop
      vertex 9.95 17.60096189432334 0
      vertex 9.639339828220178 17.839339828220176 0
      vertex 9.639339828220178 17.839339828220176 2.2
    endloop
  endfacet
  facet normal 0.3826834323650902 0.9238795325112865 -2.925761684504472e-18
    outer loop
      vertex 10.311771432346218 17.451111260566396 0
      vertex 9.95 17.60096189432334 0
      vertex 9.95 17.60096189432334 2.2
    endloop
  endfacet
  facet normal 0.1305261922200512 0.9914448613738105 -1.5476563343516057e-18
    outer loop
      vertex 10.7 17.4 0
      vertex 10.311771432346218 17.451111260566396 0
      vertex 10.311771432346218 17.451111260566396 2.2
    endloop
  endfacet
  facet normal 0.9914448613738104 -0.13052619222005182 0
    outer loop
      vertex 9.2 18.9 1.2000000000000002
      vertex 9.2 18.9 0
      vertex 9.251111260566397 19.28822856765378 1.2000000000000002
    endloop
  endfacet
  facet normal 0.9238795325112863 -0.38268343236509067 0
    outer loop
      vertex 9.251111260566397 19.28822856765378 1.2000000000000002
      vertex 9.251111260566397 19.28822856765378 0
      vertex 9.359540538086033 19.55 1.2000000000000002
    endloop
  endfacet
  facet normal 0.7933533402912362 -0.6087614290087194 -3.814707332069792e-18
    outer loop
      vertex 9.400961894323341 19.65 0
      vertex 9.639339828220178 19.96066017177982 0
      vertex 9.639339828220178 19.96066017177982 2.2
    endloop
  endfacet
  facet normal 0.6087614290087188 -0.7933533402912366 7.834342347737838e-18
    outer loop
      vertex 9.639339828220178 19.96066017177982 0
      vertex 9.95 20.199038105676657 0
      vertex 9.95 20.199038105676657 2.2
    endloop
  endfacet
  facet normal 0.3826834323650902 -0.9238795325112865 2.925761684504472e-18
    outer loop
      vertex 9.95 20.199038105676657 0
      vertex 10.311771432346218 20.3488887394336 0
      vertex 10.311771432346218 20.3488887394336 2.2
    endloop
  endfacet
  facet normal 0.1305261922200512 -0.9914448613738105 1.5476563343516057e-18
    outer loop
      vertex 10.311771432346218 20.3488887394336 0
      vertex 10.7 20.4 0
      vertex 10.7 20.4 2.2
    endloop
  endfacet
  facet normal 0.9238795325112884 0.38268343236508573 1.2211292526921904e-18
    outer loop
      vertex 9.359540538086032 18.25 1.2000000000000002
      vertex 9.400961894323341 18.15 2.2
      vertex 9.400961894323341 18.15 0
    endloop
  endfacet
  facet normal 0.7933533402912362 0.6087614290087194 0
    outer loop
      vertex 9.639339828220178 17.839339828220176 0
      vertex 9.400961894323341 18.15 2.2
      vertex 9.639339828220178 17.839339828220176 2.2
    endloop
  endfacet
  facet normal 0.6087614290087188 0.7933533402912366 0
    outer loop
      vertex 9.95 17.60096189432334 0
      vertex 9.639339828220178 17.839339828220176 2.2
      vertex 9.95 17.60096189432334 2.2
    endloop
  endfacet
  facet normal 0.3826834323650902 0.9238795325112865 0
    outer loop
      vertex 10.311771432346218 17.451111260566396 0
      vertex 9.95 17.60096189432334 2.2
      vertex 10.311771432346218 17.451111260566396 2.2
    endloop
  endfacet
  facet normal 0.1305261922200512 0.9914448613738105 0
    outer loop
      vertex 10.7 17.4 0
      vertex 10.311771432346218 17.451111260566396 2.2
      vertex 10.7 17.4 2.2
    endloop
  endfacet
  facet normal 0.9238795325112893 -0.38268343236508334 7.389605740393592e-19
    outer loop
      vertex 9.359540538086033 19.55 1.2000000000000002
      vertex 9.400961894323341 19.65 0
      vertex 9.400961894323341 19.65 2.2
    endloop
  endfacet
  facet normal 0.7933533402912362 -0.6087614290087194 0
    outer loop
      vertex 9.400961894323341 19.65 0
      vertex 9.639339828220178 19.96066017177982 2.2
      vertex 9.400961894323341 19.65 2.2
    endloop
  endfacet
  facet normal 0.6087614290087188 -0.7933533402912366 0
    outer loop
      vertex 9.639339828220178 19.96066017177982 0
      vertex 9.95 20.199038105676657 2.2
      vertex 9.639339828220178 19.96066017177982 2.2
    endloop
  endfacet
  facet normal 0.3826834323650902 -0.9238795325112865 0
    outer loop
      vertex 9.95 20.199038105676657 0
      vertex 10.311771432346218 20.3488887394336 2.2
      vertex 9.95 20.199038105676657 2.2
    endloop
  endfacet
  facet normal 0.1305261922200512 -0.9914448613738105 0
    outer loop
      vertex 10.311771432346218 20.3488887394336 0
      vertex 10.7 20.4 2.2
      vertex 10.311771432346218 20.3488887394336 2.2
    endloop
  endfacet
  facet normal 0.9238795325112884 0.38268343236508573 0
    outer loop
      vertex 9.359540538086032 18.25 1.2000000000000002
      vertex 9.359540538086032 18.25 2.2
      vertex 9.400961894323341 18.15 2.2
    endloop
  endfacet
  facet normal 0.9238795325112894 -0.38268343236508334 0
    outer loop
      vertex 9.359540538086033 19.55 1.2000000000000002
      vertex 9.400961894323341 19.65 2.2
      vertex 9.359540538086033 19.55 2.2
    endloop
  endfacet
  facet normal -0.9238795325112872 0.3826834323650887 -2.873099653168055e-16
    outer loop
      vertex 12.040459461913967 18.25 1.2000000000000002
      vertex 12.148888739433602 18.51177143234622 0
      vertex 11.999038105676657 18.15 0
    endloop
  endfacet
  facet normal -0.9914448613738104 0.13052619222005182 0
    outer loop
      vertex 12.148888739433602 18.51177143234622 1.2000000000000002
      vertex 12.2 18.9 0
      vertex 12.148888739433602 18.51177143234622 0
    endloop
  endfacet
  facet normal -0.9914448613738104 -0.13052619222005182 0
    outer loop
      vertex 12.2 18.9 1.2000000000000002
      vertex 12.148888739433602 19.28822856765378 0
      vertex 12.2 18.9 0
    endloop
  endfacet
  facet normal -0.9238795325112873 -0.38268343236508867 0
    outer loop
      vertex 12.148888739433602 19.28822856765378 1.2000000000000002
      vertex 11.999038105676657 19.65 0
      vertex 12.148888739433602 19.28822856765378 0
    endloop
  endfacet
  facet normal -0.1305261922200512 0.9914448613738105 1.5476563343516057e-18
    outer loop
      vertex 11.08822856765378 17.451111260566396 0
      vertex 10.7 17.4 0
      vertex 10.7 17.4 2.2
    endloop
  endfacet
  facet normal -0.3826834323650902 0.9238795325112865 2.925761684504472e-18
    outer loop
      vertex 11.45 17.60096189432334 0
      vertex 11.08822856765378 17.451111260566396 0
      vertex 11.08822856765378 17.451111260566396 2.2
    endloop
  endfacet
  facet normal -0.6087614290087188 0.7933533402912366 7.834342347737838e-18
    outer loop
      vertex 11.76066017177982 17.839339828220176 0
      vertex 11.45 17.60096189432334 0
      vertex 11.45 17.60096189432334 2.2
    endloop
  endfacet
  facet normal -0.7933533402912362 0.6087614290087194 0
    outer loop
      vertex 11.76066017177982 17.839339828220176 0
      vertex 11.76066017177982 17.839339828220176 2.2
      vertex 11.999038105676657 18.15 0
    endloop
  endfacet
  facet normal -0.9238795325112867 0.38268343236508984 2.429979691991339e-18
    outer loop
      vertex 12.040459461913967 18.25 1.2000000000000002
      vertex 12.148888739433602 18.51177143234622 1.2000000000000002
      vertex 12.148888739433602 18.51177143234622 0
    endloop
  endfacet
  facet normal -0.6087614290087188 -0.7933533402912366 -7.834342347737838e-18
    outer loop
      vertex 11.45 20.199038105676657 0
      vertex 11.76066017177982 19.96066017177982 0
      vertex 11.76066017177982 19.96066017177982 2.2
    endloop
  endfacet
  facet normal -0.7933533402912362 -0.6087614290087194 3.814707332069792e-18
    outer loop
      vertex 11.76066017177982 19.96066017177982 0
      vertex 11.999038105676657 19.65 0
      vertex 11.999038105676657 19.65 2.2
    endloop
  endfacet
  facet normal -0.1305261922200512 -0.9914448613738105 -1.5476563343516057e-18
    outer loop
      vertex 10.7 20.4 0
      vertex 11.08822856765378 20.3488887394336 0
      vertex 11.08822856765378 20.3488887394336 2.2
    endloop
  endfacet
  facet normal -0.3826834323650902 -0.9238795325112865 -2.925761684504472e-18
    outer loop
      vertex 11.08822856765378 20.3488887394336 0
      vertex 11.45 20.199038105676657 0
      vertex 11.45 20.199038105676657 2.2
    endloop
  endfacet
  facet normal -0.9914448613738104 0.13052619222005182 1.5898201533373031e-18
    outer loop
      vertex 12.148888739433602 18.51177143234622 1.2000000000000002
      vertex 12.2 18.9 1.2000000000000002
      vertex 12.2 18.9 0
    endloop
  endfacet
  facet normal -0.9914448613738104 -0.13052619222005182 -1.5898201533373031e-18
    outer loop
      vertex 12.2 18.9 1.2000000000000002
      vertex 12.148888739433602 19.28822856765378 1.2000000000000002
      vertex 12.148888739433602 19.28822856765378 0
    endloop
  endfacet
  facet normal -0.9238795325112863 -0.38268343236509067 -7.232392555133692e-16
    outer loop
      vertex 12.148888739433602 19.28822856765378 1.2000000000000002
      vertex 12.040459461913965 19.55 1.2000000000000002
      vertex 11.999038105676657 19.65 0
    endloop
  endfacet
  facet normal -0.9238795325112884 0.38268343236508573 -1.2211292526921904e-18
    outer loop
      vertex 12.040459461913967 18.25 1.2000000000000002
      vertex 11.999038105676657 18.15 0
      vertex 11.999038105676657 18.15 2.2
    endloop
  endfacet
  facet normal -0.1305261922200512 0.9914448613738105 0
    outer loop
      vertex 11.08822856765378 17.451111260566396 0
      vertex 10.7 17.4 2.2
      vertex 11.08822856765378 17.451111260566396 2.2
    endloop
  endfacet
  facet normal -0.3826834323650902 0.9238795325112865 0
    outer loop
      vertex 11.45 17.60096189432334 0
      vertex 11.08822856765378 17.451111260566396 2.2
      vertex 11.45 17.60096189432334 2.2
    endloop
  endfacet
  facet normal -0.6087614290087188 0.7933533402912366 0
    outer loop
      vertex 11.76066017177982 17.839339828220176 0
      vertex 11.45 17.60096189432334 2.2
      vertex 11.76066017177982 17.839339828220176 2.2
    endloop
  endfacet
  facet normal -0.7933533402912362 0.6087614290087194 0
    outer loop
      vertex 11.999038105676657 18.15 0
      vertex 11.76066017177982 17.839339828220176 2.2
      vertex 11.999038105676657 18.15 2.2
    endloop
  endfacet
  facet normal -0.9238795325112894 -0.3826834323650833 -7.389605740393592e-19
    outer loop
      vertex 12.040459461913965 19.55 1.2000000000000002
      vertex 11.999038105676657 19.65 2.2
      vertex 11.999038105676657 19.65 0
    endloop
  endfacet
  facet normal -0.7933533402912362 -0.6087614290087194 0
    outer loop
      vertex 11.76066017177982 19.96066017177982 0
      vertex 11.999038105676657 19.65 2.2
      vertex 11.76066017177982 19.96066017177982 2.2
    endloop
  endfacet
  facet normal -0.1305261922200512 -0.9914448613738105 0
    outer loop
      vertex 10.7 20.4 0
      vertex 11.08822856765378 20.3488887394336 2.2
      vertex 10.7 20.4 2.2
    endloop
  endfacet
  facet normal -0.3826834323650902 -0.9238795325112865 0
    outer loop
      vertex 11.08822856765378 20.3488887394336 0
      vertex 11.45 20.199038105676657 2.2
      vertex 11.08822856765378 20.3488887394336 2.2
    endloop
  endfacet
  facet normal -0.6087614290087188 -0.7933533402912366 0
    outer loop
      vertex 11.45 20.199038105676657 0
      vertex 11.76066017177982 19.96066017177982 2.2
      vertex 11.45 20.199038105676657 2.2
    endloop
  endfacet
  facet normal -0.9238795325112884 0.38268343236508573 0
    outer loop
      vertex 12.040459461913967 18.25 1.2000000000000002
      vertex 11.999038105676657 18.15 2.2
      vertex 12.040459461913967 18.25 2.2
    endloop
  endfacet
  facet normal -0.9238795325112894 -0.38268343236508334 0
    outer loop
      vertex 12.040459461913965 19.55 1.2000000000000002
      vertex 12.040459461913965 19.55 2.2
      vertex 11.999038105676657 19.65 2.2
    endloop
  endfacet
  facet normal 0.9238795325112873 0.38268343236508867 0
    outer loop
      vertex 15.251111260566397 18.51177143234622 1.2000000000000002
      vertex 15.400961894323341 18.15 0
      vertex 15.251111260566397 18.51177143234622 0
    endloop
  endfacet
  facet normal 0.9914448613738104 0.13052619222005182 0
    outer loop
      vertex 15.2 18.9 1.2000000000000002
      vertex 15.251111260566397 18.51177143234622 0
      vertex 15.2 18.9 0
    endloop
  endfacet
  facet normal 0.9914448613738104 -0.13052619222005182 0
    outer loop
      vertex 15.251111260566397 19.28822856765378 1.2000000000000002
      vertex 15.2 18.9 0
      vertex 15.251111260566397 19.28822856765378 0
    endloop
  endfacet
  facet normal 0.9238795325112872 -0.38268343236508867 -5.211325600784824e-16
    outer loop
      vertex 15.359540538086033 19.55 1.2000000000000002
      vertex 15.251111260566397 19.28822856765378 0
      vertex 15.400961894323341 19.65 0
    endloop
  endfacet
  facet normal 0.9238795325112867 0.38268343236508984 -3.965999658221331e-16
    outer loop
      vertex 15.359540538086032 18.25 1.2000000000000002
      vertex 15.400961894323341 18.15 0
      vertex 15.251111260566397 18.51177143234622 1.2000000000000002
    endloop
  endfacet
  facet normal 0.9914448613738104 0.13052619222005182 0
    outer loop
      vertex 15.251111260566397 18.51177143234622 1.2000000000000002
      vertex 15.251111260566397 18.51177143234622 0
      vertex 15.2 18.9 1.2000000000000002
    endloop
  endfacet
  facet normal 0.7933533402912362 0.6087614290087194 3.814707332069792e-18
    outer loop
      vertex 15.639339828220178 17.839339828220176 0
      vertex 15.400961894323341 18.15 0
      vertex 15.400961894323341 18.15 2.2
    endloop
  endfacet
  facet normal 0.6087614290087188 0.7933533402912366 -7.834342347737838e-18
    outer loop
      vertex 15.95 17.60096189432334 0
      vertex 15.639339828220178 17.839339828220176 0
      vertex 15.639339828220178 17.839339828220176 2.2
    endloop
  endfacet
  facet normal 0.9914448613738104 -0.13052619222005182 0
    outer loop
      vertex 15.2 18.9 1.2000000000000002
      vertex 15.2 18.9 0
      vertex 15.251111260566397 19.28822856765378 1.2000000000000002
    endloop
  endfacet
  facet normal 0.9238795325112863 -0.38268343236509067 0
    outer loop
      vertex 15.251111260566397 19.28822856765378 1.2000000000000002
      vertex 15.251111260566397 19.28822856765378 0
      vertex 15.359540538086033 19.55 1.2000000000000002
    endloop
  endfacet
  facet normal 0.7933533402912362 -0.6087614290087194 -3.814707332069792e-18
    outer loop
      vertex 15.400961894323341 19.65 0
      vertex 15.639339828220178 19.96066017177982 0
      vertex 15.639339828220178 19.96066017177982 2.2
    endloop
  endfacet
  facet normal 0.6087614290087188 -0.7933533402912366 7.834342347737838e-18
    outer loop
      vertex 15.639339828220178 19.96066017177982 0
      vertex 15.95 20.199038105676657 0
      vertex 15.95 20.199038105676657 2.2
    endloop
  endfacet
  facet normal -0.9238795325112872 0.3826834323650887 1.080107316509838e-15
    outer loop
      vertex 18.04045946191397 18.25 1.2000000000000002
      vertex 18.148888739433602 18.51177143234622 0
      vertex 17.999038105676657 18.15 0
    endloop
  endfacet
  facet normal -0.9914448613738104 0.13052619222005182 0
    outer loop
      vertex 18.148888739433602 18.51177143234622 1.2000000000000002
      vertex 18.2 18.9 0
      vertex 18.148888739433602 18.51177143234622 0
    endloop
  endfacet
  facet normal -0.9914448613738104 -0.13052619222005182 0
    outer loop
      vertex 18.2 18.9 1.2000000000000002
      vertex 18.148888739433602 19.28822856765378 0
      vertex 18.2 18.9 0
    endloop
  endfacet
  facet normal -0.9238795325112873 -0.38268343236508867 0
    outer loop
      vertex 18.148888739433602 19.28822856765378 1.2000000000000002
      vertex 17.999038105676657 19.65 0
      vertex 18.148888739433602 19.28822856765378 0
    endloop
  endfacet
  facet normal 0.38268343236508867 0.9238795325112873 2.215043384260506e-18
    outer loop
      vertex 16.31177143234622 17.451111260566396 0
      vertex 15.95 17.60096189432334 0
      vertex 15.95 17.60096189432334 2.2
    endloop
  endfacet
  facet normal 0.1305261922200518 0.9914448613738104 -8.671746290930745e-19
    outer loop
      vertex 16.7 17.4 0
      vertex 16.31177143234622 17.451111260566396 0
      vertex 16.31177143234622 17.451111260566396 2.2
    endloop
  endfacet
  facet normal -0.1305261922200518 0.9914448613738104 8.671746290930745e-19
    outer loop
      vertex 17.08822856765378 17.451111260566396 0
      vertex 16.7 17.4 0
      vertex 16.7 17.4 2.2
    endloop
  endfacet
  facet normal -0.38268343236508867 0.9238795325112873 -2.215043384260506e-18
    outer loop
      vertex 17.45 17.60096189432334 0
      vertex 17.08822856765378 17.451111260566396 0
      vertex 17.08822856765378 17.451111260566396 2.2
    endloop
  endfacet
  facet normal -0.6087614290087165 0.7933533402912383 -2.0982002859956272e-20
    outer loop
      vertex 17.760660171779822 17.839339828220176 0
      vertex 17.45 17.60096189432334 0
      vertex 17.45 17.60096189432334 2.2
    endloop
  endfacet
  facet normal -0.7933533402912383 0.6087614290087165 0
    outer loop
      vertex 17.760660171779822 17.839339828220176 0
      vertex 17.760660171779822 17.839339828220176 2.2
      vertex 17.999038105676657 18.15 0
    endloop
  endfacet
  facet normal -0.923879532511289 0.38268343236508445 2.1547424666426263e-18
    outer loop
      vertex 18.04045946191397 18.25 1.2000000000000002
      vertex 18.148888739433602 18.51177143234622 1.2000000000000002
      vertex 18.148888739433602 18.51177143234622 0
    endloop
  endfacet
  facet normal 0.38268343236508867 -0.9238795325112873 -2.215043384260506e-18
    outer loop
      vertex 15.95 20.199038105676657 0
      vertex 16.31177143234622 20.3488887394336 0
      vertex 16.31177143234622 20.3488887394336 2.2
    endloop
  endfacet
  facet normal 0.1305261922200518 -0.9914448613738104 8.671746290930745e-19
    outer loop
      vertex 16.31177143234622 20.3488887394336 0
      vertex 16.7 20.4 0
      vertex 16.7 20.4 2.2
    endloop
  endfacet
  facet normal -0.1305261922200518 -0.9914448613738104 -8.671746290930745e-19
    outer loop
      vertex 16.7 20.4 0
      vertex 17.08822856765378 20.3488887394336 0
      vertex 17.08822856765378 20.3488887394336 2.2
    endloop
  endfacet
  facet normal -0.38268343236508867 -0.9238795325112873 2.215043384260506e-18
    outer loop
      vertex 17.08822856765378 20.3488887394336 0
      vertex 17.45 20.199038105676657 0
      vertex 17.45 20.199038105676657 2.2
    endloop
  endfacet
  facet normal -0.6087614290087165 -0.7933533402912383 2.0982002859956272e-20
    outer loop
      vertex 17.45 20.199038105676657 0
      vertex 17.760660171779822 19.96066017177982 0
      vertex 17.760660171779822 19.96066017177982 2.2
    endloop
  endfacet
  facet normal -0.7933533402912383 -0.6087614290087165 2.0982002859956272e-20
    outer loop
      vertex 17.760660171779822 19.96066017177982 0
      vertex 17.999038105676657 19.65 0
      vertex 17.999038105676657 19.65 2.2
    endloop
  endfacet
  facet normal -0.9914448613738104 0.13052619222005182 1.5898201533373031e-18
    outer loop
      vertex 18.148888739433602 18.51177143234622 1.2000000000000002
      vertex 18.2 18.9 1.2000000000000002
      vertex 18.2 18.9 0
    endloop
  endfacet
  facet normal -0.9914448613738104 -0.13052619222005182 -1.5898201533373031e-18
    outer loop
      vertex 18.2 18.9 1.2000000000000002
      vertex 18.148888739433602 19.28822856765378 1.2000000000000002
      vertex 18.148888739433602 19.28822856765378 0
    endloop
  endfacet
  facet normal -0.9238795325112863 -0.38268343236509067 -7.232392555133692e-16
    outer loop
      vertex 18.148888739433602 19.28822856765378 1.2000000000000002
      vertex 18.040459461913965 19.55 1.2000000000000002
      vertex 17.999038105676657 19.65 0
    endloop
  endfacet
  facet normal 0.9238795325112884 0.38268343236508573 1.2211292526921904e-18
    outer loop
      vertex 15.359540538086032 18.25 1.2000000000000002
      vertex 15.400961894323341 18.15 2.2
      vertex 15.400961894323341 18.15 0
    endloop
  endfacet
  facet normal 0.7933533402912362 0.6087614290087194 0
    outer loop
      vertex 15.639339828220178 17.839339828220176 0
      vertex 15.400961894323341 18.15 2.2
      vertex 15.639339828220178 17.839339828220176 2.2
    endloop
  endfacet
  facet normal 0.6087614290087188 0.7933533402912366 0
    outer loop
      vertex 15.95 17.60096189432334 0
      vertex 15.639339828220178 17.839339828220176 2.2
      vertex 15.95 17.60096189432334 2.2
    endloop
  endfacet
  facet normal 0.9238795325112893 -0.38268343236508334 7.389605740393592e-19
    outer loop
      vertex 15.359540538086033 19.55 1.2000000000000002
      vertex 15.400961894323341 19.65 0
      vertex 15.400961894323341 19.65 2.2
    endloop
  endfacet
  facet normal 0.7933533402912362 -0.6087614290087194 0
    outer loop
      vertex 15.400961894323341 19.65 0
      vertex 15.639339828220178 19.96066017177982 2.2
      vertex 15.400961894323341 19.65 2.2
    endloop
  endfacet
  facet normal 0.6087614290087188 -0.7933533402912366 0
    outer loop
      vertex 15.639339828220178 19.96066017177982 0
      vertex 15.95 20.199038105676657 2.2
      vertex 15.639339828220178 19.96066017177982 2.2
    endloop
  endfacet
  facet normal 0.9238795325112884 0.38268343236508573 0
    outer loop
      vertex 15.359540538086032 18.25 1.2000000000000002
      vertex 15.359540538086032 18.25 2.2
      vertex 15.400961894323341 18.15 2.2
    endloop
  endfacet
  facet normal 0.9238795325112894 -0.38268343236508334 0
    outer loop
      vertex 15.359540538086033 19.55 1.2000000000000002
      vertex 15.400961894323341 19.65 2.2
      vertex 15.359540538086033 19.55 2.2
    endloop
  endfacet
  facet normal -0.9238795325112826 0.3826834323650998 1.6928262273580125e-18
    outer loop
      vertex 18.04045946191397 18.25 1.2000000000000002
      vertex 17.999038105676657 18.15 0
      vertex 17.999038105676657 18.15 2.2
    endloop
  endfacet
  facet normal 0.38268343236508867 0.9238795325112873 0
    outer loop
      vertex 16.31177143234622 17.451111260566396 0
      vertex 15.95 17.60096189432334 2.2
      vertex 16.31177143234622 17.451111260566396 2.2
    endloop
  endfacet
  facet normal 0.1305261922200518 0.9914448613738104 0
    outer loop
      vertex 16.7 17.4 0
      vertex 16.31177143234622 17.451111260566396 2.2
      vertex 16.7 17.4 2.2
    endloop
  endfacet
  facet normal -0.1305261922200518 0.9914448613738104 0
    outer loop
      vertex 17.08822856765378 17.451111260566396 0
      vertex 16.7 17.4 2.2
      vertex 17.08822856765378 17.451111260566396 2.2
    endloop
  endfacet
  facet normal -0.38268343236508867 0.9238795325112873 0
    outer loop
      vertex 17.45 17.60096189432334 0
      vertex 17.08822856765378 17.451111260566396 2.2
      vertex 17.45 17.60096189432334 2.2
    endloop
  endfacet
  facet normal -0.6087614290087165 0.7933533402912383 0
    outer loop
      vertex 17.760660171779822 17.839339828220176 0
      vertex 17.45 17.60096189432334 2.2
      vertex 17.760660171779822 17.839339828220176 2.2
    endloop
  endfacet
  facet normal -0.7933533402912383 0.6087614290087165 0
    outer loop
      vertex 17.999038105676657 18.15 0
      vertex 17.760660171779822 17.839339828220176 2.2
      vertex 17.999038105676657 18.15 2.2
    endloop
  endfacet
  facet normal -0.9238795325112894 -0.3826834323650833 -7.389605740393592e-19
    outer loop
      vertex 18.040459461913965 19.55 1.2000000000000002
      vertex 17.999038105676657 19.65 2.2
      vertex 17.999038105676657 19.65 0
    endloop
  endfacet
  facet normal 0.38268343236508867 -0.9238795325112873 0
    outer loop
      vertex 15.95 20.199038105676657 0
      vertex 16.31177143234622 20.3488887394336 2.2
      vertex 15.95 20.199038105676657 2.2
    endloop
  endfacet
  facet normal 0.1305261922200518 -0.9914448613738104 0
    outer loop
      vertex 16.31177143234622 20.3488887394336 0
      vertex 16.7 20.4 2.2
      vertex 16.31177143234622 20.3488887394336 2.2
    endloop
  endfacet
  facet normal -0.1305261922200518 -0.9914448613738104 0
    outer loop
      vertex 16.7 20.4 0
      vertex 17.08822856765378 20.3488887394336 2.2
      vertex 16.7 20.4 2.2
    endloop
  endfacet
  facet normal -0.38268343236508867 -0.9238795325112873 0
    outer loop
      vertex 17.08822856765378 20.3488887394336 0
      vertex 17.45 20.199038105676657 2.2
      vertex 17.08822856765378 20.3488887394336 2.2
    endloop
  endfacet
  facet normal -0.7933533402912383 -0.6087614290087165 0
    outer loop
      vertex 17.760660171779822 19.96066017177982 0
      vertex 17.999038105676657 19.65 2.2
      vertex 17.760660171779822 19.96066017177982 2.2
    endloop
  endfacet
  facet normal -0.6087614290087165 -0.7933533402912383 0
    outer loop
      vertex 17.45 20.199038105676657 0
      vertex 17.760660171779822 19.96066017177982 2.2
      vertex 17.45 20.199038105676657 2.2
    endloop
  endfacet
  facet normal -0.9238795325112826 0.3826834323650998 0
    outer loop
      vertex 18.04045946191397 18.25 1.2000000000000002
      vertex 17.999038105676657 18.15 2.2
      vertex 18.04045946191397 18.25 2.2
    endloop
  endfacet
  facet normal -0.9238795325112894 -0.38268343236508334 0
    outer loop
      vertex 18.040459461913965 19.55 1.2000000000000002
      vertex 18.040459461913965 19.55 2.2
      vertex 17.999038105676657 19.65 2.2
    endloop
  endfacet
  facet normal 0.8314696123025453 0.5555702330196022 0
    outer loop
      vertex 0.7608963739909705 1.193853254107928 2.2
      vertex 0.9343145750507619 0.9343145750507619 0
      vertex 0.7608963739909705 1.193853254107928 0
    endloop
  endfacet
  facet normal 0.5555702330196022 0.8314696123025453 3.912625402054208e-18
    outer loop
      vertex 1.193853254107928 0.7608963739909705 0
      vertex 0.9343145750507619 0.9343145750507619 0
      vertex 0.9343145750507619 0.9343145750507619 2.2
    endloop
  endfacet
  facet normal 0.19509032201612822 0.9807852804032305 2.068576161948694e-18
    outer loop
      vertex 1.5 0.7 0
      vertex 1.193853254107928 0.7608963739909705 0
      vertex 1.193853254107928 0.7608963739909705 2.2
    endloop
  endfacet
  facet normal 0.9807852804032305 0.19509032201612822 0
    outer loop
      vertex 0.7 1.5 2.2
      vertex 0.7608963739909705 1.193853254107928 0
      vertex 0.7 1.5 0
    endloop
  endfacet
  facet normal 0.9807852804032305 -0.19509032201612822 0
    outer loop
      vertex 0.7608963739909705 1.806146745892072 2.2
      vertex 0.7 1.5 0
      vertex 0.7608963739909705 1.806146745892072 0
    endloop
  endfacet
  facet normal 0.8314696123025455 -0.555570233019602 0
    outer loop
      vertex 0.9343145750507619 2.0656854249492382 2.2
      vertex 0.7608963739909705 1.806146745892072 0
      vertex 0.9343145750507619 2.0656854249492382 0
    endloop
  endfacet
  facet normal 0.5555702330196022 -0.8314696123025453 -3.912625402054208e-18
    outer loop
      vertex 0.9343145750507619 2.0656854249492382 0
      vertex 1.193853254107928 2.2391036260090296 0
      vertex 1.193853254107928 2.2391036260090296 2.2
    endloop
  endfacet
  facet normal -0.19509032201612822 0.9807852804032305 -2.068576161948694e-18
    outer loop
      vertex 1.806146745892072 0.7608963739909705 0
      vertex 1.5 0.7 0
      vertex 1.5 0.7 2.2
    endloop
  endfacet
  facet normal -0.555570233019602 0.8314696123025455 3.9151884652478614e-18
    outer loop
      vertex 2.0656854249492382 0.9343145750507619 0
      vertex 1.806146745892072 0.7608963739909705 0
      vertex 1.806146745892072 0.7608963739909705 2.2
    endloop
  endfacet
  facet normal -0.8314696123025453 0.5555702330196022 0
    outer loop
      vertex 2.0656854249492382 0.9343145750507619 0
      vertex 2.0656854249492382 0.9343145750507619 2.2
      vertex 2.2391036260090296 1.193853254107928 0
    endloop
  endfacet
  facet normal -0.9807852804032307 0.19509032201612717 0
    outer loop
      vertex 2.2391036260090296 1.193853254107928 2.2
      vertex 2.3 1.5 0
      vertex 2.2391036260090296 1.193853254107928 0
    endloop
  endfacet
  facet normal 0.19509032201612717 -0.9807852804032307 1.0128326587003507e-18
    outer loop
      vertex 1.193853254107928 2.2391036260090296 0
      vertex 1.5 2.3 0
      vertex 1.5 2.3 2.2
    endloop
  endfacet
  facet normal -0.19509032201612717 -0.9807852804032307 -1.0128326587003507e-18
    outer loop
      vertex 1.5 2.3 0
      vertex 1.806146745892072 2.2391036260090296 0
      vertex 1.806146745892072 2.2391036260090296 2.2
    endloop
  endfacet
  facet normal -0.555570233019602 -0.8314696123025455 -3.9151884652478614e-18
    outer loop
      vertex 1.806146745892072 2.2391036260090296 0
      vertex 2.0656854249492382 2.0656854249492382 0
      vertex 2.0656854249492382 2.0656854249492382 2.2
    endloop
  endfacet
  facet normal -0.9807852804032307 -0.19509032201612717 0
    outer loop
      vertex 2.3 1.5 2.2
      vertex 2.2391036260090296 1.806146745892072 0
      vertex 2.3 1.5 0
    endloop
  endfacet
  facet normal -0.8314696123025455 -0.555570233019602 0
    outer loop
      vertex 2.2391036260090296 1.806146745892072 2.2
      vertex 2.0656854249492382 2.0656854249492382 0
      vertex 2.2391036260090296 1.806146745892072 0
    endloop
  endfacet
  facet normal 0.9807852804032305 0.19509032201612822 2.068576161948694e-18
    outer loop
      vertex 0.7 1.5 2.2
      vertex 0.7608963739909705 1.193853254107928 2.2
      vertex 0.7608963739909705 1.193853254107928 0
    endloop
  endfacet
  facet normal 0.8314696123025453 0.5555702330196022 3.912625402054208e-18
    outer loop
      vertex 0.7608963739909705 1.193853254107928 2.2
      vertex 0.9343145750507619 0.9343145750507619 2.2
      vertex 0.9343145750507619 0.9343145750507619 0
    endloop
  endfacet
  facet normal 0.5555702330196022 0.8314696123025453 0
    outer loop
      vertex 1.193853254107928 0.7608963739909705 2.2
      vertex 1.193853254107928 0.7608963739909705 0
      vertex 0.9343145750507619 0.9343145750507619 2.2
    endloop
  endfacet
  facet normal 0.9807852804032305 -0.19509032201612822 -2.068576161948694e-18
    outer loop
      vertex 0.7608963739909705 1.806146745892072 2.2
      vertex 0.7 1.5 2.2
      vertex 0.7 1.5 0
    endloop
  endfacet
  facet normal 0.8314696123025455 -0.555570233019602 3.9151884652478614e-18
    outer loop
      vertex 0.9343145750507619 2.0656854249492382 2.2
      vertex 0.7608963739909705 1.806146745892072 2.2
      vertex 0.7608963739909705 1.806146745892072 0
    endloop
  endfacet
  facet normal 0.5555702330196022 -0.8314696123025453 0
    outer loop
      vertex 0.9343145750507619 2.0656854249492382 2.2
      vertex 0.9343145750507619 2.0656854249492382 0
      vertex 1.193853254107928 2.2391036260090296 2.2
    endloop
  endfacet
  facet normal 0.19509032201612717 -0.9807852804032307 0
    outer loop
      vertex 1.193853254107928 2.2391036260090296 2.2
      vertex 1.193853254107928 2.2391036260090296 0
      vertex 1.5 2.3 2.2
    endloop
  endfacet
  facet normal 0.19509032201612822 0.9807852804032305 0
    outer loop
      vertex 1.5 0.7 2.2
      vertex 1.5 0.7 0
      vertex 1.193853254107928 0.7608963739909705 2.2
    endloop
  endfacet
  facet normal -0.19509032201612822 0.9807852804032305 0
    outer loop
      vertex 1.806146745892072 0.7608963739909705 2.2
      vertex 1.806146745892072 0.7608963739909705 0
      vertex 1.5 0.7 2.2
    endloop
  endfacet
  facet normal -0.555570233019602 0.8314696123025455 0
    outer loop
      vertex 2.0656854249492382 0.9343145750507619 2.2
      vertex 2.0656854249492382 0.9343145750507619 0
      vertex 1.806146745892072 0.7608963739909705 2.2
    endloop
  endfacet
  facet normal -0.8314696123025453 0.5555702330196022 -3.912625402054208e-18
    outer loop
      vertex 2.0656854249492382 0.9343145750507619 2.2
      vertex 2.2391036260090296 1.193853254107928 2.2
      vertex 2.2391036260090296 1.193853254107928 0
    endloop
  endfacet
  facet normal -0.19509032201612717 -0.9807852804032307 0
    outer loop
      vertex 1.5 2.3 2.2
      vertex 1.5 2.3 0
      vertex 1.806146745892072 2.2391036260090296 2.2
    endloop
  endfacet
  facet normal -0.555570233019602 -0.8314696123025455 0
    outer loop
      vertex 1.806146745892072 2.2391036260090296 2.2
      vertex 1.806146745892072 2.2391036260090296 0
      vertex 2.0656854249492382 2.0656854249492382 2.2
    endloop
  endfacet
  facet normal -0.9807852804032307 0.19509032201612717 1.0128326587003507e-18
    outer loop
      vertex 2.2391036260090296 1.193853254107928 2.2
      vertex 2.3 1.5 2.2
      vertex 2.3 1.5 0
    endloop
  endfacet
  facet normal -0.8314696123025455 -0.555570233019602 -3.9151884652478614e-18
    outer loop
      vertex 2.2391036260090296 1.806146745892072 2.2
      vertex 2.0656854249492382 2.0656854249492382 2.2
      vertex 2.0656854249492382 2.0656854249492382 0
    endloop
  endfacet
  facet normal -0.9807852804032307 -0.19509032201612717 -1.0128326587003507e-18
    outer loop
      vertex 2.3 1.5 2.2
      vertex 2.2391036260090296 1.806146745892072 2.2
      vertex 2.2391036260090296 1.806146745892072 0
    endloop
  endfacet
  facet normal 0.5555702330196051 0.8314696123025433 0
    outer loop
      vertex 1.193853254107928 19.16089637399097 1.2000000000000002
      vertex 1.193853254107928 19.16089637399097 0
      vertex 0.9343145750507619 19.33431457505076 0
    endloop
  endfacet
  facet normal 0.8314696123025443 0.5555702330196036 0
    outer loop
      vertex 0.9343145750507619 19.33431457505076 1.2000000000000002
      vertex 0.9343145750507619 19.33431457505076 0
      vertex 0.7608963739909705 19.593853254107927 0
    endloop
  endfacet
  facet normal 0.19509032201612989 0.9807852804032301 0
    outer loop
      vertex 1.5 19.099999999999998 1.2000000000000002
      vertex 1.5 19.099999999999998 0
      vertex 1.193853254107928 19.16089637399097 0
    endloop
  endfacet
  facet normal -0.19509032201612989 0.9807852804032301 0
    outer loop
      vertex 1.806146745892072 19.16089637399097 1.2000000000000002
      vertex 1.806146745892072 19.16089637399097 0
      vertex 1.5 19.099999999999998 0
    endloop
  endfacet
  facet normal -0.555570233019605 0.8314696123025435 0
    outer loop
      vertex 2.0656854249492382 19.33431457505076 1.2000000000000002
      vertex 2.0656854249492382 19.33431457505076 0
      vertex 1.806146745892072 19.16089637399097 0
    endloop
  endfacet
  facet normal -0.8314696123025443 0.5555702330196036 -9.713553637912783e-17
    outer loop
      vertex 2.2098018184108663 19.55 1.2000000000000002
      vertex 2.2391036260090296 19.593853254107927 0
      vertex 2.0656854249492382 19.33431457505076 0
    endloop
  endfacet
  facet normal 0.5555702330196051 0.8314696123025433 0
    outer loop
      vertex 0.9343145750507619 19.33431457505076 1.2000000000000002
      vertex 1.193853254107928 19.16089637399097 1.2000000000000002
      vertex 0.9343145750507619 19.33431457505076 0
    endloop
  endfacet
  facet normal 0.19509032201612989 0.9807852804032301 0
    outer loop
      vertex 1.193853254107928 19.16089637399097 1.2000000000000002
      vertex 1.5 19.099999999999998 1.2000000000000002
      vertex 1.193853254107928 19.16089637399097 0
    endloop
  endfacet
  facet normal 0.9807852804032305 0.19509032201612836 0
    outer loop
      vertex 0.7 19.9 2.2
      vertex 0.7608963739909705 19.593853254107927 0
      vertex 0.7 19.9 0
    endloop
  endfacet
  facet normal 0.8314696123025443 0.5555702330196035 -1.8516906070917413e-17
    outer loop
      vertex 0.9343145750507619 19.33431457505076 1.2000000000000002
      vertex 0.7608963739909705 19.593853254107927 0
      vertex 0.7901981815891337 19.55 1.2000000000000002
    endloop
  endfacet
  facet normal 0.9807852804032305 -0.19509032201612836 0
    outer loop
      vertex 0.7608963739909705 20.20614674589207 2.2
      vertex 0.7 19.9 0
      vertex 0.7608963739909705 20.20614674589207 0
    endloop
  endfacet
  facet normal 0.8314696123025442 -0.5555702330196036 0
    outer loop
      vertex 0.9343145750507619 20.465685424949235 2.2
      vertex 0.7608963739909705 20.20614674589207 0
      vertex 0.9343145750507619 20.465685424949235 0
    endloop
  endfacet
  facet normal 0.5555702330196051 -0.8314696123025433 4.4884649892319475e-18
    outer loop
      vertex 0.9343145750507619 20.465685424949235 0
      vertex 1.193853254107928 20.639103626009028 0
      vertex 1.193853254107928 20.639103626009028 2.2
    endloop
  endfacet
  facet normal -0.19509032201612989 0.9807852804032301 0
    outer loop
      vertex 1.5 19.099999999999998 1.2000000000000002
      vertex 1.806146745892072 19.16089637399097 1.2000000000000002
      vertex 1.5 19.099999999999998 0
    endloop
  endfacet
  facet normal -0.555570233019605 0.8314696123025435 0
    outer loop
      vertex 1.806146745892072 19.16089637399097 1.2000000000000002
      vertex 2.0656854249492382 19.33431457505076 1.2000000000000002
      vertex 1.806146745892072 19.16089637399097 0
    endloop
  endfacet
  facet normal -0.9807852804032307 0.19509032201612728 1.5313519608094011e-18
    outer loop
      vertex 2.3 19.9 0
      vertex 2.2391036260090296 19.593853254107927 0
      vertex 2.2391036260090296 19.593853254107927 2.2
    endloop
  endfacet
  facet normal -0.9807852804032307 -0.19509032201612728 -1.5313519608094011e-18
    outer loop
      vertex 2.2391036260090296 20.20614674589207 0
      vertex 2.3 19.9 0
      vertex 2.3 19.9 2.2
    endloop
  endfacet
  facet normal -0.8314696123025447 0.5555702330196032 0
    outer loop
      vertex 2.0656854249492382 19.33431457505076 1.2000000000000002
      vertex 2.2098018184108663 19.55 1.2000000000000002
      vertex 2.0656854249492382 19.33431457505076 0
    endloop
  endfacet
  facet normal 0.19509032201612994 -0.9807852804032302 -2.1520420818098283e-18
    outer loop
      vertex 1.193853254107928 20.639103626009028 0
      vertex 1.5 20.7 0
      vertex 1.5 20.7 2.2
    endloop
  endfacet
  facet normal -0.19509032201612994 -0.9807852804032302 2.1520420818098283e-18
    outer loop
      vertex 1.5 20.7 0
      vertex 1.806146745892072 20.639103626009028 0
      vertex 1.806146745892072 20.639103626009028 2.2
    endloop
  endfacet
  facet normal -0.5555702330196048 -0.8314696123025433 -2.211847960759692e-18
    outer loop
      vertex 1.806146745892072 20.639103626009028 0
      vertex 2.0656854249492382 20.465685424949235 0
      vertex 2.0656854249492382 20.465685424949235 2.2
    endloop
  endfacet
  facet normal -0.8314696123025442 -0.5555702330196036 3.631933937351031e-18
    outer loop
      vertex 2.0656854249492382 20.465685424949235 0
      vertex 2.2391036260090296 20.20614674589207 0
      vertex 2.2391036260090296 20.20614674589207 2.2
    endloop
  endfacet
  facet normal 0.8314696123025441 0.555570233019604 3.141339946557521e-19
    outer loop
      vertex 0.7901981815891337 19.55 1.2000000000000002
      vertex 0.7608963739909705 19.593853254107927 0
      vertex 0.7608963739909705 19.593853254107927 2.2
    endloop
  endfacet
  facet normal -0.8314696123025431 0.5555702330196054 0
    outer loop
      vertex 2.2098018184108663 19.55 1.2000000000000002
      vertex 2.2098018184108663 19.55 2.2
      vertex 2.2391036260090296 19.593853254107927 0
    endloop
  endfacet
  facet normal 0.9807852804032305 0.19509032201612836 1.5500568598397532e-18
    outer loop
      vertex 0.7 19.9 2.2
      vertex 0.7608963739909705 19.593853254107927 2.2
      vertex 0.7608963739909705 19.593853254107927 0
    endloop
  endfacet
  facet normal 0.9807852804032305 -0.19509032201612836 -1.5500568598397532e-18
    outer loop
      vertex 0.7608963739909705 20.20614674589207 2.2
      vertex 0.7 19.9 2.2
      vertex 0.7 19.9 0
    endloop
  endfacet
  facet normal 0.8314696123025442 -0.5555702330196036 -3.631933937351031e-18
    outer loop
      vertex 0.9343145750507619 20.465685424949235 2.2
      vertex 0.7608963739909705 20.20614674589207 2.2
      vertex 0.7608963739909705 20.20614674589207 0
    endloop
  endfacet
  facet normal 0.5555702330196051 -0.8314696123025433 0
    outer loop
      vertex 0.9343145750507619 20.465685424949235 2.2
      vertex 0.9343145750507619 20.465685424949235 0
      vertex 1.193853254107928 20.639103626009028 2.2
    endloop
  endfacet
  facet normal 0.19509032201612994 -0.9807852804032302 0
    outer loop
      vertex 1.193853254107928 20.639103626009028 0
      vertex 1.5 20.7 2.2
      vertex 1.193853254107928 20.639103626009028 2.2
    endloop
  endfacet
  facet normal -0.8314696123025432 0.5555702330196054 0
    outer loop
      vertex 2.2391036260090296 19.593853254107927 0
      vertex 2.2098018184108663 19.55 2.2
      vertex 2.2391036260090296 19.593853254107927 2.2
    endloop
  endfacet
  facet normal -0.9807852804032307 0.19509032201612728 0
    outer loop
      vertex 2.3 19.9 0
      vertex 2.2391036260090296 19.593853254107927 2.2
      vertex 2.3 19.9 2.2
    endloop
  endfacet
  facet normal -0.19509032201612994 -0.9807852804032302 0
    outer loop
      vertex 1.5 20.7 0
      vertex 1.806146745892072 20.639103626009028 2.2
      vertex 1.5 20.7 2.2
    endloop
  endfacet
  facet normal -0.5555702330196048 -0.8314696123025433 0
    outer loop
      vertex 1.806146745892072 20.639103626009028 0
      vertex 2.0656854249492382 20.465685424949235 2.2
      vertex 1.806146745892072 20.639103626009028 2.2
    endloop
  endfacet
  facet normal -0.8314696123025442 -0.5555702330196036 0
    outer loop
      vertex 2.0656854249492382 20.465685424949235 0
      vertex 2.2391036260090296 20.20614674589207 2.2
      vertex 2.0656854249492382 20.465685424949235 2.2
    endloop
  endfacet
  facet normal -0.9807852804032307 -0.19509032201612728 0
    outer loop
      vertex 2.2391036260090296 20.20614674589207 0
      vertex 2.3 19.9 2.2
      vertex 2.2391036260090296 20.20614674589207 2.2
    endloop
  endfacet
  facet normal 0.8314696123025441 0.555570233019604 0
    outer loop
      vertex 0.7901981815891337 19.55 1.2000000000000002
      vertex 0.7608963739909705 19.593853254107927 2.2
      vertex 0.7901981815891337 19.55 2.2
    endloop
  endfacet
  facet normal 0.8314696123025433 0.5555702330196051 0
    outer loop
      vertex 19.16089637399097 1.193853254107928 2.2
      vertex 19.33431457505076 0.9343145750507619 0
      vertex 19.16089637399097 1.193853254107928 0
    endloop
  endfacet
  facet normal 0.5555702330196036 0.8314696123025442 3.631933937351031e-18
    outer loop
      vertex 19.593853254107927 0.7608963739909705 0
      vertex 19.33431457505076 0.9343145750507619 0
      vertex 19.33431457505076 0.9343145750507619 2.2
    endloop
  endfacet
  facet normal 0.19509032201612836 0.9807852804032305 1.5500568598397532e-18
    outer loop
      vertex 19.9 0.7 0
      vertex 19.593853254107927 0.7608963739909705 0
      vertex 19.593853254107927 0.7608963739909705 2.2
    endloop
  endfacet
  facet normal -0.19509032201612836 0.9807852804032305 -1.5500568598397532e-18
    outer loop
      vertex 20.20614674589207 0.7608963739909705 0
      vertex 19.9 0.7 0
      vertex 19.9 0.7 2.2
    endloop
  endfacet
  facet normal 0.9807852804032302 0.19509032201612994 0
    outer loop
      vertex 19.099999999999998 1.5 2.2
      vertex 19.16089637399097 1.193853254107928 0
      vertex 19.099999999999998 1.5 0
    endloop
  endfacet
  facet normal 0.9807852804032302 -0.19509032201612994 0
    outer loop
      vertex 19.16089637399097 1.806146745892072 2.2
      vertex 19.099999999999998 1.5 0
      vertex 19.16089637399097 1.806146745892072 0
    endloop
  endfacet
  facet normal 0.8314696123025433 -0.5555702330196048 0
    outer loop
      vertex 19.33431457505076 2.0656854249492382 2.2
      vertex 19.16089637399097 1.806146745892072 0
      vertex 19.33431457505076 2.0656854249492382 0
    endloop
  endfacet
  facet normal 0.5555702330196036 -0.8314696123025442 -3.631933937351031e-18
    outer loop
      vertex 19.33431457505076 2.0656854249492382 0
      vertex 19.593853254107927 2.2391036260090296 0
      vertex 19.593853254107927 2.2391036260090296 2.2
    endloop
  endfacet
  facet normal 0.19509032201612728 -0.9807852804032307 1.5313519608094011e-18
    outer loop
      vertex 19.593853254107927 2.2391036260090296 0
      vertex 19.9 2.3 0
      vertex 19.9 2.3 2.2
    endloop
  endfacet
  facet normal -0.5555702330196036 0.8314696123025442 -3.631933937351031e-18
    outer loop
      vertex 20.465685424949235 0.9343145750507619 0
      vertex 20.20614674589207 0.7608963739909705 0
      vertex 20.20614674589207 0.7608963739909705 2.2
    endloop
  endfacet
  facet normal -0.8314696123025433 0.5555702330196051 0
    outer loop
      vertex 20.465685424949235 0.9343145750507619 0
      vertex 20.465685424949235 0.9343145750507619 2.2
      vertex 20.639103626009028 1.193853254107928 0
    endloop
  endfacet
  facet normal -0.9807852804032302 0.19509032201612994 -2.1520420818098283e-18
    outer loop
      vertex 20.7 1.5 0
      vertex 20.639103626009028 1.193853254107928 0
      vertex 20.639103626009028 1.193853254107928 2.2
    endloop
  endfacet
  facet normal -0.9807852804032302 -0.19509032201612994 2.1520420818098283e-18
    outer loop
      vertex 20.639103626009028 1.806146745892072 0
      vertex 20.7 1.5 0
      vertex 20.7 1.5 2.2
    endloop
  endfacet
  facet normal -0.8314696123025433 -0.5555702330196048 -2.211847960759692e-18
    outer loop
      vertex 20.465685424949235 2.0656854249492382 0
      vertex 20.639103626009028 1.806146745892072 0
      vertex 20.639103626009028 1.806146745892072 2.2
    endloop
  endfacet
  facet normal -0.19509032201612728 -0.9807852804032307 -1.5313519608094011e-18
    outer loop
      vertex 19.9 2.3 0
      vertex 20.20614674589207 2.2391036260090296 0
      vertex 20.20614674589207 2.2391036260090296 2.2
    endloop
  endfacet
  facet normal -0.5555702330196036 -0.8314696123025442 3.631933937351031e-18
    outer loop
      vertex 20.20614674589207 2.2391036260090296 0
      vertex 20.465685424949235 2.0656854249492382 0
      vertex 20.465685424949235 2.0656854249492382 2.2
    endloop
  endfacet
  facet normal 0.9807852804032302 0.19509032201612994 2.1520420818098283e-18
    outer loop
      vertex 19.099999999999998 1.5 2.2
      vertex 19.16089637399097 1.193853254107928 2.2
      vertex 19.16089637399097 1.193853254107928 0
    endloop
  endfacet
  facet normal 0.8314696123025433 0.5555702330196051 -4.4884649892319475e-18
    outer loop
      vertex 19.16089637399097 1.193853254107928 2.2
      vertex 19.33431457505076 0.9343145750507619 2.2
      vertex 19.33431457505076 0.9343145750507619 0
    endloop
  endfacet
  facet normal 0.5555702330196036 0.8314696123025442 0
    outer loop
      vertex 19.593853254107927 0.7608963739909705 2.2
      vertex 19.593853254107927 0.7608963739909705 0
      vertex 19.33431457505076 0.9343145750507619 2.2
    endloop
  endfacet
  facet normal 0.19509032201612836 0.9807852804032305 0
    outer loop
      vertex 19.9 0.7 2.2
      vertex 19.9 0.7 0
      vertex 19.593853254107927 0.7608963739909705 2.2
    endloop
  endfacet
  facet normal 0.9807852804032302 -0.19509032201612994 -2.1520420818098283e-18
    outer loop
      vertex 19.16089637399097 1.806146745892072 2.2
      vertex 19.099999999999998 1.5 2.2
      vertex 19.099999999999998 1.5 0
    endloop
  endfacet
  facet normal 0.8314696123025433 -0.5555702330196048 2.211847960759692e-18
    outer loop
      vertex 19.33431457505076 2.0656854249492382 2.2
      vertex 19.16089637399097 1.806146745892072 2.2
      vertex 19.16089637399097 1.806146745892072 0
    endloop
  endfacet
  facet normal 0.5555702330196036 -0.8314696123025442 0
    outer loop
      vertex 19.33431457505076 2.0656854249492382 0
      vertex 19.593853254107927 2.2391036260090296 2.2
      vertex 19.33431457505076 2.0656854249492382 2.2
    endloop
  endfacet
  facet normal 0.19509032201612728 -0.9807852804032307 0
    outer loop
      vertex 19.593853254107927 2.2391036260090296 0
      vertex 19.9 2.3 2.2
      vertex 19.593853254107927 2.2391036260090296 2.2
    endloop
  endfacet
  facet normal -0.19509032201612728 -0.9807852804032307 0
    outer loop
      vertex 19.9 2.3 0
      vertex 20.20614674589207 2.2391036260090296 2.2
      vertex 19.9 2.3 2.2
    endloop
  endfacet
  facet normal -0.19509032201612836 0.9807852804032305 0
    outer loop
      vertex 20.20614674589207 0.7608963739909705 2.2
      vertex 20.20614674589207 0.7608963739909705 0
      vertex 19.9 0.7 2.2
    endloop
  endfacet
  facet normal -0.5555702330196036 0.8314696123025442 0
    outer loop
      vertex 20.465685424949235 0.9343145750507619 2.2
      vertex 20.465685424949235 0.9343145750507619 0
      vertex 20.20614674589207 0.7608963739909705 2.2
    endloop
  endfacet
  facet normal -0.8314696123025433 0.5555702330196051 0
    outer loop
      vertex 20.639103626009028 1.193853254107928 0
      vertex 20.465685424949235 0.9343145750507619 2.2
      vertex 20.639103626009028 1.193853254107928 2.2
    endloop
  endfacet
  facet normal -0.9807852804032302 0.19509032201612994 0
    outer loop
      vertex 20.7 1.5 0
      vertex 20.639103626009028 1.193853254107928 2.2
      vertex 20.7 1.5 2.2
    endloop
  endfacet
  facet normal -0.8314696123025433 -0.5555702330196048 0
    outer loop
      vertex 20.465685424949235 2.0656854249492382 0
      vertex 20.639103626009028 1.806146745892072 2.2
      vertex 20.465685424949235 2.0656854249492382 2.2
    endloop
  endfacet
  facet normal -0.9807852804032302 -0.19509032201612994 0
    outer loop
      vertex 20.639103626009028 1.806146745892072 0
      vertex 20.7 1.5 2.2
      vertex 20.639103626009028 1.806146745892072 2.2
    endloop
  endfacet
  facet normal -0.5555702330196036 -0.8314696123025442 0
    outer loop
      vertex 20.20614674589207 2.2391036260090296 0
      vertex 20.465685424949235 2.0656854249492382 2.2
      vertex 20.20614674589207 2.2391036260090296 2.2
    endloop
  endfacet
  facet normal 0.8314696123025425 0.5555702330196066 0
    outer loop
      vertex 19.33431457505076 19.33431457505076 1.2000000000000002
      vertex 19.33431457505076 19.33431457505076 0
      vertex 19.16089637399097 19.593853254107927 0
    endloop
  endfacet
  facet normal 0.5555702330196066 0.8314696123025425 0
    outer loop
      vertex 19.593853254107927 19.16089637399097 1.2000000000000002
      vertex 19.593853254107927 19.16089637399097 0
      vertex 19.33431457505076 19.33431457505076 0
    endloop
  endfacet
  facet normal 0.19509032201613002 0.9807852804032301 0
    outer loop
      vertex 19.9 19.099999999999998 1.2000000000000002
      vertex 19.9 19.099999999999998 0
      vertex 19.593853254107927 19.16089637399097 0
    endloop
  endfacet
  facet normal -0.19509032201613002 0.9807852804032301 0
    outer loop
      vertex 20.20614674589207 19.16089637399097 1.2000000000000002
      vertex 20.20614674589207 19.16089637399097 0
      vertex 19.9 19.099999999999998 0
    endloop
  endfacet
  facet normal -0.5555702330196066 0.8314696123025425 0
    outer loop
      vertex 20.465685424949235 19.33431457505076 1.2000000000000002
      vertex 20.465685424949235 19.33431457505076 0
      vertex 20.20614674589207 19.16089637399097 0
    endloop
  endfacet
  facet normal -0.8314696123025425 0.5555702330196066 3.6698209151693063e-16
    outer loop
      vertex 20.609801818410865 19.55 1.2000000000000002
      vertex 20.639103626009028 19.593853254107927 0
      vertex 20.465685424949235 19.33431457505076 0
    endloop
  endfacet
  facet normal 0.9807852804032302 0.19509032201613005 1.6335227797010673e-18
    outer loop
      vertex 19.16089637399097 19.593853254107927 0
      vertex 19.099999999999998 19.9 0
      vertex 19.099999999999998 19.9 2.2
    endloop
  endfacet
  facet normal 0.8314696123025416 0.5555702330196081 4.404244009582021e-16
    outer loop
      vertex 19.33431457505076 19.33431457505076 1.2000000000000002
      vertex 19.16089637399097 19.593853254107927 0
      vertex 19.190198181589132 19.55 1.2000000000000002
    endloop
  endfacet
  facet normal 0.5555702330196066 0.8314696123025425 0
    outer loop
      vertex 19.33431457505076 19.33431457505076 1.2000000000000002
      vertex 19.593853254107927 19.16089637399097 1.2000000000000002
      vertex 19.33431457505076 19.33431457505076 0
    endloop
  endfacet
  facet normal 0.19509032201613002 0.9807852804032301 0
    outer loop
      vertex 19.593853254107927 19.16089637399097 1.2000000000000002
      vertex 19.9 19.099999999999998 1.2000000000000002
      vertex 19.593853254107927 19.16089637399097 0
    endloop
  endfacet
  facet normal -0.19509032201613002 0.9807852804032301 0
    outer loop
      vertex 19.9 19.099999999999998 1.2000000000000002
      vertex 20.20614674589207 19.16089637399097 1.2000000000000002
      vertex 19.9 19.099999999999998 0
    endloop
  endfacet
  facet normal 0.9807852804032302 -0.19509032201613005 -1.6335227797010673e-18
    outer loop
      vertex 19.099999999999998 19.9 0
      vertex 19.16089637399097 20.20614674589207 0
      vertex 19.16089637399097 20.20614674589207 2.2
    endloop
  endfacet
  facet normal 0.8314696123025422 -0.5555702330196065 4.769156453933208e-18
    outer loop
      vertex 19.16089637399097 20.20614674589207 0
      vertex 19.33431457505076 20.465685424949235 0
      vertex 19.33431457505076 20.465685424949235 2.2
    endloop
  endfacet
  facet normal 0.5555702330196065 -0.8314696123025422 4.769156453933208e-18
    outer loop
      vertex 19.33431457505076 20.465685424949235 0
      vertex 19.593853254107927 20.639103626009028 0
      vertex 19.593853254107927 20.639103626009028 2.2
    endloop
  endfacet
  facet normal 0.19509032201613005 -0.9807852804032302 -1.6335227797010673e-18
    outer loop
      vertex 19.593853254107927 20.639103626009028 0
      vertex 19.9 20.7 0
      vertex 19.9 20.7 2.2
    endloop
  endfacet
  facet normal -0.5555702330196066 0.8314696123025425 0
    outer loop
      vertex 20.20614674589207 19.16089637399097 1.2000000000000002
      vertex 20.465685424949235 19.33431457505076 1.2000000000000002
      vertex 20.20614674589207 19.16089637399097 0
    endloop
  endfacet
  facet normal -0.9807852804032302 0.19509032201613005 -1.6335227797010673e-18
    outer loop
      vertex 20.7 19.9 0
      vertex 20.639103626009028 19.593853254107927 0
      vertex 20.639103626009028 19.593853254107927 2.2
    endloop
  endfacet
  facet normal -0.9807852804032302 -0.19509032201613005 1.6335227797010673e-18
    outer loop
      vertex 20.639103626009028 20.20614674589207 0
      vertex 20.7 19.9 0
      vertex 20.7 19.9 2.2
    endloop
  endfacet
  facet normal -0.8314696123025416 0.5555702330196081 0
    outer loop
      vertex 20.465685424949235 19.33431457505076 1.2000000000000002
      vertex 20.609801818410865 19.55 1.2000000000000002
      vertex 20.465685424949235 19.33431457505076 0
    endloop
  endfacet
  facet normal -0.19509032201613005 -0.9807852804032302 1.6335227797010673e-18
    outer loop
      vertex 19.9 20.7 0
      vertex 20.20614674589207 20.639103626009028 0
      vertex 20.20614674589207 20.639103626009028 2.2
    endloop
  endfacet
  facet normal -0.5555702330196065 -0.8314696123025422 -4.769156453933208e-18
    outer loop
      vertex 20.20614674589207 20.639103626009028 0
      vertex 20.465685424949235 20.465685424949235 0
      vertex 20.465685424949235 20.465685424949235 2.2
    endloop
  endfacet
  facet normal -0.8314696123025422 -0.5555702330196065 -4.769156453933208e-18
    outer loop
      vertex 20.465685424949235 20.465685424949235 0
      vertex 20.639103626009028 20.20614674589207 0
      vertex 20.639103626009028 20.20614674589207 2.2
    endloop
  endfacet
  facet normal 0.831469612302547 0.5555702330195996 -8.845156038777615e-19
    outer loop
      vertex 19.190198181589132 19.55 1.2000000000000002
      vertex 19.16089637399097 19.593853254107927 0
      vertex 19.16089637399097 19.593853254107927 2.2
    endloop
  endfacet
  facet normal -0.8314696123025471 0.5555702330195996 8.845156038777615e-19
    outer loop
      vertex 20.609801818410865 19.55 1.2000000000000002
      vertex 20.639103626009028 19.593853254107927 2.2
      vertex 20.639103626009028 19.593853254107927 0
    endloop
  endfacet
  facet normal 0.9807852804032302 0.19509032201613005 0
    outer loop
      vertex 19.16089637399097 19.593853254107927 0
      vertex 19.099999999999998 19.9 2.2
      vertex 19.16089637399097 19.593853254107927 2.2
    endloop
  endfacet
  facet normal 0.9807852804032302 -0.19509032201613005 0
    outer loop
      vertex 19.099999999999998 19.9 0
      vertex 19.16089637399097 20.20614674589207 2.2
      vertex 19.099999999999998 19.9 2.2
    endloop
  endfacet
  facet normal 0.8314696123025422 -0.5555702330196065 0
    outer loop
      vertex 19.16089637399097 20.20614674589207 0
      vertex 19.33431457505076 20.465685424949235 2.2
      vertex 19.16089637399097 20.20614674589207 2.2
    endloop
  endfacet
  facet normal 0.5555702330196065 -0.8314696123025422 0
    outer loop
      vertex 19.33431457505076 20.465685424949235 0
      vertex 19.593853254107927 20.639103626009028 2.2
      vertex 19.33431457505076 20.465685424949235 2.2
    endloop
  endfacet
  facet normal 0.19509032201613005 -0.9807852804032302 0
    outer loop
      vertex 19.593853254107927 20.639103626009028 0
      vertex 19.9 20.7 2.2
      vertex 19.593853254107927 20.639103626009028 2.2
    endloop
  endfacet
  facet normal -0.19509032201613005 -0.9807852804032302 0
    outer loop
      vertex 19.9 20.7 0
      vertex 20.20614674589207 20.639103626009028 2.2
      vertex 19.9 20.7 2.2
    endloop
  endfacet
  facet normal -0.9807852804032302 0.19509032201613005 0
    outer loop
      vertex 20.7 19.9 0
      vertex 20.639103626009028 19.593853254107927 2.2
      vertex 20.7 19.9 2.2
    endloop
  endfacet
  facet normal -0.5555702330196065 -0.8314696123025422 0
    outer loop
      vertex 20.20614674589207 20.639103626009028 0
      vertex 20.465685424949235 20.465685424949235 2.2
      vertex 20.20614674589207 20.639103626009028 2.2
    endloop
  endfacet
  facet normal -0.8314696123025422 -0.5555702330196065 0
    outer loop
      vertex 20.465685424949235 20.465685424949235 0
      vertex 20.639103626009028 20.20614674589207 2.2
      vertex 20.465685424949235 20.465685424949235 2.2
    endloop
  endfacet
  facet normal -0.9807852804032302 -0.19509032201613005 0
    outer loop
      vertex 20.639103626009028 20.20614674589207 0
      vertex 20.7 19.9 2.2
      vertex 20.639103626009028 20.20614674589207 2.2
    endloop
  endfacet
  facet normal 0.831469612302547 0.5555702330195996 0
    outer loop
      vertex 19.190198181589132 19.55 1.2000000000000002
      vertex 19.16089637399097 19.593853254107927 2.2
      vertex 19.190198181589132 19.55 2.2
    endloop
  endfacet
  facet normal -0.831469612302547 0.5555702330195996 0
    outer loop
      vertex 20.609801818410865 19.55 1.2000000000000002
      vertex 20.609801818410865 19.55 2.2
      vertex 20.639103626009028 19.593853254107927 2.2
    endloop
  endfacet
  facet normal 0 0 -1
    outer loop
      vertex 0 0 0
      vertex 0.7 1.5 0
      vertex 0.7608963739909705 1.193853254107928 0
    endloop
  endfacet
  facet normal 0 0 -1
    outer loop
      vertex 0 0 0
      vertex 0.7608963739909705 1.193853254107928 0
      vertex 0.9343145750507619 0.9343145750507619 0
    endloop
  endfacet
  facet normal 0 0 -1
    outer loop
      vertex 0 0 0
      vertex 0.9343145750507619 0.9343145750507619 0
      vertex 1.193853254107928 0.7608963739909705 0
    endloop
  endfacet
  facet normal 0 0 -1
    outer loop
      vertex 0 0 0
      vertex 1.193853254107928 0.7608963739909705 0
      vertex 1.5 0.7 0
    endloop
  endfacet
  facet normal 0 0 -1
    outer loop
      vertex 0.9343145750507619 2.0656854249492382 0
      vertex 0.7608963739909705 1.806146745892072 0
      vertex 4.3685084207398415 7.6444150891285805 0
    endloop
  endfacet
  facet normal 0 0 -1
    outer loop
      vertex 0.9343145750507619 2.0656854249492382 0
      vertex 4.299999999999999 7.3 0
      vertex 1.193853254107928 2.2391036260090296 0
    endloop
  endfacet
  facet normal 0 0 -1
    outer loop
      vertex 4.3685084207398415 6.955584910871419 0
      vertex 1.5 2.3 0
      vertex 1.193853254107928 2.2391036260090296 0
    endloop
  endfacet
  facet normal 0 0 -1
    outer loop
      vertex 4.563603896932106 6.663603896932107 0
      vertex 1.806146745892072 2.2391036260090296 0
      vertex 1.5 2.3 0
    endloop
  endfacet
  facet normal 0 0 -1
    outer loop
      vertex 8.168508420739842 3.1555849108714193 0
      vertex 2.3 1.5 0
      vertex 2.2391036260090296 1.806146745892072 0
    endloop
  endfacet
  facet normal 0 0 -1
    outer loop
      vertex 2.0656854249492382 2.0656854249492382 0
      vertex 8.1 3.5 0
      vertex 2.2391036260090296 1.806146745892072 0
    endloop
  endfacet
  facet normal 0 0 -1
    outer loop
      vertex 4.855584910871419 6.468508420739842 0
      vertex 2.0656854249492382 2.0656854249492382 0
      vertex 1.806146745892072 2.2391036260090296 0
    endloop
  endfacet
  facet normal 0 0 -1
    outer loop
      vertex 4.563603896932106 6.663603896932107 0
      vertex 1.5 2.3 0
      vertex 4.3685084207398415 6.955584910871419 0
    endloop
  endfacet
  facet normal 0 0 -1
    outer loop
      vertex 4.563603896932106 6.663603896932107 0
      vertex 4.855584910871419 6.468508420739842 0
      vertex 1.806146745892072 2.2391036260090296 0
    endloop
  endfacet
  facet normal 0 0 -1
    outer loop
      vertex 4.855584910871419 6.468508420739842 0
      vertex 5.199999999999999 6.3999999999999995 0
      vertex 2.0656854249492382 2.0656854249492382 0
    endloop
  endfacet
  facet normal 0 0 -1
    outer loop
      vertex 5.199999999999999 6.3999999999999995 0
      vertex 5.54441508912858 6.468508420739842 0
      vertex 2.0656854249492382 2.0656854249492382 0
    endloop
  endfacet
  facet normal 0 0 -1
    outer loop
      vertex 5.54441508912858 6.468508420739842 0
      vertex 5.836396103067893 6.663603896932107 0
      vertex 2.0656854249492382 2.0656854249492382 0
    endloop
  endfacet
  facet normal 0 0 -1
    outer loop
      vertex 0 0 0
      vertex 0 21.4 0
      vertex 0.7 1.5 0
    endloop
  endfacet
  facet normal 0 0 -1
    outer loop
      vertex 0 21.4 0
      vertex 0.7608963739909705 1.806146745892072 0
      vertex 0.7 1.5 0
    endloop
  endfacet
  facet normal 0 0 -1
    outer loop
      vertex 4.3685084207398415 6.955584910871419 0
      vertex 1.193853254107928 2.2391036260090296 0
      vertex 4.299999999999999 7.3 0
    endloop
  endfacet
  facet normal 0 0 -1
    outer loop
      vertex 0.9343145750507619 2.0656854249492382 0
      vertex 4.3685084207398415 7.6444150891285805 0
      vertex 4.299999999999999 7.3 0
    endloop
  endfacet
  facet normal 0 0 -1
    outer loop
      vertex 4.3685084207398415 7.6444150891285805 0
      vertex 0.7608963739909705 1.806146745892072 0
      vertex 4.3868272016354695 8.18682720163547 0
    endloop
  endfacet
  facet normal 0 0 -1
    outer loop
      vertex 4.13753853761202 8.559914052780147 0
      vertex 0.7608963739909705 1.806146745892072 0
      vertex 4.049999999999999 9 0
    endloop
  endfacet
  facet normal 0 0 -1
    outer loop
      vertex 4.3868272016354695 8.18682720163547 0
      vertex 0.7608963739909705 1.806146745892072 0
      vertex 4.13753853761202 8.559914052780147 0
    endloop
  endfacet
  facet normal 0 0 -1
    outer loop
      vertex 5.836396103067893 6.663603896932107 0
      vertex 8.1 9 0
      vertex 2.0656854249492382 2.0656854249492382 0
    endloop
  endfacet
  facet normal 0 0 -1
    outer loop
      vertex 4.3685084207398415 7.6444150891285805 0
      vertex 4.3868272016354695 8.18682720163547 0
      vertex 4.563603896932106 7.936396103067892 0
    endloop
  endfacet
  facet normal 0 0 -1
    outer loop
      vertex 4.563603896932106 7.936396103067892 0
      vertex 4.3868272016354695 8.18682720163547 0
      vertex 4.662613861917231 8.002552446612091 0
    endloop
  endfacet
  facet normal 0 0 -1
    outer loop
      vertex 4.13753853761202 9.440085947219853 0
      vertex 4.3685084207398415 10.355584910871418 0
      vertex 4.3868272016354695 9.81317279836453 0
    endloop
  endfacet
  facet normal 0 0 -1
    outer loop
      vertex 4.66261386191723 9.997447553387909 0
      vertex 4.3868272016354695 9.81317279836453 0
      vertex 4.563603896932106 10.063603896932106 0
    endloop
  endfacet
  facet normal 0 0 -1
    outer loop
      vertex 4.3868272016354695 9.81317279836453 0
      vertex 4.3685084207398415 10.355584910871418 0
      vertex 4.563603896932106 10.063603896932106 0
    endloop
  endfacet
  facet normal 0 0 -1
    outer loop
      vertex 8.168508420739842 3.1555849108714193 0
      vertex 8.363603896932107 2.863603896932107 0
      vertex 2.3 1.5 0
    endloop
  endfacet
  facet normal 0 0 -1
    outer loop
      vertex 8.655584910871418 2.668508420739842 0
      vertex 9 2.6 0
      vertex 2.3 1.5 0
    endloop
  endfacet
  facet normal 0 0 -1
    outer loop
      vertex 8.363603896932107 2.863603896932107 0
      vertex 8.655584910871418 2.668508420739842 0
      vertex 2.3 1.5 0
    endloop
  endfacet
  facet normal 0 0 -1
    outer loop
      vertex 0 0 0
      vertex 1.5 0.7 0
      vertex 21.4 0 0
    endloop
  endfacet
  facet normal 0 0 -1
    outer loop
      vertex 9 2.6 0
      vertex 10.259914052780147 2.4375385376120207 0
      vertex 2.3 1.5 0
    endloop
  endfacet
  facet normal 0 0 -1
    outer loop
      vertex 10.259914052780147 2.4375385376120207 0
      vertex 10.7 2.35 0
      vertex 2.3 1.5 0
    endloop
  endfacet
  facet normal 0 0 -1
    outer loop
      vertex 8.168508420739842 3.1555849108714193 0
      vertex 2.2391036260090296 1.806146745892072 0
      vertex 8.1 3.5 0
    endloop
  endfacet
  facet normal 0 0 -1
    outer loop
      vertex 2.0656854249492382 2.0656854249492382 0
      vertex 8.168508420739842 3.8444150891285807 0
      vertex 8.1 3.5 0
    endloop
  endfacet
  facet normal 0 0 -1
    outer loop
      vertex 2.0656854249492382 2.0656854249492382 0
      vertex 8.363603896932107 8.363603896932107 0
      vertex 8.168508420739842 3.8444150891285807 0
    endloop
  endfacet
  facet normal 0 0 -1
    outer loop
      vertex 21.4 0 0
      vertex 1.5 0.7 0
      vertex 1.806146745892072 0.7608963739909705 0
    endloop
  endfacet
  facet normal 0 0 -1
    outer loop
      vertex 21.4 0 0
      vertex 1.806146745892072 0.7608963739909705 0
      vertex 2.0656854249492382 0.9343145750507619 0
    endloop
  endfacet
  facet normal 0 0 -1
    outer loop
      vertex 21.4 0 0
      vertex 2.0656854249492382 0.9343145750507619 0
      vertex 2.2391036260090296 1.193853254107928 0
    endloop
  endfacet
  facet normal 0 0 -1
    outer loop
      vertex 21.4 0 0
      vertex 2.2391036260090296 1.193853254107928 0
      vertex 2.3 1.5 0
    endloop
  endfacet
  facet normal 0 0 -1
    outer loop
      vertex 9 2.6 0
      vertex 9.344415089128582 2.668508420739842 0
      vertex 10.259914052780147 2.4375385376120207 0
    endloop
  endfacet
  facet normal 0 0 -1
    outer loop
      vertex 9.344415089128582 2.668508420739842 0
      vertex 9.88682720163547 2.68682720163547 0
      vertex 10.259914052780147 2.4375385376120207 0
    endloop
  endfacet
  facet normal 0 0 -1
    outer loop
      vertex 2.3 1.5 0
      vertex 10.7 2.35 0
      vertex 19.099999999999998 1.5 0
    endloop
  endfacet
  facet normal 0 0 -1
    outer loop
      vertex 9.344415089128582 2.668508420739842 0
      vertex 9.636396103067893 2.863603896932107 0
      vertex 9.88682720163547 2.68682720163547 0
    endloop
  endfacet
  facet normal 0 0 -1
    outer loop
      vertex 9.70255244661209 2.962613861917231 0
      vertex 9.88682720163547 2.68682720163547 0
      vertex 9.636396103067893 2.863603896932107 0
    endloop
  endfacet
  facet normal 0 0 -1
    outer loop
      vertex 9.344415089128582 4.331491579260158 0
      vertex 9.88682720163547 4.31317279836453 0
      vertex 9.636396103067893 4.136396103067893 0
    endloop
  endfacet
  facet normal 0 0 -1
    outer loop
      vertex 9.88682720163547 4.31317279836453 0
      vertex 9.70255244661209 4.037386138082769 0
      vertex 9.636396103067893 4.136396103067893 0
    endloop
  endfacet
  facet normal 0 0 -1
    outer loop
      vertex 8.168508420739842 8.655584910871418 0
      vertex 2.0656854249492382 2.0656854249492382 0
      vertex 8.1 9 0
    endloop
  endfacet
  facet normal 0 0 -1
    outer loop
      vertex 8.363603896932107 8.363603896932107 0
      vertex 2.0656854249492382 2.0656854249492382 0
      vertex 8.168508420739842 8.655584910871418 0
    endloop
  endfacet
  facet normal 0 0 -1
    outer loop
      vertex 6.031491579260157 7.6444150891285805 0
      vertex 5.836396103067893 7.936396103067892 0
      vertex 6.013172798364529 8.18682720163547 0
    endloop
  endfacet
  facet normal 0 0 -1
    outer loop
      vertex 6.031491579260157 7.6444150891285805 0
      vertex 6.262461462387979 8.559914052780147 0
      vertex 6.1 7.3 0
    endloop
  endfacet
  facet normal 0 0 -1
    outer loop
      vertex 5.836396103067893 6.663603896932107 0
      vertex 6.031491579260157 6.955584910871419 0
      vertex 8.1 9 0
    endloop
  endfacet
  facet normal 0 0 -1
    outer loop
      vertex 6.031491579260157 6.955584910871419 0
      vertex 6.1 7.3 0
      vertex 8.1 9 0
    endloop
  endfacet
  facet normal 0 0 -1
    outer loop
      vertex 5.737386138082767 8.002552446612091 0
      vertex 6.013172798364529 8.18682720163547 0
      vertex 5.836396103067893 7.936396103067892 0
    endloop
  endfacet
  facet normal 0 0 -1
    outer loop
      vertex 6.031491579260157 7.6444150891285805 0
      vertex 6.013172798364529 8.18682720163547 0
      vertex 6.262461462387979 8.559914052780147 0
    endloop
  endfacet
  facet normal 0 0 -1
    outer loop
      vertex 6.013172798364529 9.81317279836453 0
      vertex 5.737386138082768 9.997447553387909 0
      vertex 5.836396103067893 10.063603896932106 0
    endloop
  endfacet
  facet normal 0 0 -1
    outer loop
      vertex 6.013172798364529 9.81317279836453 0
      vertex 5.836396103067893 10.063603896932106 0
      vertex 6.031491579260157 10.355584910871418 0
    endloop
  endfacet
  facet normal 0 0 -1
    outer loop
      vertex 6.013172798364529 9.81317279836453 0
      vertex 6.031491579260157 10.355584910871418 0
      vertex 6.262461462387979 9.440085947219853 0
    endloop
  endfacet
  facet normal 0 0 -1
    outer loop
      vertex 6.262461462387979 9.440085947219853 0
      vertex 6.031491579260157 10.355584910871418 0
      vertex 6.1 10.7 0
    endloop
  endfacet
  facet normal 0 0 -1
    outer loop
      vertex 6.1 7.3 0
      vertex 6.262461462387979 8.559914052780147 0
      vertex 8.1 9 0
    endloop
  endfacet
  facet normal 0 0 -1
    outer loop
      vertex 6.262461462387979 8.559914052780147 0
      vertex 6.35 9 0
      vertex 8.1 9 0
    endloop
  endfacet
  facet normal 0 0 -1
    outer loop
      vertex 6.35 9 0
      vertex 6.262461462387979 9.440085947219853 0
      vertex 8.168508420739842 9.344415089128582 0
    endloop
  endfacet
  facet normal 0 0 -1
    outer loop
      vertex 6.35 9 0
      vertex 8.168508420739842 9.344415089128582 0
      vertex 8.1 9 0
    endloop
  endfacet
  facet normal 0 0 -1
    outer loop
      vertex 6.262461462387979 9.440085947219853 0
      vertex 6.1 10.7 0
      vertex 8.168508420739842 9.344415089128582 0
    endloop
  endfacet
  facet normal 0 0 -1
    outer loop
      vertex 8.655584910871418 9.831491579260158 0
      vertex 6.1 10.7 0
      vertex 6.031491579260157 11.04441508912858 0
    endloop
  endfacet
  facet normal 0 0 -1
    outer loop
      vertex 8.168508420739842 9.344415089128582 0
      vertex 6.1 10.7 0
      vertex 8.363603896932107 9.636396103067893 0
    endloop
  endfacet
  facet normal 0 0 -1
    outer loop
      vertex 8.363603896932107 9.636396103067893 0
      vertex 6.1 10.7 0
      vertex 8.655584910871418 9.831491579260158 0
    endloop
  endfacet
  facet normal 0 0 -1
    outer loop
      vertex 8.655584910871418 9.831491579260158 0
      vertex 6.031491579260157 11.04441508912858 0
      vertex 9 9.9 0
    endloop
  endfacet
  facet normal 0 0 -1
    outer loop
      vertex 8.168508420739842 3.8444150891285807 0
      vertex 8.363603896932107 8.363603896932107 0
      vertex 8.363603896932107 4.136396103067893 0
    endloop
  endfacet
  facet normal 0 0 -1
    outer loop
      vertex 8.363603896932107 4.136396103067893 0
      vertex 8.363603896932107 8.363603896932107 0
      vertex 8.655584910871418 4.331491579260158 0
    endloop
  endfacet
  facet normal 0 0 -1
    outer loop
      vertex 8.655584910871418 4.331491579260158 0
      vertex 8.655584910871418 8.168508420739842 0
      vertex 9 4.4 0
    endloop
  endfacet
  facet normal 0 0 -1
    outer loop
      vertex 9 4.4 0
      vertex 9 8.1 0
      vertex 9.344415089128582 4.331491579260158 0
    endloop
  endfacet
  facet normal 0 0 -1
    outer loop
      vertex 8.655584910871418 4.331491579260158 0
      vertex 8.363603896932107 8.363603896932107 0
      vertex 8.655584910871418 8.168508420739842 0
    endloop
  endfacet
  facet normal 0 0 -1
    outer loop
      vertex 9 4.4 0
      vertex 8.655584910871418 8.168508420739842 0
      vertex 9 8.1 0
    endloop
  endfacet
  facet normal 0 0 -1
    outer loop
      vertex 9.344415089128582 4.331491579260158 0
      vertex 9 8.1 0
      vertex 9.344415089128582 8.168508420739842 0
    endloop
  endfacet
  facet normal 0 0 -1
    outer loop
      vertex 9.344415089128582 4.331491579260158 0
      vertex 9.344415089128582 8.168508420739842 0
      vertex 9.88682720163547 4.31317279836453 0
    endloop
  endfacet
  facet normal 0 0 -1
    outer loop
      vertex 9.88682720163547 4.31317279836453 0
      vertex 9.88682720163547 8.18682720163547 0
      vertex 10.259914052780147 4.562461462387979 0
    endloop
  endfacet
  facet normal 0 0 -1
    outer loop
      vertex 10.7 4.65 0
      vertex 10.259914052780147 4.562461462387979 0
      vertex 10.259914052780147 7.937538537612021 0
    endloop
  endfacet
  facet normal 0 0 -1
    outer loop
      vertex 9.88682720163547 4.31317279836453 0
      vertex 9.344415089128582 8.168508420739842 0
      vertex 9.88682720163547 8.18682720163547 0
    endloop
  endfacet
  facet normal 0 0 -1
    outer loop
      vertex 10.259914052780147 4.562461462387979 0
      vertex 9.88682720163547 8.18682720163547 0
      vertex 10.259914052780147 7.937538537612021 0
    endloop
  endfacet
  facet normal 0 0 -1
    outer loop
      vertex 10.7 4.65 0
      vertex 10.259914052780147 7.937538537612021 0
      vertex 10.7 7.85 0
    endloop
  endfacet
  facet normal 0 0 -1
    outer loop
      vertex 9.88682720163547 8.18682720163547 0
      vertex 9.344415089128582 8.168508420739842 0
      vertex 9.636396103067893 8.363603896932107 0
    endloop
  endfacet
  facet normal 0 0 -1
    outer loop
      vertex 9.88682720163547 8.18682720163547 0
      vertex 9.636396103067893 8.363603896932107 0
      vertex 9.70255244661209 8.46261386191723 0
    endloop
  endfacet
  facet normal 0 0 -1
    outer loop
      vertex 9.636396103067893 9.636396103067893 0
      vertex 9.88682720163547 9.81317279836453 0
      vertex 9.70255244661209 9.53738613808277 0
    endloop
  endfacet
  facet normal 0 0 1
    outer loop
      vertex 0 0 2.2
      vertex 0.7608963739909705 1.193853254107928 2.2
      vertex 0.7 1.5 2.2
    endloop
  endfacet
  facet normal 0 0 1
    outer loop
      vertex 0 0 2.2
      vertex 0.9343145750507619 0.9343145750507619 2.2
      vertex 0.7608963739909705 1.193853254107928 2.2
    endloop
  endfacet
  facet normal 0 0 1
    outer loop
      vertex 0 0 2.2
      vertex 0.7 1.5 2.2
      vertex 0.7608963739909705 1.806146745892072 2.2
    endloop
  endfacet
  facet normal 0 0 1
    outer loop
      vertex 0 0 2.2
      vertex 1.193853254107928 0.7608963739909705 2.2
      vertex 0.9343145750507619 0.9343145750507619 2.2
    endloop
  endfacet
  facet normal 0 0 1
    outer loop
      vertex 0 0 2.2
      vertex 1.5 0.7 2.2
      vertex 1.193853254107928 0.7608963739909705 2.2
    endloop
  endfacet
  facet normal 0 0 1
    outer loop
      vertex 0 0 2.2
      vertex 0.7608963739909705 1.806146745892072 2.2
      vertex 3.099999999999999 11.7 2.2
    endloop
  endfacet
  facet normal 0 0 1
    outer loop
      vertex 0.9343145750507619 2.0656854249492382 2.2
      vertex 1.193853254107928 2.2391036260090296 2.2
      vertex 3.099999999999999 6.3 2.2
    endloop
  endfacet
  facet normal 0 0 1
    outer loop
      vertex 1.193853254107928 2.2391036260090296 2.2
      vertex 1.5 2.3 2.2
      vertex 3.099999999999999 6.3 2.2
    endloop
  endfacet
  facet normal 0 0 1
    outer loop
      vertex 0.9343145750507619 2.0656854249492382 2.2
      vertex 3.099999999999999 11.7 2.2
      vertex 0.7608963739909705 1.806146745892072 2.2
    endloop
  endfacet
  facet normal 0 0 1
    outer loop
      vertex 0 0 2.2
      vertex 7.999999999999999 1.4 2.2
      vertex 1.5 0.7 2.2
    endloop
  endfacet
  facet normal 0 0 1
    outer loop
      vertex 1.806146745892072 0.7608963739909705 2.2
      vertex 1.5 0.7 2.2
      vertex 7.999999999999999 1.4 2.2
    endloop
  endfacet
  facet normal 0 0 1
    outer loop
      vertex 2.0656854249492382 0.9343145750507619 2.2
      vertex 1.806146745892072 0.7608963739909705 2.2
      vertex 7.999999999999999 1.4 2.2
    endloop
  endfacet
  facet normal 0 0 1
    outer loop
      vertex 2.0656854249492382 0.9343145750507619 2.2
      vertex 7.999999999999999 1.4 2.2
      vertex 2.2391036260090296 1.193853254107928 2.2
    endloop
  endfacet
  facet normal 0 0 1
    outer loop
      vertex 2.2391036260090296 1.193853254107928 2.2
      vertex 7.999999999999999 1.4 2.2
      vertex 2.3 1.5 2.2
    endloop
  endfacet
  facet normal 0 0 1
    outer loop
      vertex 1.806146745892072 2.2391036260090296 2.2
      vertex 2.0656854249492382 2.0656854249492382 2.2
      vertex 7.999999999999999 5.6 2.2
    endloop
  endfacet
  facet normal 0 0 1
    outer loop
      vertex 1.5 2.3 2.2
      vertex 1.806146745892072 2.2391036260090296 2.2
      vertex 7.999999999999999 5.6 2.2
    endloop
  endfacet
  facet normal 0 0 1
    outer loop
      vertex 1.5 2.3 2.2
      vertex 7.299999999999999 6.3 2.2
      vertex 3.099999999999999 6.3 2.2
    endloop
  endfacet
  facet normal 0 0 1
    outer loop
      vertex 2.3 1.5 2.2
      vertex 7.999999999999999 5.6 2.2
      vertex 2.2391036260090296 1.806146745892072 2.2
    endloop
  endfacet
  facet normal 0 0 1
    outer loop
      vertex 2.2391036260090296 1.806146745892072 2.2
      vertex 7.999999999999999 5.6 2.2
      vertex 2.0656854249492382 2.0656854249492382 2.2
    endloop
  endfacet
  facet normal -1 0 0
    outer loop
      vertex 0 0 0
      vertex 0 0 2.2
      vertex 0 18.25 1.2000000000000002
    endloop
  endfacet
  facet normal 0 0 1
    outer loop
      vertex 0.9343145750507619 2.0656854249492382 2.2
      vertex 3.099999999999999 6.3 2.2
      vertex 3.099999999999999 11.7 2.2
    endloop
  endfacet
  facet normal 0 0 1
    outer loop
      vertex 0 0 2.2
      vertex 3.099999999999999 11.7 2.2
      vertex 0 18.25 2.2
    endloop
  endfacet
  facet normal 0 -1 0
    outer loop
      vertex 0 0 0
      vertex 21.4 0 2.2
      vertex 0 0 2.2
    endloop
  endfacet
  facet normal 0 0 1
    outer loop
      vertex 0 0 2.2
      vertex 13.399999999999999 1.4 2.2
      vertex 7.999999999999999 1.4 2.2
    endloop
  endfacet
  facet normal 0 0 1
    outer loop
      vertex 7.999999999999999 5.6 2.2
      vertex 2.3 1.5 2.2
      vertex 7.999999999999999 1.4 2.2
    endloop
  endfacet
  facet normal 0 0 1
    outer loop
      vertex 1.5 2.3 2.2
      vertex 7.999999999999999 5.6 2.2
      vertex 7.299999999999999 6.3 2.2
    endloop
  endfacet
  facet normal 0 0 1
    outer loop
      vertex 7.999999999999999 5.6 2.2
      vertex 7.999999999999999 6.9 2.2
      vertex 7.299999999999999 6.3 2.2
    endloop
  endfacet
  facet normal 0 0 1
    outer loop
      vertex 7.999999999999999 11.100000000000001 2.2
      vertex 7.299999999999999 6.3 2.2
      vertex 7.999999999999999 6.9 2.2
    endloop
  endfacet
  facet normal 0 0 1
    outer loop
      vertex 7.999999999999999 11.100000000000001 2.2
      vertex 7.299999999999999 11.7 2.2
      vertex 7.299999999999999 6.3 2.2
    endloop
  endfacet
  facet normal 0 0 1
    outer loop
      vertex 7.999999999999999 5.6 2.2
      vertex 13.399999999999999 5.6 2.2
      vertex 7.999999999999999 6.9 2.2
    endloop
  endfacet
  facet normal 0 0 -1
    outer loop
      vertex 0 21.4 0
      vertex 4.049999999999999 9 0
      vertex 0.7608963739909705 1.806146745892072 0
    endloop
  endfacet
  facet normal -1 0 0
    outer loop
      vertex 0 0 0
      vertex 0 19.55 1.2000000000000002
      vertex 0 21.4 0
    endloop
  endfacet
  facet normal 0 0 -1
    outer loop
      vertex 0 21.4 0
      vertex 4.13753853761202 9.440085947219853 0
      vertex 4.049999999999999 9 0
    endloop
  endfacet
  facet normal 0 0 -1
    outer loop
      vertex 0 21.4 0
      vertex 4.3685084207398415 10.355584910871418 0
      vertex 4.13753853761202 9.440085947219853 0
    endloop
  endfacet
  facet normal 0 0 -1
    outer loop
      vertex 4.299999999999999 10.7 0
      vertex 0.9343145750507619 19.33431457505076 0
      vertex 4.3685084207398415 11.04441508912858 0
    endloop
  endfacet
  facet normal 0 0 -1
    outer loop
      vertex 4.3685084207398415 11.04441508912858 0
      vertex 0.9343145750507619 19.33431457505076 0
      vertex 4.563603896932106 11.336396103067893 0
    endloop
  endfacet
  facet normal 0 0 -1
    outer loop
      vertex 0 21.4 0
      vertex 4.299999999999999 10.7 0
      vertex 4.3685084207398415 10.355584910871418 0
    endloop
  endfacet
  facet normal 0 0 -1
    outer loop
      vertex 4.563603896932106 11.336396103067893 0
      vertex 0.9343145750507619 19.33431457505076 0
      vertex 8.1 14.5 0
    endloop
  endfacet
  facet normal -1 0 0
    outer loop
      vertex 0 0 0
      vertex 0 18.25 1.2000000000000002
      vertex 0 19.55 1.2000000000000002
    endloop
  endfacet
  facet normal 0 0 -1
    outer loop
      vertex 4.299999999999999 10.7 0
      vertex 0.7608963739909705 19.593853254107927 0
      vertex 0.9343145750507619 19.33431457505076 0
    endloop
  endfacet
  facet normal 0 0 -1
    outer loop
      vertex 0 21.4 0
      vertex 0.7608963739909705 19.593853254107927 0
      vertex 4.299999999999999 10.7 0
    endloop
  endfacet
  facet normal 0 0 -1
    outer loop
      vertex 1.193853254107928 19.16089637399097 0
      vertex 1.5 19.099999999999998 0
      vertex 3.639339828220178 17.839339828220176 0
    endloop
  endfacet
  facet normal 0 0 -1
    outer loop
      vertex 0 21.4 0
      vertex 0.7 19.9 0
      vertex 0.7608963739909705 19.593853254107927 0
    endloop
  endfacet
  facet normal 0 0 -1
    outer loop
      vertex 0 21.4 0
      vertex 0.7608963739909705 20.20614674589207 0
      vertex 0.7 19.9 0
    endloop
  endfacet
  facet normal 0 0 -1
    outer loop
      vertex 0 21.4 0
      vertex 0.9343145750507619 20.465685424949235 0
      vertex 0.7608963739909705 20.20614674589207 0
    endloop
  endfacet
  facet normal 0 0 -1
    outer loop
      vertex 0 21.4 0
      vertex 1.193853254107928 20.639103626009028 0
      vertex 0.9343145750507619 20.465685424949235 0
    endloop
  endfacet
  facet normal 0 0 -1
    outer loop
      vertex 0 21.4 0
      vertex 1.5 20.7 0
      vertex 1.193853254107928 20.639103626009028 0
    endloop
  endfacet
  facet normal 0 0 -1
    outer loop
      vertex 0 21.4 0
      vertex 1.806146745892072 20.639103626009028 0
      vertex 1.5 20.7 0
    endloop
  endfacet
  facet normal 0 0 -1
    outer loop
      vertex 1.5 19.099999999999998 0
      vertex 1.806146745892072 19.16089637399097 0
      vertex 3.1999999999999993 18.9 0
    endloop
  endfacet
  facet normal 0 0 -1
    outer loop
      vertex 1.5 19.099999999999998 0
      vertex 3.1999999999999993 18.9 0
      vertex 3.2511112605663968 18.51177143234622 0
    endloop
  endfacet
  facet normal 0 0 -1
    outer loop
      vertex 1.806146745892072 19.16089637399097 0
      vertex 2.0656854249492382 19.33431457505076 0
      vertex 3.1999999999999993 18.9 0
    endloop
  endfacet
  facet normal 0 0 -1
    outer loop
      vertex 2.0656854249492382 19.33431457505076 0
      vertex 2.2391036260090296 19.593853254107927 0
      vertex 3.1999999999999993 18.9 0
    endloop
  endfacet
  facet normal 0 0 -1
    outer loop
      vertex 3.2511112605663968 19.28822856765378 0
      vertex 2.2391036260090296 19.593853254107927 0
      vertex 2.3 19.9 0
    endloop
  endfacet
  facet normal 0 0 -1
    outer loop
      vertex 3.4009618943233413 19.65 0
      vertex 2.3 19.9 0
      vertex 2.2391036260090296 20.20614674589207 0
    endloop
  endfacet
  facet normal 0 0 -1
    outer loop
      vertex 0 21.4 0
      vertex 4.699999999999999 20.4 0
      vertex 1.806146745892072 20.639103626009028 0
    endloop
  endfacet
  facet normal 0 0 -1
    outer loop
      vertex 1.193853254107928 19.16089637399097 0
      vertex 3.639339828220178 17.839339828220176 0
      vertex 3.9499999999999993 17.60096189432334 0
    endloop
  endfacet
  facet normal 0 0 -1
    outer loop
      vertex 1.5 19.099999999999998 0
      vertex 3.4009618943233413 18.15 0
      vertex 3.639339828220178 17.839339828220176 0
    endloop
  endfacet
  facet normal 0 0 -1
    outer loop
      vertex 1.5 19.099999999999998 0
      vertex 3.2511112605663968 18.51177143234622 0
      vertex 3.4009618943233413 18.15 0
    endloop
  endfacet
  facet normal 0 0 -1
    outer loop
      vertex 0.9343145750507619 19.33431457505076 0
      vertex 1.193853254107928 19.16089637399097 0
      vertex 8.1 14.5 0
    endloop
  endfacet
  facet normal 0 0 -1
    outer loop
      vertex 1.193853254107928 19.16089637399097 0
      vertex 3.9499999999999993 17.60096189432334 0
      vertex 8.1 14.5 0
    endloop
  endfacet
  facet normal 0 0 -1
    outer loop
      vertex 3.1999999999999993 18.9 0
      vertex 2.2391036260090296 19.593853254107927 0
      vertex 3.2511112605663968 19.28822856765378 0
    endloop
  endfacet
  facet normal 0 0 -1
    outer loop
      vertex 3.2511112605663968 19.28822856765378 0
      vertex 2.3 19.9 0
      vertex 3.4009618943233413 19.65 0
    endloop
  endfacet
  facet normal 0 0 -1
    outer loop
      vertex 3.639339828220178 19.96066017177982 0
      vertex 3.4009618943233413 19.65 0
      vertex 2.2391036260090296 20.20614674589207 0
    endloop
  endfacet
  facet normal 0 0 -1
    outer loop
      vertex 2.0656854249492382 20.465685424949235 0
      vertex 3.9499999999999993 20.199038105676657 0
      vertex 2.2391036260090296 20.20614674589207 0
    endloop
  endfacet
  facet normal 0 0 -1
    outer loop
      vertex 1.806146745892072 20.639103626009028 0
      vertex 4.311771432346218 20.3488887394336 0
      vertex 2.0656854249492382 20.465685424949235 0
    endloop
  endfacet
  facet normal 0 0 -1
    outer loop
      vertex 3.639339828220178 19.96066017177982 0
      vertex 2.2391036260090296 20.20614674589207 0
      vertex 3.9499999999999993 20.199038105676657 0
    endloop
  endfacet
  facet normal 0 0 -1
    outer loop
      vertex 2.0656854249492382 20.465685424949235 0
      vertex 4.311771432346218 20.3488887394336 0
      vertex 3.9499999999999993 20.199038105676657 0
    endloop
  endfacet
  facet normal 0 0 -1
    outer loop
      vertex 1.806146745892072 20.639103626009028 0
      vertex 4.699999999999999 20.4 0
      vertex 4.311771432346218 20.3488887394336 0
    endloop
  endfacet
  facet normal 0 0 -1
    outer loop
      vertex 4.563603896932106 11.336396103067893 0
      vertex 8.1 14.5 0
      vertex 4.855584910871419 11.531491579260157 0
    endloop
  endfacet
  facet normal 0 0 -1
    outer loop
      vertex 4.855584910871419 11.531491579260157 0
      vertex 8.1 14.5 0
      vertex 5.199999999999999 11.6 0
    endloop
  endfacet
  facet normal 0 0 -1
    outer loop
      vertex 5.54441508912858 11.531491579260157 0
      vertex 5.199999999999999 11.6 0
      vertex 8.1 14.5 0
    endloop
  endfacet
  facet normal 0 0 -1
    outer loop
      vertex 5.54441508912858 11.531491579260157 0
      vertex 8.168508420739842 14.155584910871418 0
      vertex 5.836396103067893 11.336396103067893 0
    endloop
  endfacet
  facet normal 0 0 -1
    outer loop
      vertex 9 9.9 0
      vertex 6.031491579260157 11.04441508912858 0
      vertex 5.836396103067893 11.336396103067893 0
    endloop
  endfacet
  facet normal 0 0 -1
    outer loop
      vertex 9 9.9 0
      vertex 5.836396103067893 11.336396103067893 0
      vertex 8.655584910871418 13.668508420739842 0
    endloop
  endfacet
  facet normal 0 0 -1
    outer loop
      vertex 5.836396103067893 11.336396103067893 0
      vertex 8.363603896932107 13.863603896932107 0
      vertex 8.655584910871418 13.668508420739842 0
    endloop
  endfacet
  facet normal 0 0 -1
    outer loop
      vertex 5.836396103067893 11.336396103067893 0
      vertex 8.168508420739842 14.155584910871418 0
      vertex 8.363603896932107 13.863603896932107 0
    endloop
  endfacet
  facet normal 0 0 -1
    outer loop
      vertex 5.54441508912858 11.531491579260157 0
      vertex 8.1 14.5 0
      vertex 8.168508420739842 14.155584910871418 0
    endloop
  endfacet
  facet normal 0 0 -1
    outer loop
      vertex 8.1 14.5 0
      vertex 5.088228567653781 17.451111260566396 0
      vertex 8.168508420739842 14.844415089128582 0
    endloop
  endfacet
  facet normal 0 0 -1
    outer loop
      vertex 8.168508420739842 14.844415089128582 0
      vertex 5.088228567653781 17.451111260566396 0
      vertex 8.363603896932107 15.136396103067893 0
    endloop
  endfacet
  facet normal 0 0 -1
    outer loop
      vertex 8.363603896932107 15.136396103067893 0
      vertex 5.088228567653781 17.451111260566396 0
      vertex 8.655584910871418 15.331491579260158 0
    endloop
  endfacet
  facet normal 0 0 -1
    outer loop
      vertex 9 9.9 0
      vertex 8.655584910871418 13.668508420739842 0
      vertex 9 13.6 0
    endloop
  endfacet
  facet normal 0 0 -1
    outer loop
      vertex 9 9.9 0
      vertex 10.259914052780147 13.43753853761202 0
      vertex 9.344415089128582 9.831491579260158 0
    endloop
  endfacet
  facet normal 0 0 -1
    outer loop
      vertex 9.344415089128582 9.831491579260158 0
      vertex 10.7 13.35 0
      vertex 9.636396103067893 9.636396103067893 0
    endloop
  endfacet
  facet normal 0 0 -1
    outer loop
      vertex 9 9.9 0
      vertex 9 13.6 0
      vertex 10.259914052780147 13.43753853761202 0
    endloop
  endfacet
  facet normal 0 0 -1
    outer loop
      vertex 9.344415089128582 9.831491579260158 0
      vertex 10.259914052780147 13.43753853761202 0
      vertex 10.7 13.35 0
    endloop
  endfacet
  facet normal 0 0 -1
    outer loop
      vertex 9.636396103067893 9.636396103067893 0
      vertex 10.7 13.35 0
      vertex 11.140085947219852 13.43753853761202 0
    endloop
  endfacet
  facet normal 0 0 -1
    outer loop
      vertex 9 13.6 0
      vertex 9.344415089128582 13.668508420739842 0
      vertex 10.259914052780147 13.43753853761202 0
    endloop
  endfacet
  facet normal 0 0 -1
    outer loop
      vertex 9.344415089128582 13.668508420739842 0
      vertex 9.636396103067893 13.863603896932107 0
      vertex 9.88682720163547 13.68682720163547 0
    endloop
  endfacet
  facet normal 0 0 -1
    outer loop
      vertex 9.344415089128582 13.668508420739842 0
      vertex 9.88682720163547 13.68682720163547 0
      vertex 10.259914052780147 13.43753853761202 0
    endloop
  endfacet
  facet normal 0 0 -1
    outer loop
      vertex 9.70255244661209 13.96261386191723 0
      vertex 9.88682720163547 13.68682720163547 0
      vertex 9.636396103067893 13.863603896932107 0
    endloop
  endfacet
  facet normal 0 0 -1
    outer loop
      vertex 9.344415089128582 15.331491579260158 0
      vertex 9.88682720163547 15.31317279836453 0
      vertex 9.636396103067893 15.136396103067893 0
    endloop
  endfacet
  facet normal 0 0 -1
    outer loop
      vertex 9.88682720163547 15.31317279836453 0
      vertex 9.70255244661209 15.03738613808277 0
      vertex 9.636396103067893 15.136396103067893 0
    endloop
  endfacet
  facet normal 0 0 -1
    outer loop
      vertex 9 15.4 0
      vertex 10.259914052780147 15.56246146238798 0
      vertex 9.344415089128582 15.331491579260158 0
    endloop
  endfacet
  facet normal 0 0 -1
    outer loop
      vertex 9.344415089128582 15.331491579260158 0
      vertex 10.259914052780147 15.56246146238798 0
      vertex 9.88682720163547 15.31317279836453 0
    endloop
  endfacet
  facet normal 0 0 -1
    outer loop
      vertex 8.1 14.5 0
      vertex 3.9499999999999993 17.60096189432334 0
      vertex 4.311771432346218 17.451111260566396 0
    endloop
  endfacet
  facet normal 0 0 -1
    outer loop
      vertex 8.1 14.5 0
      vertex 4.311771432346218 17.451111260566396 0
      vertex 4.699999999999999 17.4 0
    endloop
  endfacet
  facet normal 0 0 -1
    outer loop
      vertex 8.1 14.5 0
      vertex 4.699999999999999 17.4 0
      vertex 5.088228567653781 17.451111260566396 0
    endloop
  endfacet
  facet normal 0 0 -1
    outer loop
      vertex 8.655584910871418 15.331491579260158 0
      vertex 5.088228567653781 17.451111260566396 0
      vertex 10.311771432346218 17.451111260566396 0
    endloop
  endfacet
  facet normal 0 0 -1
    outer loop
      vertex 5.088228567653781 17.451111260566396 0
      vertex 5.449999999999999 17.60096189432334 0
      vertex 9.95 17.60096189432334 0
    endloop
  endfacet
  facet normal 0 0 -1
    outer loop
      vertex 5.76066017177982 17.839339828220176 0
      vertex 9.639339828220178 17.839339828220176 0
      vertex 5.449999999999999 17.60096189432334 0
    endloop
  endfacet
  facet normal 0 0 -1
    outer loop
      vertex 5.76066017177982 17.839339828220176 0
      vertex 5.999038105676657 18.15 0
      vertex 9.400961894323341 18.15 0
    endloop
  endfacet
  facet normal 0 0 -1
    outer loop
      vertex 5.999038105676657 18.15 0
      vertex 6.148888739433602 18.51177143234622 0
      vertex 9.251111260566397 18.51177143234622 0
    endloop
  endfacet
  facet normal 0 0 -1
    outer loop
      vertex 6.148888739433602 18.51177143234622 0
      vertex 6.199999999999999 18.9 0
      vertex 9.2 18.9 0
    endloop
  endfacet
  facet normal 0 0 -1
    outer loop
      vertex 6.199999999999999 18.9 0
      vertex 6.148888739433602 19.28822856765378 0
      vertex 9.251111260566397 19.28822856765378 0
    endloop
  endfacet
  facet normal 0 0 -1
    outer loop
      vertex 6.148888739433602 19.28822856765378 0
      vertex 5.999038105676657 19.65 0
      vertex 9.400961894323341 19.65 0
    endloop
  endfacet
  facet normal 0 0 -1
    outer loop
      vertex 5.999038105676657 19.65 0
      vertex 5.76066017177982 19.96066017177982 0
      vertex 9.639339828220178 19.96066017177982 0
    endloop
  endfacet
  facet normal 0 0 -1
    outer loop
      vertex 5.088228567653781 20.3488887394336 0
      vertex 10.311771432346218 20.3488887394336 0
      vertex 5.449999999999999 20.199038105676657 0
    endloop
  endfacet
  facet normal 0 0 -1
    outer loop
      vertex 5.449999999999999 20.199038105676657 0
      vertex 9.95 20.199038105676657 0
      vertex 5.76066017177982 19.96066017177982 0
    endloop
  endfacet
  facet normal 0 0 -1
    outer loop
      vertex 8.655584910871418 15.331491579260158 0
      vertex 10.311771432346218 17.451111260566396 0
      vertex 9 15.4 0
    endloop
  endfacet
  facet normal 0 0 -1
    outer loop
      vertex 5.449999999999999 17.60096189432334 0
      vertex 9.639339828220178 17.839339828220176 0
      vertex 9.95 17.60096189432334 0
    endloop
  endfacet
  facet normal 0 0 -1
    outer loop
      vertex 5.76066017177982 17.839339828220176 0
      vertex 9.400961894323341 18.15 0
      vertex 9.639339828220178 17.839339828220176 0
    endloop
  endfacet
  facet normal 0 0 -1
    outer loop
      vertex 5.088228567653781 17.451111260566396 0
      vertex 9.95 17.60096189432334 0
      vertex 10.311771432346218 17.451111260566396 0
    endloop
  endfacet
  facet normal 0 0 -1
    outer loop
      vertex 5.999038105676657 18.15 0
      vertex 9.251111260566397 18.51177143234622 0
      vertex 9.400961894323341 18.15 0
    endloop
  endfacet
  facet normal 0 0 -1
    outer loop
      vertex 6.148888739433602 18.51177143234622 0
      vertex 9.2 18.9 0
      vertex 9.251111260566397 18.51177143234622 0
    endloop
  endfacet
  facet normal 0 0 -1
    outer loop
      vertex 9 15.4 0
      vertex 10.311771432346218 17.451111260566396 0
      vertex 10.259914052780147 15.56246146238798 0
    endloop
  endfacet
  facet normal 0 0 -1
    outer loop
      vertex 10.7 15.65 0
      vertex 10.259914052780147 15.56246146238798 0
      vertex 10.311771432346218 17.451111260566396 0
    endloop
  endfacet
  facet normal 0 0 -1
    outer loop
      vertex 10.7 15.65 0
      vertex 10.311771432346218 17.451111260566396 0
      vertex 10.7 17.4 0
    endloop
  endfacet
  facet normal 0 0 -1
    outer loop
      vertex 6.199999999999999 18.9 0
      vertex 9.251111260566397 19.28822856765378 0
      vertex 9.2 18.9 0
    endloop
  endfacet
  facet normal 0 0 -1
    outer loop
      vertex 6.148888739433602 19.28822856765378 0
      vertex 9.400961894323341 19.65 0
      vertex 9.251111260566397 19.28822856765378 0
    endloop
  endfacet
  facet normal 0 0 -1
    outer loop
      vertex 5.999038105676657 19.65 0
      vertex 9.639339828220178 19.96066017177982 0
      vertex 9.400961894323341 19.65 0
    endloop
  endfacet
  facet normal 0 0 -1
    outer loop
      vertex 9.639339828220178 19.96066017177982 0
      vertex 5.76066017177982 19.96066017177982 0
      vertex 9.95 20.199038105676657 0
    endloop
  endfacet
  facet normal 0 0 -1
    outer loop
      vertex 5.449999999999999 20.199038105676657 0
      vertex 10.311771432346218 20.3488887394336 0
      vertex 9.95 20.199038105676657 0
    endloop
  endfacet
  facet normal 0 0 -1
    outer loop
      vertex 10.7 20.4 0
      vertex 10.311771432346218 20.3488887394336 0
      vertex 5.088228567653781 20.3488887394336 0
    endloop
  endfacet
  facet normal 0 0 -1
    outer loop
      vertex 0 21.4 0
      vertex 21.4 21.4 0
      vertex 4.699999999999999 20.4 0
    endloop
  endfacet
  facet normal 0 0 -1
    outer loop
      vertex 21.4 21.4 0
      vertex 5.088228567653781 20.3488887394336 0
      vertex 4.699999999999999 20.4 0
    endloop
  endfacet
  facet normal 0 1 0
    outer loop
      vertex 0 21.4 0
      vertex 0 21.4 2.2
      vertex 21.4 21.4 0
    endloop
  endfacet
  facet normal -1 0 0
    outer loop
      vertex 0 0 2.2
      vertex 0 18.25 2.2
      vertex 0 18.25 1.2000000000000002
    endloop
  endfacet
  facet normal 0 0 1
    outer loop
      vertex 3.099999999999999 11.7 2.2
      vertex 7.299999999999999 11.7 2.2
      vertex 0 18.25 2.2
    endloop
  endfacet
  facet normal 0 0 1
    outer loop
      vertex 7.299999999999999 11.7 2.2
      vertex 7.999999999999999 12.4 2.2
      vertex 0 18.25 2.2
    endloop
  endfacet
  facet normal 0 0 1
    outer loop
      vertex 7.999999999999999 12.4 2.2
      vertex 3.9499999999999993 17.60096189432334 2.2
      vertex 3.639339828220178 17.839339828220176 2.2
    endloop
  endfacet
  facet normal -1 0 0
    outer loop
      vertex 0 21.4 0
      vertex 0 19.55 1.2000000000000002
      vertex 0 21.4 2.2
    endloop
  endfacet
  facet normal 0 0 1
    outer loop
      vertex 0 18.25 2.2
      vertex 3.4009618943233413 18.15 2.2
      vertex 3.3595405380860313 18.25 2.2
    endloop
  endfacet
  facet normal 0 0 1
    outer loop
      vertex 0 18.25 2.2
      vertex 3.639339828220178 17.839339828220176 2.2
      vertex 3.4009618943233413 18.15 2.2
    endloop
  endfacet
  facet normal -1 0 0
    outer loop
      vertex 0 21.4 2.2
      vertex 0 19.55 1.2000000000000002
      vertex 0 19.55 2.2
    endloop
  endfacet
  facet normal 0 0 1
    outer loop
      vertex 0.7 19.9 2.2
      vertex 0 19.55 2.2
      vertex 0.7608963739909705 19.593853254107927 2.2
    endloop
  endfacet
  facet normal 0 0 1
    outer loop
      vertex 0.7608963739909705 19.593853254107927 2.2
      vertex 0 19.55 2.2
      vertex 0.7901981815891337 19.55 2.2
    endloop
  endfacet
  facet normal 0 0 1
    outer loop
      vertex 0 21.4 2.2
      vertex 0 19.55 2.2
      vertex 0.7 19.9 2.2
    endloop
  endfacet
  facet normal 0 0 1
    outer loop
      vertex 0 21.4 2.2
      vertex 0.7 19.9 2.2
      vertex 0.7608963739909705 20.20614674589207 2.2
    endloop
  endfacet
  facet normal 0 0 1
    outer loop
      vertex 0 21.4 2.2
      vertex 0.7608963739909705 20.20614674589207 2.2
      vertex 0.9343145750507619 20.465685424949235 2.2
    endloop
  endfacet
  facet normal 0 0 1
    outer loop
      vertex 0 21.4 2.2
      vertex 0.9343145750507619 20.465685424949235 2.2
      vertex 1.193853254107928 20.639103626009028 2.2
    endloop
  endfacet
  facet normal 0 0 1
    outer loop
      vertex 0 21.4 2.2
      vertex 1.193853254107928 20.639103626009028 2.2
      vertex 1.5 20.7 2.2
    endloop
  endfacet
  facet normal 0 0 1
    outer loop
      vertex 0 21.4 2.2
      vertex 1.5 20.7 2.2
      vertex 1.806146745892072 20.639103626009028 2.2
    endloop
  endfacet
  facet normal 0 0 1
    outer loop
      vertex 2.2098018184108663 19.55 2.2
      vertex 3.3595405380860326 19.55 2.2
      vertex 2.2391036260090296 19.593853254107927 2.2
    endloop
  endfacet
  facet normal 0 0 1
    outer loop
      vertex 2.2391036260090296 19.593853254107927 2.2
      vertex 3.3595405380860326 19.55 2.2
      vertex 2.3 19.9 2.2
    endloop
  endfacet
  facet normal 0 0 1
    outer loop
      vertex 0 21.4 2.2
      vertex 1.806146745892072 20.639103626009028 2.2
      vertex 4.699999999999999 20.4 2.2
    endloop
  endfacet
  facet normal 0 0 1
    outer loop
      vertex 0 18.25 2.2
      vertex 7.999999999999999 12.4 2.2
      vertex 3.639339828220178 17.839339828220176 2.2
    endloop
  endfacet
  facet normal 0 0 1
    outer loop
      vertex 2.3 19.9 2.2
      vertex 3.639339828220178 19.96066017177982 2.2
      vertex 2.2391036260090296 20.20614674589207 2.2
    endloop
  endfacet
  facet normal 0 0 1
    outer loop
      vertex 2.3 19.9 2.2
      vertex 3.3595405380860326 19.55 2.2
      vertex 3.4009618943233413 19.65 2.2
    endloop
  endfacet
  facet normal 0 0 1
    outer loop
      vertex 2.3 19.9 2.2
      vertex 3.4009618943233413 19.65 2.2
      vertex 3.639339828220178 19.96066017177982 2.2
    endloop
  endfacet
  facet normal 0 0 1
    outer loop
      vertex 2.2391036260090296 20.20614674589207 2.2
      vertex 3.9499999999999993 20.199038105676657 2.2
      vertex 2.0656854249492382 20.465685424949235 2.2
    endloop
  endfacet
  facet normal 0 0 1
    outer loop
      vertex 1.806146745892072 20.639103626009028 2.2
      vertex 2.0656854249492382 20.465685424949235 2.2
      vertex 4.311771432346218 20.3488887394336 2.2
    endloop
  endfacet
  facet normal 0 0 1
    outer loop
      vertex 3.639339828220178 19.96066017177982 2.2
      vertex 3.9499999999999993 20.199038105676657 2.2
      vertex 2.2391036260090296 20.20614674589207 2.2
    endloop
  endfacet
  facet normal 0 0 1
    outer loop
      vertex 3.9499999999999993 20.199038105676657 2.2
      vertex 4.311771432346218 20.3488887394336 2.2
      vertex 2.0656854249492382 20.465685424949235 2.2
    endloop
  endfacet
  facet normal 0 0 1
    outer loop
      vertex 1.806146745892072 20.639103626009028 2.2
      vertex 4.311771432346218 20.3488887394336 2.2
      vertex 4.699999999999999 20.4 2.2
    endloop
  endfacet
  facet normal 0 0 1
    outer loop
      vertex 7.999999999999999 12.4 2.2
      vertex 4.311771432346218 17.451111260566396 2.2
      vertex 3.9499999999999993 17.60096189432334 2.2
    endloop
  endfacet
  facet normal 0 0 1
    outer loop
      vertex 7.999999999999999 12.4 2.2
      vertex 4.699999999999999 17.4 2.2
      vertex 4.311771432346218 17.451111260566396 2.2
    endloop
  endfacet
  facet normal 0 0 1
    outer loop
      vertex 7.999999999999999 12.4 2.2
      vertex 5.088228567653781 17.451111260566396 2.2
      vertex 4.699999999999999 17.4 2.2
    endloop
  endfacet
  facet normal 0 0 1
    outer loop
      vertex 7.999999999999999 12.4 2.2
      vertex 7.999999999999999 16.6 2.2
      vertex 5.088228567653781 17.451111260566396 2.2
    endloop
  endfacet
  facet normal 0 0 1
    outer loop
      vertex 7.299999999999999 11.7 2.2
      vertex 7.999999999999999 11.100000000000001 2.2
      vertex 13.399999999999999 11.100000000000001 2.2
    endloop
  endfacet
  facet normal 0 0 1
    outer loop
      vertex 13.399999999999999 11.100000000000001 2.2
      vertex 7.999999999999999 12.4 2.2
      vertex 7.299999999999999 11.7 2.2
    endloop
  endfacet
  facet normal 0 0 1
    outer loop
      vertex 5.449999999999999 17.60096189432334 2.2
      vertex 5.088228567653781 17.451111260566396 2.2
      vertex 7.999999999999999 16.6 2.2
    endloop
  endfacet
  facet normal 0 0 1
    outer loop
      vertex 5.76066017177982 17.839339828220176 2.2
      vertex 7.1468198206379885 18.25 2.2
      vertex 5.999038105676657 18.15 2.2
    endloop
  endfacet
  facet normal 0 0 1
    outer loop
      vertex 5.999038105676657 18.15 2.2
      vertex 7.1468198206379885 18.25 2.2
      vertex 6.040459461913967 18.25 2.2
    endloop
  endfacet
  facet normal 0 0 1
    outer loop
      vertex 5.449999999999999 17.60096189432334 2.2
      vertex 7.999999999999999 16.6 2.2
      vertex 9.95 17.60096189432334 2.2
    endloop
  endfacet
  facet normal 0 0 1
    outer loop
      vertex 5.76066017177982 17.839339828220176 2.2
      vertex 5.449999999999999 17.60096189432334 2.2
      vertex 9.639339828220178 17.839339828220176 2.2
    endloop
  endfacet
  facet normal 0 0 1
    outer loop
      vertex 5.76066017177982 17.839339828220176 2.2
      vertex 9.639339828220178 17.839339828220176 2.2
      vertex 7.1468198206379885 18.25 2.2
    endloop
  endfacet
  facet normal 0 0 1
    outer loop
      vertex 5.999038105676657 19.65 2.2
      vertex 8.253180179362012 19.55 2.2
      vertex 5.76066017177982 19.96066017177982 2.2
    endloop
  endfacet
  facet normal 0 0 1
    outer loop
      vertex 5.999038105676657 19.65 2.2
      vertex 6.040459461913966 19.55 2.2
      vertex 8.253180179362012 19.55 2.2
    endloop
  endfacet
  facet normal 0 0 1
    outer loop
      vertex 9.639339828220178 19.96066017177982 2.2
      vertex 5.76066017177982 19.96066017177982 2.2
      vertex 8.253180179362012 19.55 2.2
    endloop
  endfacet
  facet normal 0 0 1
    outer loop
      vertex 5.088228567653781 20.3488887394336 2.2
      vertex 5.449999999999999 20.199038105676657 2.2
      vertex 10.311771432346218 20.3488887394336 2.2
    endloop
  endfacet
  facet normal 0 0 1
    outer loop
      vertex 5.449999999999999 20.199038105676657 2.2
      vertex 5.76066017177982 19.96066017177982 2.2
      vertex 9.95 20.199038105676657 2.2
    endloop
  endfacet
  facet normal 0 0 1
    outer loop
      vertex 5.449999999999999 17.60096189432334 2.2
      vertex 9.95 17.60096189432334 2.2
      vertex 9.639339828220178 17.839339828220176 2.2
    endloop
  endfacet
  facet normal 0 0 1
    outer loop
      vertex 9.400961894323341 18.15 2.2
      vertex 9.359540538086032 18.25 2.2
      vertex 7.1468198206379885 18.25 2.2
    endloop
  endfacet
  facet normal 0 0 1
    outer loop
      vertex 9.400961894323341 18.15 2.2
      vertex 7.1468198206379885 18.25 2.2
      vertex 9.639339828220178 17.839339828220176 2.2
    endloop
  endfacet
  facet normal 0 0 1
    outer loop
      vertex 7.999999999999999 16.6 2.2
      vertex 10.311771432346218 17.451111260566396 2.2
      vertex 9.95 17.60096189432334 2.2
    endloop
  endfacet
  facet normal 0 0 1
    outer loop
      vertex 7.999999999999999 16.6 2.2
      vertex 10.7 17.4 2.2
      vertex 10.311771432346218 17.451111260566396 2.2
    endloop
  endfacet
  facet normal 0 0 1
    outer loop
      vertex 7.999999999999999 16.6 2.2
      vertex 11.08822856765378 17.451111260566396 2.2
      vertex 10.7 17.4 2.2
    endloop
  endfacet
  facet normal 0 0 1
    outer loop
      vertex 9.639339828220178 19.96066017177982 2.2
      vertex 9.95 20.199038105676657 2.2
      vertex 5.76066017177982 19.96066017177982 2.2
    endloop
  endfacet
  facet normal 0 0 1
    outer loop
      vertex 9.400961894323341 19.65 2.2
      vertex 8.253180179362012 19.55 2.2
      vertex 9.359540538086033 19.55 2.2
    endloop
  endfacet
  facet normal 0 0 1
    outer loop
      vertex 9.639339828220178 19.96066017177982 2.2
      vertex 8.253180179362012 19.55 2.2
      vertex 9.400961894323341 19.65 2.2
    endloop
  endfacet
  facet normal 0 0 1
    outer loop
      vertex 9.95 20.199038105676657 2.2
      vertex 10.311771432346218 20.3488887394336 2.2
      vertex 5.449999999999999 20.199038105676657 2.2
    endloop
  endfacet
  facet normal 0 0 1
    outer loop
      vertex 5.088228567653781 20.3488887394336 2.2
      vertex 10.311771432346218 20.3488887394336 2.2
      vertex 10.7 20.4 2.2
    endloop
  endfacet
  facet normal 0 0 1
    outer loop
      vertex 0 21.4 2.2
      vertex 4.699999999999999 20.4 2.2
      vertex 21.4 21.4 2.2
    endloop
  endfacet
  facet normal 0 0 1
    outer loop
      vertex 21.4 21.4 2.2
      vertex 4.699999999999999 20.4 2.2
      vertex 5.088228567653781 20.3488887394336 2.2
    endloop
  endfacet
  facet normal 0 0 -1
    outer loop
      vertex 11.51317279836453 2.68682720163547 0
      vertex 12.055584910871417 2.668508420739842 0
      vertex 11.140085947219852 2.4375385376120207 0
    endloop
  endfacet
  facet normal 0 0 -1
    outer loop
      vertex 11.140085947219852 2.4375385376120207 0
      vertex 12.055584910871417 2.668508420739842 0
      vertex 12.399999999999999 2.6 0
    endloop
  endfacet
  facet normal 0 0 -1
    outer loop
      vertex 11.51317279836453 2.68682720163547 0
      vertex 11.697447553387908 2.962613861917231 0
      vertex 11.763603896932105 2.863603896932107 0
    endloop
  endfacet
  facet normal 0 0 -1
    outer loop
      vertex 11.51317279836453 2.68682720163547 0
      vertex 11.763603896932105 2.863603896932107 0
      vertex 12.055584910871417 2.668508420739842 0
    endloop
  endfacet
  facet normal 0 0 -1
    outer loop
      vertex 11.697447553387908 4.037386138082769 0
      vertex 11.51317279836453 4.31317279836453 0
      vertex 11.763603896932105 4.136396103067893 0
    endloop
  endfacet
  facet normal 0 0 -1
    outer loop
      vertex 11.51317279836453 4.31317279836453 0
      vertex 12.055584910871417 4.331491579260158 0
      vertex 11.763603896932105 4.136396103067893 0
    endloop
  endfacet
  facet normal 0 0 -1
    outer loop
      vertex 2.3 1.5 0
      vertex 19.16089637399097 1.193853254107928 0
      vertex 19.33431457505076 0.9343145750507619 0
    endloop
  endfacet
  facet normal 0 0 -1
    outer loop
      vertex 2.3 1.5 0
      vertex 19.593853254107927 0.7608963739909705 0
      vertex 19.9 0.7 0
    endloop
  endfacet
  facet normal 0 0 -1
    outer loop
      vertex 2.3 1.5 0
      vertex 19.33431457505076 0.9343145750507619 0
      vertex 19.593853254107927 0.7608963739909705 0
    endloop
  endfacet
  facet normal 0 0 -1
    outer loop
      vertex 21.4 0 0
      vertex 2.3 1.5 0
      vertex 19.9 0.7 0
    endloop
  endfacet
  facet normal 0 0 -1
    outer loop
      vertex 2.3 1.5 0
      vertex 19.099999999999998 1.5 0
      vertex 19.16089637399097 1.193853254107928 0
    endloop
  endfacet
  facet normal 0 0 -1
    outer loop
      vertex 10.7 2.35 0
      vertex 11.140085947219852 2.4375385376120207 0
      vertex 19.099999999999998 1.5 0
    endloop
  endfacet
  facet normal 0 0 -1
    outer loop
      vertex 11.140085947219852 2.4375385376120207 0
      vertex 12.399999999999999 2.6 0
      vertex 19.099999999999998 1.5 0
    endloop
  endfacet
  facet normal 0 0 -1
    outer loop
      vertex 12.399999999999999 2.6 0
      vertex 12.74441508912858 2.668508420739842 0
      vertex 19.099999999999998 1.5 0
    endloop
  endfacet
  facet normal 0 0 -1
    outer loop
      vertex 12.74441508912858 2.668508420739842 0
      vertex 13.036396103067892 2.863603896932107 0
      vertex 19.099999999999998 1.5 0
    endloop
  endfacet
  facet normal 0 0 -1
    outer loop
      vertex 13.036396103067892 2.863603896932107 0
      vertex 13.231491579260156 3.1555849108714193 0
      vertex 19.099999999999998 1.5 0
    endloop
  endfacet
  facet normal 0 0 -1
    outer loop
      vertex 13.036396103067892 4.136396103067893 0
      vertex 15.855584910871418 6.468508420739842 0
      vertex 13.231491579260156 3.8444150891285807 0
    endloop
  endfacet
  facet normal 0 0 -1
    outer loop
      vertex 12.74441508912858 4.331491579260158 0
      vertex 15.563603896932106 6.663603896932107 0
      vertex 13.036396103067892 4.136396103067893 0
    endloop
  endfacet
  facet normal 0 0 -1
    outer loop
      vertex 13.299999999999999 3.5 0
      vertex 13.231491579260156 3.8444150891285807 0
      vertex 15.855584910871418 6.468508420739842 0
    endloop
  endfacet
  facet normal 0 0 -1
    outer loop
      vertex 13.231491579260156 3.1555849108714193 0
      vertex 13.299999999999999 3.5 0
      vertex 16.54441508912858 6.468508420739842 0
    endloop
  endfacet
  facet normal 0 -1 0
    outer loop
      vertex 0 0 0
      vertex 21.4 0 0
      vertex 21.4 0 2.2
    endloop
  endfacet
  facet normal 0 0 -1
    outer loop
      vertex 10.7 4.65 0
      vertex 10.7 7.85 0
      vertex 11.140085947219852 4.562461462387979 0
    endloop
  endfacet
  facet normal 0 0 -1
    outer loop
      vertex 11.51317279836453 4.31317279836453 0
      vertex 11.140085947219852 4.562461462387979 0
      vertex 11.140085947219852 7.937538537612021 0
    endloop
  endfacet
  facet normal 0 0 -1
    outer loop
      vertex 11.51317279836453 4.31317279836453 0
      vertex 11.140085947219852 7.937538537612021 0
      vertex 12.055584910871417 4.331491579260158 0
    endloop
  endfacet
  facet normal 0 0 -1
    outer loop
      vertex 12.055584910871417 4.331491579260158 0
      vertex 11.140085947219852 7.937538537612021 0
      vertex 12.399999999999999 4.4 0
    endloop
  endfacet
  facet normal 0 0 -1
    outer loop
      vertex 11.140085947219852 4.562461462387979 0
      vertex 10.7 7.85 0
      vertex 11.140085947219852 7.937538537612021 0
    endloop
  endfacet
  facet normal 0 0 -1
    outer loop
      vertex 12.399999999999999 4.4 0
      vertex 11.140085947219852 7.937538537612021 0
      vertex 11.51317279836453 8.18682720163547 0
    endloop
  endfacet
  facet normal 0 0 -1
    outer loop
      vertex 12.399999999999999 4.4 0
      vertex 11.51317279836453 8.18682720163547 0
      vertex 12.055584910871417 8.168508420739842 0
    endloop
  endfacet
  facet normal 0 0 -1
    outer loop
      vertex 12.399999999999999 4.4 0
      vertex 12.399999999999999 8.1 0
      vertex 12.74441508912858 4.331491579260158 0
    endloop
  endfacet
  facet normal 0 0 -1
    outer loop
      vertex 12.399999999999999 4.4 0
      vertex 12.055584910871417 8.168508420739842 0
      vertex 12.399999999999999 8.1 0
    endloop
  endfacet
  facet normal 0 0 -1
    outer loop
      vertex 12.74441508912858 4.331491579260158 0
      vertex 12.399999999999999 8.1 0
      vertex 12.74441508912858 8.168508420739842 0
    endloop
  endfacet
  facet normal 0 0 -1
    outer loop
      vertex 11.51317279836453 8.18682720163547 0
      vertex 11.697447553387908 8.46261386191723 0
      vertex 11.763603896932105 8.363603896932107 0
    endloop
  endfacet
  facet normal 0 0 -1
    outer loop
      vertex 11.51317279836453 8.18682720163547 0
      vertex 11.763603896932105 8.363603896932107 0
      vertex 12.055584910871417 8.168508420739842 0
    endloop
  endfacet
  facet normal 0 0 -1
    outer loop
      vertex 11.697447553387908 9.53738613808277 0
      vertex 11.51317279836453 9.81317279836453 0
      vertex 11.763603896932105 9.636396103067893 0
    endloop
  endfacet
  facet normal 0 0 -1
    outer loop
      vertex 11.51317279836453 9.81317279836453 0
      vertex 12.055584910871417 9.831491579260158 0
      vertex 11.763603896932105 9.636396103067893 0
    endloop
  endfacet
  facet normal 0 0 -1
    outer loop
      vertex 12.74441508912858 4.331491579260158 0
      vertex 12.74441508912858 8.168508420739842 0
      vertex 15.368508420739841 6.955584910871419 0
    endloop
  endfacet
  facet normal 0 0 -1
    outer loop
      vertex 12.74441508912858 4.331491579260158 0
      vertex 15.368508420739841 6.955584910871419 0
      vertex 15.563603896932106 6.663603896932107 0
    endloop
  endfacet
  facet normal 0 0 -1
    outer loop
      vertex 12.74441508912858 8.168508420739842 0
      vertex 13.036396103067892 8.363603896932107 0
      vertex 15.299999999999999 7.3 0
    endloop
  endfacet
  facet normal 0 0 -1
    outer loop
      vertex 12.74441508912858 8.168508420739842 0
      vertex 15.299999999999999 7.3 0
      vertex 15.368508420739841 6.955584910871419 0
    endloop
  endfacet
  facet normal 0 0 -1
    outer loop
      vertex 13.036396103067892 8.363603896932107 0
      vertex 15.368508420739841 7.6444150891285805 0
      vertex 15.299999999999999 7.3 0
    endloop
  endfacet
  facet normal 0 0 -1
    outer loop
      vertex 13.036396103067892 4.136396103067893 0
      vertex 15.563603896932106 6.663603896932107 0
      vertex 15.855584910871418 6.468508420739842 0
    endloop
  endfacet
  facet normal 0 0 -1
    outer loop
      vertex 13.299999999999999 3.5 0
      vertex 15.855584910871418 6.468508420739842 0
      vertex 16.2 6.3999999999999995 0
    endloop
  endfacet
  facet normal 0 0 -1
    outer loop
      vertex 13.299999999999999 3.5 0
      vertex 16.2 6.3999999999999995 0
      vertex 16.54441508912858 6.468508420739842 0
    endloop
  endfacet
  facet normal 0 0 -1
    outer loop
      vertex 15.368508420739841 7.6444150891285805 0
      vertex 15.38682720163547 8.18682720163547 0
      vertex 15.563603896932106 7.936396103067892 0
    endloop
  endfacet
  facet normal 0 0 -1
    outer loop
      vertex 13.036396103067892 8.363603896932107 0
      vertex 13.231491579260156 8.655584910871418 0
      vertex 15.13753853761202 8.559914052780147 0
    endloop
  endfacet
  facet normal 0 0 -1
    outer loop
      vertex 13.231491579260156 8.655584910871418 0
      vertex 13.299999999999999 9 0
      vertex 15.049999999999999 9 0
    endloop
  endfacet
  facet normal 0 0 -1
    outer loop
      vertex 13.299999999999999 9 0
      vertex 13.231491579260156 9.344415089128582 0
      vertex 15.049999999999999 9 0
    endloop
  endfacet
  facet normal 0 0 -1
    outer loop
      vertex 13.036396103067892 8.363603896932107 0
      vertex 15.38682720163547 8.18682720163547 0
      vertex 15.368508420739841 7.6444150891285805 0
    endloop
  endfacet
  facet normal 0 0 -1
    outer loop
      vertex 13.036396103067892 8.363603896932107 0
      vertex 15.13753853761202 8.559914052780147 0
      vertex 15.38682720163547 8.18682720163547 0
    endloop
  endfacet
  facet normal 0 0 -1
    outer loop
      vertex 13.231491579260156 8.655584910871418 0
      vertex 15.049999999999999 9 0
      vertex 15.13753853761202 8.559914052780147 0
    endloop
  endfacet
  facet normal 0 0 -1
    outer loop
      vertex 13.231491579260156 9.344415089128582 0
      vertex 15.13753853761202 9.440085947219853 0
      vertex 15.049999999999999 9 0
    endloop
  endfacet
  facet normal 0 0 -1
    outer loop
      vertex 13.231491579260156 9.344415089128582 0
      vertex 13.036396103067892 9.636396103067893 0
      vertex 15.13753853761202 9.440085947219853 0
    endloop
  endfacet
  facet normal 0 0 -1
    outer loop
      vertex 12.74441508912858 9.831491579260158 0
      vertex 15.299999999999999 10.7 0
      vertex 13.036396103067892 9.636396103067893 0
    endloop
  endfacet
  facet normal 0 0 -1
    outer loop
      vertex 13.036396103067892 9.636396103067893 0
      vertex 15.38682720163547 9.81317279836453 0
      vertex 15.13753853761202 9.440085947219853 0
    endloop
  endfacet
  facet normal 0 0 -1
    outer loop
      vertex 13.036396103067892 9.636396103067893 0
      vertex 15.368508420739841 10.355584910871418 0
      vertex 15.38682720163547 9.81317279836453 0
    endloop
  endfacet
  facet normal 0 0 -1
    outer loop
      vertex 13.036396103067892 9.636396103067893 0
      vertex 15.299999999999999 10.7 0
      vertex 15.368508420739841 10.355584910871418 0
    endloop
  endfacet
  facet normal 0 0 -1
    outer loop
      vertex 12.74441508912858 9.831491579260158 0
      vertex 15.368508420739841 11.04441508912858 0
      vertex 15.299999999999999 10.7 0
    endloop
  endfacet
  facet normal 0 0 -1
    outer loop
      vertex 15.563603896932106 7.936396103067892 0
      vertex 15.38682720163547 8.18682720163547 0
      vertex 15.662613861917231 8.002552446612091 0
    endloop
  endfacet
  facet normal 0 0 -1
    outer loop
      vertex 15.66261386191723 9.997447553387907 0
      vertex 15.38682720163547 9.81317279836453 0
      vertex 15.563603896932106 10.063603896932106 0
    endloop
  endfacet
  facet normal 0 0 -1
    outer loop
      vertex 15.38682720163547 9.81317279836453 0
      vertex 15.368508420739841 10.355584910871418 0
      vertex 15.563603896932106 10.063603896932106 0
    endloop
  endfacet
  facet normal 0 0 -1
    outer loop
      vertex 13.231491579260156 3.1555849108714193 0
      vertex 19.16089637399097 1.806146745892072 0
      vertex 19.099999999999998 1.5 0
    endloop
  endfacet
  facet normal 0 0 -1
    outer loop
      vertex 13.231491579260156 3.1555849108714193 0
      vertex 16.54441508912858 6.468508420739842 0
      vertex 19.16089637399097 1.806146745892072 0
    endloop
  endfacet
  facet normal 0 0 -1
    outer loop
      vertex 19.33431457505076 2.0656854249492382 0
      vertex 19.16089637399097 1.806146745892072 0
      vertex 16.54441508912858 6.468508420739842 0
    endloop
  endfacet
  facet normal 0 0 -1
    outer loop
      vertex 19.33431457505076 2.0656854249492382 0
      vertex 16.54441508912858 6.468508420739842 0
      vertex 19.593853254107927 2.2391036260090296 0
    endloop
  endfacet
  facet normal 0 0 -1
    outer loop
      vertex 16.54441508912858 6.468508420739842 0
      vertex 16.83639610306789 6.663603896932107 0
      vertex 19.593853254107927 2.2391036260090296 0
    endloop
  endfacet
  facet normal 0 0 -1
    outer loop
      vertex 16.83639610306789 6.663603896932107 0
      vertex 17.03149157926016 6.955584910871419 0
      vertex 19.9 2.3 0
    endloop
  endfacet
  facet normal 0 0 -1
    outer loop
      vertex 21.4 0 0
      vertex 19.9 0.7 0
      vertex 20.20614674589207 0.7608963739909705 0
    endloop
  endfacet
  facet normal 0 0 -1
    outer loop
      vertex 21.4 0 0
      vertex 20.20614674589207 0.7608963739909705 0
      vertex 20.465685424949235 0.9343145750507619 0
    endloop
  endfacet
  facet normal 0 0 -1
    outer loop
      vertex 21.4 0 0
      vertex 20.465685424949235 0.9343145750507619 0
      vertex 20.639103626009028 1.193853254107928 0
    endloop
  endfacet
  facet normal 0 0 -1
    outer loop
      vertex 21.4 0 0
      vertex 20.639103626009028 1.193853254107928 0
      vertex 20.7 1.5 0
    endloop
  endfacet
  facet normal 0 0 -1
    outer loop
      vertex 21.4 0 0
      vertex 20.7 1.5 0
      vertex 20.639103626009028 1.806146745892072 0
    endloop
  endfacet
  facet normal 0 0 -1
    outer loop
      vertex 16.83639610306789 6.663603896932107 0
      vertex 19.9 2.3 0
      vertex 19.593853254107927 2.2391036260090296 0
    endloop
  endfacet
  facet normal 0 0 -1
    outer loop
      vertex 17.03149157926016 6.955584910871419 0
      vertex 20.20614674589207 2.2391036260090296 0
      vertex 19.9 2.3 0
    endloop
  endfacet
  facet normal 0 0 -1
    outer loop
      vertex 17.349999999999998 9 0
      vertex 20.465685424949235 2.0656854249492382 0
      vertex 20.20614674589207 2.2391036260090296 0
    endloop
  endfacet
  facet normal 0 0 -1
    outer loop
      vertex 21.4 0 0
      vertex 20.639103626009028 1.806146745892072 0
      vertex 17.099999999999998 10.7 0
    endloop
  endfacet
  facet normal 0 0 -1
    outer loop
      vertex 20.639103626009028 1.806146745892072 0
      vertex 20.465685424949235 2.0656854249492382 0
      vertex 17.099999999999998 10.7 0
    endloop
  endfacet
  facet normal 0 0 -1
    outer loop
      vertex 17.03149157926016 7.6444150891285805 0
      vertex 16.83639610306789 7.936396103067892 0
      vertex 17.01317279836453 8.18682720163547 0
    endloop
  endfacet
  facet normal 0 0 -1
    outer loop
      vertex 17.099999999999998 7.3 0
      vertex 17.03149157926016 7.6444150891285805 0
      vertex 17.26246146238798 8.559914052780147 0
    endloop
  endfacet
  facet normal 0 0 -1
    outer loop
      vertex 17.03149157926016 6.955584910871419 0
      vertex 17.099999999999998 7.3 0
      vertex 20.20614674589207 2.2391036260090296 0
    endloop
  endfacet
  facet normal 0 0 -1
    outer loop
      vertex 17.099999999999998 7.3 0
      vertex 17.26246146238798 8.559914052780147 0
      vertex 20.20614674589207 2.2391036260090296 0
    endloop
  endfacet
  facet normal 0 0 -1
    outer loop
      vertex 17.26246146238798 8.559914052780147 0
      vertex 17.349999999999998 9 0
      vertex 20.20614674589207 2.2391036260090296 0
    endloop
  endfacet
  facet normal 0 0 -1
    outer loop
      vertex 17.349999999999998 9 0
      vertex 17.26246146238798 9.440085947219853 0
      vertex 20.465685424949235 2.0656854249492382 0
    endloop
  endfacet
  facet normal 0 0 -1
    outer loop
      vertex 17.26246146238798 9.440085947219853 0
      vertex 17.099999999999998 10.7 0
      vertex 20.465685424949235 2.0656854249492382 0
    endloop
  endfacet
  facet normal 0 0 -1
    outer loop
      vertex 16.737386138082766 8.002552446612091 0
      vertex 17.01317279836453 8.18682720163547 0
      vertex 16.83639610306789 7.936396103067892 0
    endloop
  endfacet
  facet normal 0 0 -1
    outer loop
      vertex 17.03149157926016 7.6444150891285805 0
      vertex 17.01317279836453 8.18682720163547 0
      vertex 17.26246146238798 8.559914052780147 0
    endloop
  endfacet
  facet normal 0 0 -1
    outer loop
      vertex 17.01317279836453 9.81317279836453 0
      vertex 16.73738613808277 9.997447553387909 0
      vertex 16.83639610306789 10.063603896932106 0
    endloop
  endfacet
  facet normal 0 0 -1
    outer loop
      vertex 17.01317279836453 9.81317279836453 0
      vertex 17.03149157926016 10.355584910871418 0
      vertex 17.26246146238798 9.440085947219853 0
    endloop
  endfacet
  facet normal 0 0 -1
    outer loop
      vertex 17.01317279836453 9.81317279836453 0
      vertex 16.83639610306789 10.063603896932106 0
      vertex 17.03149157926016 10.355584910871418 0
    endloop
  endfacet
  facet normal 0 0 -1
    outer loop
      vertex 17.26246146238798 9.440085947219853 0
      vertex 17.03149157926016 10.355584910871418 0
      vertex 17.099999999999998 10.7 0
    endloop
  endfacet
  facet normal 0 0 -1
    outer loop
      vertex 21.4 0 0
      vertex 17.099999999999998 10.7 0
      vertex 20.465685424949235 19.33431457505076 0
    endloop
  endfacet
  facet normal 1 0 0
    outer loop
      vertex 21.4 0 0
      vertex 21.4 21.4 0
      vertex 21.4 0 2.2
    endloop
  endfacet
  facet normal 0 0 1
    outer loop
      vertex 0 0 2.2
      vertex 19.593853254107927 0.7608963739909705 2.2
      vertex 13.399999999999999 1.4 2.2
    endloop
  endfacet
  facet normal 0 0 1
    outer loop
      vertex 0 0 2.2
      vertex 19.9 0.7 2.2
      vertex 19.593853254107927 0.7608963739909705 2.2
    endloop
  endfacet
  facet normal 0 0 1
    outer loop
      vertex 0 0 2.2
      vertex 21.4 0 2.2
      vertex 19.9 0.7 2.2
    endloop
  endfacet
  facet normal 0 0 1
    outer loop
      vertex 13.399999999999999 1.4 2.2
      vertex 19.16089637399097 1.806146745892072 2.2
      vertex 13.399999999999999 5.6 2.2
    endloop
  endfacet
  facet normal 0 0 1
    outer loop
      vertex 14.1 6.3 2.2
      vertex 13.399999999999999 5.6 2.2
      vertex 19.16089637399097 1.806146745892072 2.2
    endloop
  endfacet
  facet normal 0 0 1
    outer loop
      vertex 7.999999999999999 6.9 2.2
      vertex 13.399999999999999 5.6 2.2
      vertex 13.399999999999999 6.9 2.2
    endloop
  endfacet
  facet normal 0 0 1
    outer loop
      vertex 13.399999999999999 6.9 2.2
      vertex 13.399999999999999 5.6 2.2
      vertex 14.1 6.3 2.2
    endloop
  endfacet
  facet normal 0 0 1
    outer loop
      vertex 14.1 11.7 2.2
      vertex 13.399999999999999 6.9 2.2
      vertex 14.1 6.3 2.2
    endloop
  endfacet
  facet normal 0 0 1
    outer loop
      vertex 13.399999999999999 6.9 2.2
      vertex 14.1 11.7 2.2
      vertex 13.399999999999999 11.100000000000001 2.2
    endloop
  endfacet
  facet normal 0 0 1
    outer loop
      vertex 13.399999999999999 1.4 2.2
      vertex 19.33431457505076 0.9343145750507619 2.2
      vertex 19.16089637399097 1.193853254107928 2.2
    endloop
  endfacet
  facet normal 0 0 1
    outer loop
      vertex 13.399999999999999 1.4 2.2
      vertex 19.16089637399097 1.193853254107928 2.2
      vertex 19.099999999999998 1.5 2.2
    endloop
  endfacet
  facet normal 0 0 1
    outer loop
      vertex 13.399999999999999 1.4 2.2
      vertex 19.099999999999998 1.5 2.2
      vertex 19.16089637399097 1.806146745892072 2.2
    endloop
  endfacet
  facet normal 0 0 1
    outer loop
      vertex 13.399999999999999 1.4 2.2
      vertex 19.593853254107927 0.7608963739909705 2.2
      vertex 19.33431457505076 0.9343145750507619 2.2
    endloop
  endfacet
  facet normal 0 0 1
    outer loop
      vertex 19.33431457505076 2.0656854249492382 2.2
      vertex 18.3 6.3 2.2
      vertex 14.1 6.3 2.2
    endloop
  endfacet
  facet normal 0 0 1
    outer loop
      vertex 14.1 6.3 2.2
      vertex 19.16089637399097 1.806146745892072 2.2
      vertex 19.33431457505076 2.0656854249492382 2.2
    endloop
  endfacet
  facet normal 0 0 1
    outer loop
      vertex 21.4 0 2.2
      vertex 20.20614674589207 0.7608963739909705 2.2
      vertex 19.9 0.7 2.2
    endloop
  endfacet
  facet normal 0 0 1
    outer loop
      vertex 21.4 0 2.2
      vertex 20.465685424949235 0.9343145750507619 2.2
      vertex 20.20614674589207 0.7608963739909705 2.2
    endloop
  endfacet
  facet normal 0 0 1
    outer loop
      vertex 21.4 0 2.2
      vertex 20.639103626009028 1.193853254107928 2.2
      vertex 20.465685424949235 0.9343145750507619 2.2
    endloop
  endfacet
  facet normal 0 0 1
    outer loop
      vertex 21.4 0 2.2
      vertex 20.7 1.5 2.2
      vertex 20.639103626009028 1.193853254107928 2.2
    endloop
  endfacet
  facet normal 0 0 1
    outer loop
      vertex 19.33431457505076 2.0656854249492382 2.2
      vertex 19.593853254107927 2.2391036260090296 2.2
      vertex 18.3 6.3 2.2
    endloop
  endfacet
  facet normal 0 0 1
    outer loop
      vertex 19.593853254107927 2.2391036260090296 2.2
      vertex 19.9 2.3 2.2
      vertex 18.3 6.3 2.2
    endloop
  endfacet
  facet normal 0 0 1
    outer loop
      vertex 19.9 2.3 2.2
      vertex 20.20614674589207 2.2391036260090296 2.2
      vertex 18.3 6.3 2.2
    endloop
  endfacet
  facet normal 0 0 1
    outer loop
      vertex 20.20614674589207 2.2391036260090296 2.2
      vertex 20.465685424949235 2.0656854249492382 2.2
      vertex 18.3 6.3 2.2
    endloop
  endfacet
  facet normal 0 0 1
    outer loop
      vertex 21.4 0 2.2
      vertex 21.4 18.25 2.2
      vertex 20.7 1.5 2.2
    endloop
  endfacet
  facet normal 0 0 1
    outer loop
      vertex 21.4 18.25 2.2
      vertex 20.639103626009028 1.806146745892072 2.2
      vertex 20.7 1.5 2.2
    endloop
  endfacet
  facet normal 0 0 1
    outer loop
      vertex 21.4 18.25 2.2
      vertex 20.465685424949235 2.0656854249492382 2.2
      vertex 20.639103626009028 1.806146745892072 2.2
    endloop
  endfacet
  facet normal 0 0 1
    outer loop
      vertex 21.4 18.25 2.2
      vertex 18.3 6.3 2.2
      vertex 20.465685424949235 2.0656854249492382 2.2
    endloop
  endfacet
  facet normal 0 0 -1
    outer loop
      vertex 9.636396103067893 9.636396103067893 0
      vertex 11.140085947219852 13.43753853761202 0
      vertex 12.399999999999999 13.6 0
    endloop
  endfacet
  facet normal 0 0 -1
    outer loop
      vertex 9.636396103067893 9.636396103067893 0
      vertex 12.399999999999999 13.6 0
      vertex 12.74441508912858 13.668508420739842 0
    endloop
  endfacet
  facet normal 0 0 -1
    outer loop
      vertex 9.636396103067893 9.636396103067893 0
      vertex 12.74441508912858 13.668508420739842 0
      vertex 13.036396103067892 13.863603896932107 0
    endloop
  endfacet
  facet normal 0 0 -1
    outer loop
      vertex 9.636396103067893 9.636396103067893 0
      vertex 19.33431457505076 19.33431457505076 0
      vertex 9.88682720163547 9.81317279836453 0
    endloop
  endfacet
  facet normal 0 0 -1
    outer loop
      vertex 9.88682720163547 9.81317279836453 0
      vertex 19.33431457505076 19.33431457505076 0
      vertex 10.259914052780147 10.06246146238798 0
    endloop
  endfacet
  facet normal 0 0 -1
    outer loop
      vertex 11.51317279836453 13.68682720163547 0
      vertex 12.055584910871417 13.668508420739842 0
      vertex 11.140085947219852 13.43753853761202 0
    endloop
  endfacet
  facet normal 0 0 -1
    outer loop
      vertex 11.51317279836453 13.68682720163547 0
      vertex 11.697447553387908 13.96261386191723 0
      vertex 11.763603896932105 13.863603896932107 0
    endloop
  endfacet
  facet normal 0 0 -1
    outer loop
      vertex 11.140085947219852 13.43753853761202 0
      vertex 12.055584910871417 13.668508420739842 0
      vertex 12.399999999999999 13.6 0
    endloop
  endfacet
  facet normal 0 0 -1
    outer loop
      vertex 11.51317279836453 13.68682720163547 0
      vertex 11.763603896932105 13.863603896932107 0
      vertex 12.055584910871417 13.668508420739842 0
    endloop
  endfacet
  facet normal 0 0 -1
    outer loop
      vertex 11.697447553387908 15.03738613808277 0
      vertex 11.51317279836453 15.31317279836453 0
      vertex 11.763603896932105 15.136396103067893 0
    endloop
  endfacet
  facet normal 0 0 -1
    outer loop
      vertex 11.51317279836453 15.31317279836453 0
      vertex 12.055584910871417 15.331491579260158 0
      vertex 11.763603896932105 15.136396103067893 0
    endloop
  endfacet
  facet normal 0 0 -1
    outer loop
      vertex 11.140085947219852 15.56246146238798 0
      vertex 12.055584910871417 15.331491579260158 0
      vertex 11.51317279836453 15.31317279836453 0
    endloop
  endfacet
  facet normal 0 0 -1
    outer loop
      vertex 11.140085947219852 15.56246146238798 0
      vertex 12.399999999999999 15.4 0
      vertex 12.055584910871417 15.331491579260158 0
    endloop
  endfacet
  facet normal 0 0 -1
    outer loop
      vertex 9.636396103067893 9.636396103067893 0
      vertex 13.036396103067892 13.863603896932107 0
      vertex 17.45 17.60096189432334 0
    endloop
  endfacet
  facet normal 0 0 -1
    outer loop
      vertex 10.7 10.15 0
      vertex 10.259914052780147 10.06246146238798 0
      vertex 19.33431457505076 19.33431457505076 0
    endloop
  endfacet
  facet normal 0 0 -1
    outer loop
      vertex 10.7 10.15 0
      vertex 19.33431457505076 19.33431457505076 0
      vertex 11.140085947219852 10.06246146238798 0
    endloop
  endfacet
  facet normal 0 0 -1
    outer loop
      vertex 11.140085947219852 10.06246146238798 0
      vertex 19.9 19.099999999999998 0
      vertex 11.51317279836453 9.81317279836453 0
    endloop
  endfacet
  facet normal 0 0 -1
    outer loop
      vertex 11.51317279836453 9.81317279836453 0
      vertex 19.9 19.099999999999998 0
      vertex 12.055584910871417 9.831491579260158 0
    endloop
  endfacet
  facet normal 0 0 -1
    outer loop
      vertex 12.055584910871417 9.831491579260158 0
      vertex 19.9 19.099999999999998 0
      vertex 12.399999999999999 9.9 0
    endloop
  endfacet
  facet normal 0 0 -1
    outer loop
      vertex 12.399999999999999 9.9 0
      vertex 19.9 19.099999999999998 0
      vertex 12.74441508912858 9.831491579260158 0
    endloop
  endfacet
  facet normal 0 0 -1
    outer loop
      vertex 12.74441508912858 9.831491579260158 0
      vertex 19.9 19.099999999999998 0
      vertex 15.368508420739841 11.04441508912858 0
    endloop
  endfacet
  facet normal 0 0 -1
    outer loop
      vertex 12.74441508912858 15.331491579260158 0
      vertex 16.31177143234622 17.451111260566396 0
      vertex 13.036396103067892 15.136396103067893 0
    endloop
  endfacet
  facet normal 0 0 -1
    outer loop
      vertex 13.231491579260156 14.155584910871418 0
      vertex 13.299999999999999 14.5 0
      vertex 16.7 17.4 0
    endloop
  endfacet
  facet normal 0 0 -1
    outer loop
      vertex 13.036396103067892 13.863603896932107 0
      vertex 13.231491579260156 14.155584910871418 0
      vertex 17.45 17.60096189432334 0
    endloop
  endfacet
  facet normal 0 0 -1
    outer loop
      vertex 13.299999999999999 14.5 0
      vertex 13.231491579260156 14.844415089128582 0
      vertex 16.31177143234622 17.451111260566396 0
    endloop
  endfacet
  facet normal 0 0 -1
    outer loop
      vertex 13.231491579260156 14.844415089128582 0
      vertex 13.036396103067892 15.136396103067893 0
      vertex 16.31177143234622 17.451111260566396 0
    endloop
  endfacet
  facet normal 0 0 -1
    outer loop
      vertex 9.636396103067893 9.636396103067893 0
      vertex 17.45 17.60096189432334 0
      vertex 17.760660171779822 17.839339828220176 0
    endloop
  endfacet
  facet normal 0 0 -1
    outer loop
      vertex 19.33431457505076 19.33431457505076 0
      vertex 9.636396103067893 9.636396103067893 0
      vertex 17.760660171779822 17.839339828220176 0
    endloop
  endfacet
  facet normal 0 0 -1
    outer loop
      vertex 10.7 15.65 0
      vertex 11.08822856765378 17.451111260566396 0
      vertex 11.140085947219852 15.56246146238798 0
    endloop
  endfacet
  facet normal 0 0 -1
    outer loop
      vertex 10.7 15.65 0
      vertex 10.7 17.4 0
      vertex 11.08822856765378 17.451111260566396 0
    endloop
  endfacet
  facet normal 0 0 -1
    outer loop
      vertex 11.140085947219852 15.56246146238798 0
      vertex 11.08822856765378 17.451111260566396 0
      vertex 12.399999999999999 15.4 0
    endloop
  endfacet
  facet normal 0 0 -1
    outer loop
      vertex 12.399999999999999 15.4 0
      vertex 11.08822856765378 17.451111260566396 0
      vertex 16.31177143234622 17.451111260566396 0
    endloop
  endfacet
  facet normal 0 0 -1
    outer loop
      vertex 11.08822856765378 17.451111260566396 0
      vertex 11.45 17.60096189432334 0
      vertex 15.95 17.60096189432334 0
    endloop
  endfacet
  facet normal 0 0 -1
    outer loop
      vertex 11.76066017177982 17.839339828220176 0
      vertex 15.639339828220178 17.839339828220176 0
      vertex 11.45 17.60096189432334 0
    endloop
  endfacet
  facet normal 0 0 -1
    outer loop
      vertex 11.76066017177982 17.839339828220176 0
      vertex 11.999038105676657 18.15 0
      vertex 15.400961894323341 18.15 0
    endloop
  endfacet
  facet normal 0 0 -1
    outer loop
      vertex 11.999038105676657 18.15 0
      vertex 12.148888739433602 18.51177143234622 0
      vertex 15.251111260566397 18.51177143234622 0
    endloop
  endfacet
  facet normal 0 0 -1
    outer loop
      vertex 10.7 20.4 0
      vertex 5.088228567653781 20.3488887394336 0
      vertex 19.593853254107927 20.639103626009028 0
    endloop
  endfacet
  facet normal 0 0 -1
    outer loop
      vertex 12.148888739433602 18.51177143234622 0
      vertex 12.2 18.9 0
      vertex 15.2 18.9 0
    endloop
  endfacet
  facet normal 0 0 -1
    outer loop
      vertex 12.2 18.9 0
      vertex 12.148888739433602 19.28822856765378 0
      vertex 15.251111260566397 19.28822856765378 0
    endloop
  endfacet
  facet normal 0 0 -1
    outer loop
      vertex 12.148888739433602 19.28822856765378 0
      vertex 11.999038105676657 19.65 0
      vertex 15.400961894323341 19.65 0
    endloop
  endfacet
  facet normal 0 0 -1
    outer loop
      vertex 11.999038105676657 19.65 0
      vertex 11.76066017177982 19.96066017177982 0
      vertex 15.639339828220178 19.96066017177982 0
    endloop
  endfacet
  facet normal 0 0 -1
    outer loop
      vertex 11.08822856765378 20.3488887394336 0
      vertex 15.95 20.199038105676657 0
      vertex 11.45 20.199038105676657 0
    endloop
  endfacet
  facet normal 0 0 -1
    outer loop
      vertex 10.7 20.4 0
      vertex 16.7 20.4 0
      vertex 11.08822856765378 20.3488887394336 0
    endloop
  endfacet
  facet normal 0 0 -1
    outer loop
      vertex 11.45 20.199038105676657 0
      vertex 15.95 20.199038105676657 0
      vertex 11.76066017177982 19.96066017177982 0
    endloop
  endfacet
  facet normal 0 0 -1
    outer loop
      vertex 12.399999999999999 15.4 0
      vertex 16.31177143234622 17.451111260566396 0
      vertex 12.74441508912858 15.331491579260158 0
    endloop
  endfacet
  facet normal 0 0 -1
    outer loop
      vertex 11.45 17.60096189432334 0
      vertex 15.639339828220178 17.839339828220176 0
      vertex 15.95 17.60096189432334 0
    endloop
  endfacet
  facet normal 0 0 -1
    outer loop
      vertex 11.76066017177982 17.839339828220176 0
      vertex 15.400961894323341 18.15 0
      vertex 15.639339828220178 17.839339828220176 0
    endloop
  endfacet
  facet normal 0 0 -1
    outer loop
      vertex 11.08822856765378 17.451111260566396 0
      vertex 15.95 17.60096189432334 0
      vertex 16.31177143234622 17.451111260566396 0
    endloop
  endfacet
  facet normal 0 0 -1
    outer loop
      vertex 11.999038105676657 18.15 0
      vertex 15.251111260566397 18.51177143234622 0
      vertex 15.400961894323341 18.15 0
    endloop
  endfacet
  facet normal 0 0 -1
    outer loop
      vertex 12.148888739433602 18.51177143234622 0
      vertex 15.2 18.9 0
      vertex 15.251111260566397 18.51177143234622 0
    endloop
  endfacet
  facet normal 0 0 -1
    outer loop
      vertex 13.231491579260156 14.155584910871418 0
      vertex 16.7 17.4 0
      vertex 17.08822856765378 17.451111260566396 0
    endloop
  endfacet
  facet normal 0 0 -1
    outer loop
      vertex 13.299999999999999 14.5 0
      vertex 16.31177143234622 17.451111260566396 0
      vertex 16.7 17.4 0
    endloop
  endfacet
  facet normal 0 0 -1
    outer loop
      vertex 13.231491579260156 14.155584910871418 0
      vertex 17.08822856765378 17.451111260566396 0
      vertex 17.45 17.60096189432334 0
    endloop
  endfacet
  facet normal 0 0 -1
    outer loop
      vertex 12.2 18.9 0
      vertex 15.251111260566397 19.28822856765378 0
      vertex 15.2 18.9 0
    endloop
  endfacet
  facet normal 0 0 -1
    outer loop
      vertex 12.148888739433602 19.28822856765378 0
      vertex 15.400961894323341 19.65 0
      vertex 15.251111260566397 19.28822856765378 0
    endloop
  endfacet
  facet normal 0 0 -1
    outer loop
      vertex 11.999038105676657 19.65 0
      vertex 15.639339828220178 19.96066017177982 0
      vertex 15.400961894323341 19.65 0
    endloop
  endfacet
  facet normal 0 0 -1
    outer loop
      vertex 15.639339828220178 19.96066017177982 0
      vertex 11.76066017177982 19.96066017177982 0
      vertex 15.95 20.199038105676657 0
    endloop
  endfacet
  facet normal 0 0 -1
    outer loop
      vertex 11.08822856765378 20.3488887394336 0
      vertex 16.31177143234622 20.3488887394336 0
      vertex 15.95 20.199038105676657 0
    endloop
  endfacet
  facet normal 0 0 -1
    outer loop
      vertex 11.08822856765378 20.3488887394336 0
      vertex 16.7 20.4 0
      vertex 16.31177143234622 20.3488887394336 0
    endloop
  endfacet
  facet normal 0 0 -1
    outer loop
      vertex 5.088228567653781 20.3488887394336 0
      vertex 19.9 20.7 0
      vertex 19.593853254107927 20.639103626009028 0
    endloop
  endfacet
  facet normal 0 0 -1
    outer loop
      vertex 10.7 20.4 0
      vertex 19.593853254107927 20.639103626009028 0
      vertex 16.7 20.4 0
    endloop
  endfacet
  facet normal 0 0 -1
    outer loop
      vertex 21.4 21.4 0
      vertex 19.9 20.7 0
      vertex 5.088228567653781 20.3488887394336 0
    endloop
  endfacet
  facet normal 0 0 -1
    outer loop
      vertex 15.368508420739841 11.04441508912858 0
      vertex 19.9 19.099999999999998 0
      vertex 15.563603896932106 11.336396103067893 0
    endloop
  endfacet
  facet normal 0 0 -1
    outer loop
      vertex 15.563603896932106 11.336396103067893 0
      vertex 19.9 19.099999999999998 0
      vertex 15.855584910871418 11.531491579260157 0
    endloop
  endfacet
  facet normal 0 0 -1
    outer loop
      vertex 16.2 11.6 0
      vertex 15.855584910871418 11.531491579260157 0
      vertex 19.9 19.099999999999998 0
    endloop
  endfacet
  facet normal 0 0 -1
    outer loop
      vertex 16.54441508912858 11.531491579260157 0
      vertex 19.9 19.099999999999998 0
      vertex 16.83639610306789 11.336396103067893 0
    endloop
  endfacet
  facet normal 0 0 -1
    outer loop
      vertex 17.03149157926016 11.04441508912858 0
      vertex 16.83639610306789 11.336396103067893 0
      vertex 20.20614674589207 19.16089637399097 0
    endloop
  endfacet
  facet normal 0 0 -1
    outer loop
      vertex 16.2 11.6 0
      vertex 19.9 19.099999999999998 0
      vertex 16.54441508912858 11.531491579260157 0
    endloop
  endfacet
  facet normal 0 0 -1
    outer loop
      vertex 17.03149157926016 11.04441508912858 0
      vertex 20.465685424949235 19.33431457505076 0
      vertex 17.099999999999998 10.7 0
    endloop
  endfacet
  facet normal 0 0 -1
    outer loop
      vertex 21.4 0 0
      vertex 20.465685424949235 19.33431457505076 0
      vertex 20.639103626009028 19.593853254107927 0
    endloop
  endfacet
  facet normal 0 0 -1
    outer loop
      vertex 21.4 0 0
      vertex 20.639103626009028 19.593853254107927 0
      vertex 20.7 19.9 0
    endloop
  endfacet
  facet normal 0 0 -1
    outer loop
      vertex 21.4 0 0
      vertex 20.7 19.9 0
      vertex 21.4 21.4 0
    endloop
  endfacet
  facet normal 0 0 -1
    outer loop
      vertex 11.140085947219852 10.06246146238798 0
      vertex 19.33431457505076 19.33431457505076 0
      vertex 19.593853254107927 19.16089637399097 0
    endloop
  endfacet
  facet normal 0 0 -1
    outer loop
      vertex 11.140085947219852 10.06246146238798 0
      vertex 19.593853254107927 19.16089637399097 0
      vertex 19.9 19.099999999999998 0
    endloop
  endfacet
  facet normal 0 0 -1
    outer loop
      vertex 19.33431457505076 19.33431457505076 0
      vertex 17.760660171779822 17.839339828220176 0
      vertex 17.999038105676657 18.15 0
    endloop
  endfacet
  facet normal 0 0 -1
    outer loop
      vertex 19.33431457505076 19.33431457505076 0
      vertex 17.999038105676657 18.15 0
      vertex 18.148888739433602 18.51177143234622 0
    endloop
  endfacet
  facet normal 0 0 -1
    outer loop
      vertex 19.33431457505076 19.33431457505076 0
      vertex 18.148888739433602 18.51177143234622 0
      vertex 18.2 18.9 0
    endloop
  endfacet
  facet normal 0 0 -1
    outer loop
      vertex 18.2 18.9 0
      vertex 18.148888739433602 19.28822856765378 0
      vertex 19.16089637399097 19.593853254107927 0
    endloop
  endfacet
  facet normal 0 0 -1
    outer loop
      vertex 17.999038105676657 19.65 0
      vertex 17.760660171779822 19.96066017177982 0
      vertex 19.16089637399097 20.20614674589207 0
    endloop
  endfacet
  facet normal 0 0 -1
    outer loop
      vertex 18.148888739433602 19.28822856765378 0
      vertex 17.999038105676657 19.65 0
      vertex 19.099999999999998 19.9 0
    endloop
  endfacet
  facet normal 0 0 -1
    outer loop
      vertex 19.33431457505076 20.465685424949235 0
      vertex 17.45 20.199038105676657 0
      vertex 17.08822856765378 20.3488887394336 0
    endloop
  endfacet
  facet normal 0 0 -1
    outer loop
      vertex 16.7 20.4 0
      vertex 19.593853254107927 20.639103626009028 0
      vertex 17.08822856765378 20.3488887394336 0
    endloop
  endfacet
  facet normal 0 0 -1
    outer loop
      vertex 17.45 20.199038105676657 0
      vertex 19.16089637399097 20.20614674589207 0
      vertex 17.760660171779822 19.96066017177982 0
    endloop
  endfacet
  facet normal 0 0 -1
    outer loop
      vertex 19.33431457505076 20.465685424949235 0
      vertex 19.16089637399097 20.20614674589207 0
      vertex 17.45 20.199038105676657 0
    endloop
  endfacet
  facet normal 0 0 -1
    outer loop
      vertex 19.33431457505076 20.465685424949235 0
      vertex 17.08822856765378 20.3488887394336 0
      vertex 19.593853254107927 20.639103626009028 0
    endloop
  endfacet
  facet normal 0 0 -1
    outer loop
      vertex 16.83639610306789 11.336396103067893 0
      vertex 19.9 19.099999999999998 0
      vertex 20.20614674589207 19.16089637399097 0
    endloop
  endfacet
  facet normal 0 0 -1
    outer loop
      vertex 17.03149157926016 11.04441508912858 0
      vertex 20.20614674589207 19.16089637399097 0
      vertex 20.465685424949235 19.33431457505076 0
    endloop
  endfacet
  facet normal 0 0 -1
    outer loop
      vertex 19.33431457505076 19.33431457505076 0
      vertex 18.2 18.9 0
      vertex 19.16089637399097 19.593853254107927 0
    endloop
  endfacet
  facet normal 0 0 -1
    outer loop
      vertex 18.148888739433602 19.28822856765378 0
      vertex 19.099999999999998 19.9 0
      vertex 19.16089637399097 19.593853254107927 0
    endloop
  endfacet
  facet normal 0 0 -1
    outer loop
      vertex 17.999038105676657 19.65 0
      vertex 19.16089637399097 20.20614674589207 0
      vertex 19.099999999999998 19.9 0
    endloop
  endfacet
  facet normal 0 0 -1
    outer loop
      vertex 21.4 21.4 0
      vertex 20.20614674589207 20.639103626009028 0
      vertex 19.9 20.7 0
    endloop
  endfacet
  facet normal 0 0 -1
    outer loop
      vertex 21.4 21.4 0
      vertex 20.465685424949235 20.465685424949235 0
      vertex 20.20614674589207 20.639103626009028 0
    endloop
  endfacet
  facet normal 0 0 -1
    outer loop
      vertex 21.4 21.4 0
      vertex 20.639103626009028 20.20614674589207 0
      vertex 20.465685424949235 20.465685424949235 0
    endloop
  endfacet
  facet normal 0 0 -1
    outer loop
      vertex 21.4 21.4 0
      vertex 20.7 19.9 0
      vertex 20.639103626009028 20.20614674589207 0
    endloop
  endfacet
  facet normal 1 0 0
    outer loop
      vertex 21.4 21.4 0
      vertex 21.4 19.55 1.2000000000000002
      vertex 21.4 18.25 1.2000000000000002
    endloop
  endfacet
  facet normal 0 0 1
    outer loop
      vertex 7.999999999999999 12.4 2.2
      vertex 13.399999999999999 11.100000000000001 2.2
      vertex 13.399999999999999 12.4 2.2
    endloop
  endfacet
  facet normal 0 0 1
    outer loop
      vertex 13.399999999999999 11.100000000000001 2.2
      vertex 14.1 11.7 2.2
      vertex 13.399999999999999 12.4 2.2
    endloop
  endfacet
  facet normal 0 0 1
    outer loop
      vertex 14.1 11.7 2.2
      vertex 18.3 11.7 2.2
      vertex 13.399999999999999 12.4 2.2
    endloop
  endfacet
  facet normal 0 0 1
    outer loop
      vertex 13.399999999999999 12.4 2.2
      vertex 18.3 11.7 2.2
      vertex 13.399999999999999 16.6 2.2
    endloop
  endfacet
  facet normal 0 0 1
    outer loop
      vertex 18.3 11.7 2.2
      vertex 16.31177143234622 17.451111260566396 2.2
      vertex 13.399999999999999 16.6 2.2
    endloop
  endfacet
  facet normal 0 1 0
    outer loop
      vertex 0 21.4 2.2
      vertex 21.4 21.4 2.2
      vertex 21.4 21.4 0
    endloop
  endfacet
  facet normal 0 0 1
    outer loop
      vertex 7.999999999999999 16.6 2.2
      vertex 13.399999999999999 16.6 2.2
      vertex 11.08822856765378 17.451111260566396 2.2
    endloop
  endfacet
  facet normal 0 0 1
    outer loop
      vertex 11.45 17.60096189432334 2.2
      vertex 11.08822856765378 17.451111260566396 2.2
      vertex 13.399999999999999 16.6 2.2
    endloop
  endfacet
  facet normal 0 0 1
    outer loop
      vertex 11.76066017177982 17.839339828220176 2.2
      vertex 13.146819820637988 18.25 2.2
      vertex 11.999038105676657 18.15 2.2
    endloop
  endfacet
  facet normal 0 0 1
    outer loop
      vertex 11.999038105676657 18.15 2.2
      vertex 13.146819820637988 18.25 2.2
      vertex 12.040459461913967 18.25 2.2
    endloop
  endfacet
  facet normal 0 0 1
    outer loop
      vertex 11.76066017177982 17.839339828220176 2.2
      vertex 11.45 17.60096189432334 2.2
      vertex 15.639339828220178 17.839339828220176 2.2
    endloop
  endfacet
  facet normal 0 0 1
    outer loop
      vertex 5.088228567653781 20.3488887394336 2.2
      vertex 10.7 20.4 2.2
      vertex 19.593853254107927 20.639103626009028 2.2
    endloop
  endfacet
  facet normal 0 0 1
    outer loop
      vertex 11.999038105676657 19.65 2.2
      vertex 14.25318017936201 19.55 2.2
      vertex 11.76066017177982 19.96066017177982 2.2
    endloop
  endfacet
  facet normal 0 0 1
    outer loop
      vertex 11.999038105676657 19.65 2.2
      vertex 12.040459461913965 19.55 2.2
      vertex 14.25318017936201 19.55 2.2
    endloop
  endfacet
  facet normal 0 0 1
    outer loop
      vertex 10.7 20.4 2.2
      vertex 11.08822856765378 20.3488887394336 2.2
      vertex 16.7 20.4 2.2
    endloop
  endfacet
  facet normal 0 0 1
    outer loop
      vertex 11.08822856765378 20.3488887394336 2.2
      vertex 11.45 20.199038105676657 2.2
      vertex 16.31177143234622 20.3488887394336 2.2
    endloop
  endfacet
  facet normal 0 0 1
    outer loop
      vertex 11.45 20.199038105676657 2.2
      vertex 11.76066017177982 19.96066017177982 2.2
      vertex 15.95 20.199038105676657 2.2
    endloop
  endfacet
  facet normal 0 0 1
    outer loop
      vertex 11.45 17.60096189432334 2.2
      vertex 13.399999999999999 16.6 2.2
      vertex 15.95 17.60096189432334 2.2
    endloop
  endfacet
  facet normal 0 0 1
    outer loop
      vertex 11.76066017177982 17.839339828220176 2.2
      vertex 15.639339828220178 17.839339828220176 2.2
      vertex 13.146819820637988 18.25 2.2
    endloop
  endfacet
  facet normal 0 0 1
    outer loop
      vertex 11.45 17.60096189432334 2.2
      vertex 15.95 17.60096189432334 2.2
      vertex 15.639339828220178 17.839339828220176 2.2
    endloop
  endfacet
  facet normal 0 0 1
    outer loop
      vertex 15.400961894323341 18.15 2.2
      vertex 15.359540538086032 18.25 2.2
      vertex 13.146819820637988 18.25 2.2
    endloop
  endfacet
  facet normal 0 0 1
    outer loop
      vertex 16.31177143234622 17.451111260566396 2.2
      vertex 15.95 17.60096189432334 2.2
      vertex 13.399999999999999 16.6 2.2
    endloop
  endfacet
  facet normal 0 0 1
    outer loop
      vertex 15.400961894323341 18.15 2.2
      vertex 13.146819820637988 18.25 2.2
      vertex 15.639339828220178 17.839339828220176 2.2
    endloop
  endfacet
  facet normal 0 0 1
    outer loop
      vertex 15.639339828220178 19.96066017177982 2.2
      vertex 11.76066017177982 19.96066017177982 2.2
      vertex 14.25318017936201 19.55 2.2
    endloop
  endfacet
  facet normal 0 0 1
    outer loop
      vertex 15.639339828220178 19.96066017177982 2.2
      vertex 15.95 20.199038105676657 2.2
      vertex 11.76066017177982 19.96066017177982 2.2
    endloop
  endfacet
  facet normal 0 0 1
    outer loop
      vertex 15.95 20.199038105676657 2.2
      vertex 16.31177143234622 20.3488887394336 2.2
      vertex 11.45 20.199038105676657 2.2
    endloop
  endfacet
  facet normal 0 0 1
    outer loop
      vertex 16.31177143234622 20.3488887394336 2.2
      vertex 16.7 20.4 2.2
      vertex 11.08822856765378 20.3488887394336 2.2
    endloop
  endfacet
  facet normal 0 0 1
    outer loop
      vertex 15.400961894323341 19.65 2.2
      vertex 14.25318017936201 19.55 2.2
      vertex 15.359540538086033 19.55 2.2
    endloop
  endfacet
  facet normal 0 0 1
    outer loop
      vertex 15.639339828220178 19.96066017177982 2.2
      vertex 14.25318017936201 19.55 2.2
      vertex 15.400961894323341 19.65 2.2
    endloop
  endfacet
  facet normal 0 0 1
    outer loop
      vertex 5.088228567653781 20.3488887394336 2.2
      vertex 19.593853254107927 20.639103626009028 2.2
      vertex 19.9 20.7 2.2
    endloop
  endfacet
  facet normal 0 0 1
    outer loop
      vertex 10.7 20.4 2.2
      vertex 16.7 20.4 2.2
      vertex 19.593853254107927 20.639103626009028 2.2
    endloop
  endfacet
  facet normal 0 0 1
    outer loop
      vertex 21.4 21.4 2.2
      vertex 5.088228567653781 20.3488887394336 2.2
      vertex 19.9 20.7 2.2
    endloop
  endfacet
  facet normal 1 0 0
    outer loop
      vertex 21.4 0 2.2
      vertex 21.4 21.4 0
      vertex 21.4 18.25 1.2000000000000002
    endloop
  endfacet
  facet normal 0 0 1
    outer loop
      vertex 18.3 11.7 2.2
      vertex 16.7 17.4 2.2
      vertex 16.31177143234622 17.451111260566396 2.2
    endloop
  endfacet
  facet normal 0 0 1
    outer loop
      vertex 18.3 11.7 2.2
      vertex 17.08822856765378 17.451111260566396 2.2
      vertex 16.7 17.4 2.2
    endloop
  endfacet
  facet normal 0 0 1
    outer loop
      vertex 18.3 11.7 2.2
      vertex 17.45 17.60096189432334 2.2
      vertex 17.08822856765378 17.451111260566396 2.2
    endloop
  endfacet
  facet normal 0 0 1
    outer loop
      vertex 18.3 11.7 2.2
      vertex 17.760660171779822 17.839339828220176 2.2
      vertex 17.45 17.60096189432334 2.2
    endloop
  endfacet
  facet normal 1 0 0
    outer loop
      vertex 21.4 0 2.2
      vertex 21.4 18.25 1.2000000000000002
      vertex 21.4 18.25 2.2
    endloop
  endfacet
  facet normal 0 0 1
    outer loop
      vertex 21.4 18.25 2.2
      vertex 18.3 11.7 2.2
      vertex 18.3 6.3 2.2
    endloop
  endfacet
  facet normal 0 0 1
    outer loop
      vertex 18.3 11.7 2.2
      vertex 21.4 18.25 2.2
      vertex 17.760660171779822 17.839339828220176 2.2
    endloop
  endfacet
  facet normal 1 0 0
    outer loop
      vertex 21.4 21.4 0
      vertex 21.4 21.4 2.2
      vertex 21.4 19.55 1.2000000000000002
    endloop
  endfacet
  facet normal 0 0 1
    outer loop
      vertex 17.999038105676657 19.65 2.2
      vertex 19.16089637399097 20.20614674589207 2.2
      vertex 17.760660171779822 19.96066017177982 2.2
    endloop
  endfacet
  facet normal 0 0 1
    outer loop
      vertex 17.999038105676657 19.65 2.2
      vertex 18.040459461913965 19.55 2.2
      vertex 19.16089637399097 20.20614674589207 2.2
    endloop
  endfacet
  facet normal 0 0 1
    outer loop
      vertex 17.08822856765378 20.3488887394336 2.2
      vertex 17.45 20.199038105676657 2.2
      vertex 19.593853254107927 20.639103626009028 2.2
    endloop
  endfacet
  facet normal 0 0 1
    outer loop
      vertex 16.7 20.4 2.2
      vertex 17.08822856765378 20.3488887394336 2.2
      vertex 19.593853254107927 20.639103626009028 2.2
    endloop
  endfacet
  facet normal 0 0 1
    outer loop
      vertex 17.45 20.199038105676657 2.2
      vertex 17.760660171779822 19.96066017177982 2.2
      vertex 19.33431457505076 20.465685424949235 2.2
    endloop
  endfacet
  facet normal 0 0 1
    outer loop
      vertex 17.760660171779822 17.839339828220176 2.2
      vertex 21.4 18.25 2.2
      vertex 17.999038105676657 18.15 2.2
    endloop
  endfacet
  facet normal 0 0 1
    outer loop
      vertex 17.999038105676657 18.15 2.2
      vertex 21.4 18.25 2.2
      vertex 18.04045946191397 18.25 2.2
    endloop
  endfacet
  facet normal 1 0 0
    outer loop
      vertex 21.4 21.4 2.2
      vertex 21.4 19.55 2.2
      vertex 21.4 19.55 1.2000000000000002
    endloop
  endfacet
  facet normal 0 0 1
    outer loop
      vertex 19.16089637399097 19.593853254107927 2.2
      vertex 18.040459461913965 19.55 2.2
      vertex 19.190198181589132 19.55 2.2
    endloop
  endfacet
  facet normal 0 0 1
    outer loop
      vertex 19.099999999999998 19.9 2.2
      vertex 18.040459461913965 19.55 2.2
      vertex 19.16089637399097 19.593853254107927 2.2
    endloop
  endfacet
  facet normal 0 0 1
    outer loop
      vertex 19.16089637399097 20.20614674589207 2.2
      vertex 18.040459461913965 19.55 2.2
      vertex 19.099999999999998 19.9 2.2
    endloop
  endfacet
  facet normal 0 0 1
    outer loop
      vertex 19.33431457505076 20.465685424949235 2.2
      vertex 17.760660171779822 19.96066017177982 2.2
      vertex 19.16089637399097 20.20614674589207 2.2
    endloop
  endfacet
  facet normal 0 0 1
    outer loop
      vertex 19.33431457505076 20.465685424949235 2.2
      vertex 19.593853254107927 20.639103626009028 2.2
      vertex 17.45 20.199038105676657 2.2
    endloop
  endfacet
  facet normal 0 0 1
    outer loop
      vertex 20.639103626009028 19.593853254107927 2.2
      vertex 20.609801818410865 19.55 2.2
      vertex 21.4 19.55 2.2
    endloop
  endfacet
  facet normal 0 0 1
    outer loop
      vertex 20.639103626009028 19.593853254107927 2.2
      vertex 21.4 19.55 2.2
      vertex 20.7 19.9 2.2
    endloop
  endfacet
  facet normal 0 0 1
    outer loop
      vertex 21.4 21.4 2.2
      vertex 19.9 20.7 2.2
      vertex 20.20614674589207 20.639103626009028 2.2
    endloop
  endfacet
  facet normal 0 0 1
    outer loop
      vertex 21.4 21.4 2.2
      vertex 20.20614674589207 20.639103626009028 2.2
      vertex 20.465685424949235 20.465685424949235 2.2
    endloop
  endfacet
  facet normal 0 0 1
    outer loop
      vertex 21.4 21.4 2.2
      vertex 20.465685424949235 20.465685424949235 2.2
      vertex 20.639103626009028 20.20614674589207 2.2
    endloop
  endfacet
  facet normal 0 0 1
    outer loop
      vertex 21.4 21.4 2.2
      vertex 20.639103626009028 20.20614674589207 2.2
      vertex 20.7 19.9 2.2
    endloop
  endfacet
  facet normal 0 0 1
    outer loop
      vertex 21.4 21.4 2.2
      vertex 20.7 19.9 2.2
      vertex 21.4 19.55 2.2
    endloop
  endfacet
  facet normal 0 0 1
    outer loop
      vertex 3.2511112605663968 18.51177143234622 1.2000000000000002
      vertex 0 18.25 1.2000000000000002
      vertex 3.3595405380860313 18.25 1.2000000000000002
    endloop
  endfacet
  facet normal 0 0 1
    outer loop
      vertex 3.2511112605663968 18.51177143234622 1.2000000000000002
      vertex 3.1999999999999993 18.9 1.2000000000000002
      vertex 0 18.25 1.2000000000000002
    endloop
  endfacet
  facet normal 0 1 0
    outer loop
      vertex 3.3595405380860313 18.25 1.2000000000000002
      vertex 0 18.25 1.2000000000000002
      vertex 0 18.25 2.2
    endloop
  endfacet
  facet normal 0 0 1
    outer loop
      vertex 0.9343145750507619 19.33431457505076 1.2000000000000002
      vertex 0 19.55 1.2000000000000002
      vertex 0 18.25 1.2000000000000002
    endloop
  endfacet
  facet normal 0 0 1
    outer loop
      vertex 0.9343145750507619 19.33431457505076 1.2000000000000002
      vertex 0.7901981815891337 19.55 1.2000000000000002
      vertex 0 19.55 1.2000000000000002
    endloop
  endfacet
  facet normal 0 0 1
    outer loop
      vertex 0.9343145750507619 19.33431457505076 1.2000000000000002
      vertex 0 18.25 1.2000000000000002
      vertex 1.193853254107928 19.16089637399097 1.2000000000000002
    endloop
  endfacet
  facet normal 0 0 1
    outer loop
      vertex 1.193853254107928 19.16089637399097 1.2000000000000002
      vertex 0 18.25 1.2000000000000002
      vertex 1.5 19.099999999999998 1.2000000000000002
    endloop
  endfacet
  facet normal 0 0 1
    outer loop
      vertex 1.5 19.099999999999998 1.2000000000000002
      vertex 0 18.25 1.2000000000000002
      vertex 3.1999999999999993 18.9 1.2000000000000002
    endloop
  endfacet
  facet normal 0 0 1
    outer loop
      vertex 1.5 19.099999999999998 1.2000000000000002
      vertex 3.1999999999999993 18.9 1.2000000000000002
      vertex 1.806146745892072 19.16089637399097 1.2000000000000002
    endloop
  endfacet
  facet normal 0 0 1
    outer loop
      vertex 1.806146745892072 19.16089637399097 1.2000000000000002
      vertex 3.1999999999999993 18.9 1.2000000000000002
      vertex 2.0656854249492382 19.33431457505076 1.2000000000000002
    endloop
  endfacet
  facet normal 0 0 1
    outer loop
      vertex 2.0656854249492382 19.33431457505076 1.2000000000000002
      vertex 3.1999999999999993 18.9 1.2000000000000002
      vertex 2.2098018184108663 19.55 1.2000000000000002
    endloop
  endfacet
  facet normal 0 -1 0
    outer loop
      vertex 0.7901981815891337 19.55 1.2000000000000002
      vertex 0 19.55 2.2
      vertex 0 19.55 1.2000000000000002
    endloop
  endfacet
  facet normal 0 0 1
    outer loop
      vertex 2.2098018184108663 19.55 1.2000000000000002
      vertex 3.1999999999999993 18.9 1.2000000000000002
      vertex 3.2511112605663968 19.28822856765378 1.2000000000000002
    endloop
  endfacet
  facet normal 0 0 1
    outer loop
      vertex 2.2098018184108663 19.55 1.2000000000000002
      vertex 3.2511112605663968 19.28822856765378 1.2000000000000002
      vertex 3.3595405380860326 19.55 1.2000000000000002
    endloop
  endfacet
  facet normal 0 -1 0
    outer loop
      vertex 2.2098018184108663 19.55 1.2000000000000002
      vertex 3.3595405380860326 19.55 1.2000000000000002
      vertex 3.3595405380860326 19.55 2.2
    endloop
  endfacet
  facet normal 0 1 0
    outer loop
      vertex 3.3595405380860313 18.25 1.2000000000000002
      vertex 0 18.25 2.2
      vertex 3.3595405380860313 18.25 2.2
    endloop
  endfacet
  facet normal 0 -1 0
    outer loop
      vertex 0.7901981815891337 19.55 1.2000000000000002
      vertex 0.7901981815891337 19.55 2.2
      vertex 0 19.55 2.2
    endloop
  endfacet
  facet normal 0 -1 0
    outer loop
      vertex 2.2098018184108663 19.55 1.2000000000000002
      vertex 3.3595405380860326 19.55 2.2
      vertex 2.2098018184108663 19.55 2.2
    endloop
  endfacet
  facet normal 0 0 1
    outer loop
      vertex 6.040459461913967 18.25 1.2000000000000002
      vertex 9.251111260566397 18.51177143234622 1.2000000000000002
      vertex 6.148888739433602 18.51177143234622 1.2000000000000002
    endloop
  endfacet
  facet normal 0 1 0
    outer loop
      vertex 6.040459461913967 18.25 1.2000000000000002
      vertex 7.1468198206379885 18.25 2.2
      vertex 9.359540538086032 18.25 1.2000000000000002
    endloop
  endfacet
  facet normal 0 0 1
    outer loop
      vertex 6.148888739433602 18.51177143234622 1.2000000000000002
      vertex 9.2 18.9 1.2000000000000002
      vertex 6.199999999999999 18.9 1.2000000000000002
    endloop
  endfacet
  facet normal 0 0 1
    outer loop
      vertex 6.199999999999999 18.9 1.2000000000000002
      vertex 9.251111260566397 19.28822856765378 1.2000000000000002
      vertex 6.148888739433602 19.28822856765378 1.2000000000000002
    endloop
  endfacet
  facet normal 0 0 1
    outer loop
      vertex 6.148888739433602 19.28822856765378 1.2000000000000002
      vertex 9.359540538086033 19.55 1.2000000000000002
      vertex 6.040459461913966 19.55 1.2000000000000002
    endloop
  endfacet
  facet normal 0 -1 0
    outer loop
      vertex 6.040459461913966 19.55 1.2000000000000002
      vertex 9.359540538086033 19.55 1.2000000000000002
      vertex 8.253180179362012 19.55 2.2
    endloop
  endfacet
  facet normal 0 0 1
    outer loop
      vertex 6.040459461913967 18.25 1.2000000000000002
      vertex 9.359540538086032 18.25 1.2000000000000002
      vertex 9.251111260566397 18.51177143234622 1.2000000000000002
    endloop
  endfacet
  facet normal 0 0 1
    outer loop
      vertex 6.148888739433602 18.51177143234622 1.2000000000000002
      vertex 9.251111260566397 18.51177143234622 1.2000000000000002
      vertex 9.2 18.9 1.2000000000000002
    endloop
  endfacet
  facet normal 0 0 1
    outer loop
      vertex 6.199999999999999 18.9 1.2000000000000002
      vertex 9.2 18.9 1.2000000000000002
      vertex 9.251111260566397 19.28822856765378 1.2000000000000002
    endloop
  endfacet
  facet normal 0 0 1
    outer loop
      vertex 6.148888739433602 19.28822856765378 1.2000000000000002
      vertex 9.251111260566397 19.28822856765378 1.2000000000000002
      vertex 9.359540538086033 19.55 1.2000000000000002
    endloop
  endfacet
  facet normal 0 1 0
    outer loop
      vertex 6.040459461913967 18.25 1.2000000000000002
      vertex 6.040459461913967 18.25 2.2
      vertex 7.1468198206379885 18.25 2.2
    endloop
  endfacet
  facet normal 0 -1 0
    outer loop
      vertex 6.040459461913966 19.55 1.2000000000000002
      vertex 8.253180179362012 19.55 2.2
      vertex 6.040459461913966 19.55 2.2
    endloop
  endfacet
  facet normal 0 1 0
    outer loop
      vertex 9.359540538086032 18.25 1.2000000000000002
      vertex 7.1468198206379885 18.25 2.2
      vertex 9.359540538086032 18.25 2.2
    endloop
  endfacet
  facet normal 0 -1 0
    outer loop
      vertex 9.359540538086033 19.55 1.2000000000000002
      vertex 9.359540538086033 19.55 2.2
      vertex 8.253180179362012 19.55 2.2
    endloop
  endfacet
  facet normal 0 0 1
    outer loop
      vertex 12.040459461913967 18.25 1.2000000000000002
      vertex 15.251111260566397 18.51177143234622 1.2000000000000002
      vertex 12.148888739433602 18.51177143234622 1.2000000000000002
    endloop
  endfacet
  facet normal 0 0 1
    outer loop
      vertex 12.148888739433602 18.51177143234622 1.2000000000000002
      vertex 15.2 18.9 1.2000000000000002
      vertex 12.2 18.9 1.2000000000000002
    endloop
  endfacet
  facet normal 0 0 1
    outer loop
      vertex 12.2 18.9 1.2000000000000002
      vertex 15.251111260566397 19.28822856765378 1.2000000000000002
      vertex 12.148888739433602 19.28822856765378 1.2000000000000002
    endloop
  endfacet
  facet normal 0 0 1
    outer loop
      vertex 12.148888739433602 19.28822856765378 1.2000000000000002
      vertex 15.359540538086033 19.55 1.2000000000000002
      vertex 12.040459461913965 19.55 1.2000000000000002
    endloop
  endfacet
  facet normal 0 0 1
    outer loop
      vertex 12.040459461913967 18.25 1.2000000000000002
      vertex 15.359540538086032 18.25 1.2000000000000002
      vertex 15.251111260566397 18.51177143234622 1.2000000000000002
    endloop
  endfacet
  facet normal 0 0 1
    outer loop
      vertex 12.148888739433602 18.51177143234622 1.2000000000000002
      vertex 15.251111260566397 18.51177143234622 1.2000000000000002
      vertex 15.2 18.9 1.2000000000000002
    endloop
  endfacet
  facet normal 0 1 0
    outer loop
      vertex 12.040459461913967 18.25 1.2000000000000002
      vertex 13.146819820637988 18.25 2.2
      vertex 15.359540538086032 18.25 1.2000000000000002
    endloop
  endfacet
  facet normal 0 0 1
    outer loop
      vertex 12.2 18.9 1.2000000000000002
      vertex 15.2 18.9 1.2000000000000002
      vertex 15.251111260566397 19.28822856765378 1.2000000000000002
    endloop
  endfacet
  facet normal 0 0 1
    outer loop
      vertex 12.148888739433602 19.28822856765378 1.2000000000000002
      vertex 15.251111260566397 19.28822856765378 1.2000000000000002
      vertex 15.359540538086033 19.55 1.2000000000000002
    endloop
  endfacet
  facet normal 0 -1 0
    outer loop
      vertex 12.040459461913965 19.55 1.2000000000000002
      vertex 15.359540538086033 19.55 1.2000000000000002
      vertex 14.25318017936201 19.55 2.2
    endloop
  endfacet
  facet normal 0 1 0
    outer loop
      vertex 12.040459461913967 18.25 1.2000000000000002
      vertex 12.040459461913967 18.25 2.2
      vertex 13.146819820637988 18.25 2.2
    endloop
  endfacet
  facet normal 0 -1 0
    outer loop
      vertex 12.040459461913965 19.55 1.2000000000000002
      vertex 14.25318017936201 19.55 2.2
      vertex 12.040459461913965 19.55 2.2
    endloop
  endfacet
  facet normal 0 1 0
    outer loop
      vertex 15.359540538086032 18.25 1.2000000000000002
      vertex 13.146819820637988 18.25 2.2
      vertex 15.359540538086032 18.25 2.2
    endloop
  endfacet
  facet normal 0 -1 0
    outer loop
      vertex 15.359540538086033 19.55 1.2000000000000002
      vertex 15.359540538086033 19.55 2.2
      vertex 14.25318017936201 19.55 2.2
    endloop
  endfacet
  facet normal 0 0 1
    outer loop
      vertex 18.2 18.9 1.2000000000000002
      vertex 19.33431457505076 19.33431457505076 1.2000000000000002
      vertex 18.148888739433602 19.28822856765378 1.2000000000000002
    endloop
  endfacet
  facet normal 0 0 1
    outer loop
      vertex 18.148888739433602 19.28822856765378 1.2000000000000002
      vertex 19.190198181589132 19.55 1.2000000000000002
      vertex 18.040459461913965 19.55 1.2000000000000002
    endloop
  endfacet
  facet normal 0 -1 0
    outer loop
      vertex 18.040459461913965 19.55 1.2000000000000002
      vertex 19.190198181589132 19.55 1.2000000000000002
      vertex 18.040459461913965 19.55 2.2
    endloop
  endfacet
  facet normal 0 0 1
    outer loop
      vertex 18.04045946191397 18.25 1.2000000000000002
      vertex 21.4 18.25 1.2000000000000002
      vertex 18.148888739433602 18.51177143234622 1.2000000000000002
    endloop
  endfacet
  facet normal 0 0 1
    outer loop
      vertex 18.148888739433602 18.51177143234622 1.2000000000000002
      vertex 21.4 18.25 1.2000000000000002
      vertex 18.2 18.9 1.2000000000000002
    endloop
  endfacet
  facet normal 0 1 0
    outer loop
      vertex 18.04045946191397 18.25 1.2000000000000002
      vertex 21.4 18.25 2.2
      vertex 21.4 18.25 1.2000000000000002
    endloop
  endfacet
  facet normal 0 0 1
    outer loop
      vertex 18.148888739433602 19.28822856765378 1.2000000000000002
      vertex 19.33431457505076 19.33431457505076 1.2000000000000002
      vertex 19.190198181589132 19.55 1.2000000000000002
    endloop
  endfacet
  facet normal 0 0 1
    outer loop
      vertex 18.2 18.9 1.2000000000000002
      vertex 19.593853254107927 19.16089637399097 1.2000000000000002
      vertex 19.33431457505076 19.33431457505076 1.2000000000000002
    endloop
  endfacet
  facet normal 0 0 1
    outer loop
      vertex 18.2 18.9 1.2000000000000002
      vertex 21.4 18.25 1.2000000000000002
      vertex 19.593853254107927 19.16089637399097 1.2000000000000002
    endloop
  endfacet
  facet normal 0 0 1
    outer loop
      vertex 19.593853254107927 19.16089637399097 1.2000000000000002
      vertex 21.4 18.25 1.2000000000000002
      vertex 19.9 19.099999999999998 1.2000000000000002
    endloop
  endfacet
  facet normal 0 0 1
    outer loop
      vertex 19.9 19.099999999999998 1.2000000000000002
      vertex 21.4 18.25 1.2000000000000002
      vertex 20.20614674589207 19.16089637399097 1.2000000000000002
    endloop
  endfacet
  facet normal 0 0 1
    outer loop
      vertex 20.20614674589207 19.16089637399097 1.2000000000000002
      vertex 21.4 18.25 1.2000000000000002
      vertex 20.465685424949235 19.33431457505076 1.2000000000000002
    endloop
  endfacet
  facet normal 0 0 1
    outer loop
      vertex 20.465685424949235 19.33431457505076 1.2000000000000002
      vertex 21.4 18.25 1.2000000000000002
      vertex 20.609801818410865 19.55 1.2000000000000002
    endloop
  endfacet
  facet normal 0 0 1
    outer loop
      vertex 20.609801818410865 19.55 1.2000000000000002
      vertex 21.4 18.25 1.2000000000000002
      vertex 21.4 19.55 1.2000000000000002
    endloop
  endfacet
  facet normal 0 -1 0
    outer loop
      vertex 20.609801818410865 19.55 1.2000000000000002
      vertex 21.4 19.55 1.2000000000000002
      vertex 21.4 19.55 2.2
    endloop
  endfacet
  facet normal 0 1 0
    outer loop
      vertex 18.04045946191397 18.25 1.2000000000000002
      vertex 18.04045946191397 18.25 2.2
      vertex 21.4 18.25 2.2
    endloop
  endfacet
  facet normal 0 -1 0
    outer loop
      vertex 19.190198181589132 19.55 1.2000000000000002
      vertex 19.190198181589132 19.55 2.2
      vertex 18.040459461913965 19.55 2.2
    endloop
  endfacet
  facet normal 0 -1 0
    outer loop
      vertex 20.609801818410865 19.55 1.2000000000000002
      vertex 21.4 19.55 2.2
      vertex 20.609801818410865 19.55 2.2
    endloop
  endfacet
endsolid OpenSCAD_Model
