solid OpenSCAD_Model
  facet normal 0.75183980747898 0.659345815100066 0
    outer loop
      vertex 10.909009742330268 14.709009742330268 0
      vertex 10.714954984344722 14.930286784730379 1.5
      vertex 10.909009742330268 14.709009742330268 1.5
    endloop
  endfacet
  facet normal 0.896872741532688 0.4422886902190019 0
    outer loop
      vertex 10.421271051849605 15.438962277178549 0
      vertex 10.421271051849605 15.438962277178549 1.5
      vertex 10.551442841485013 15.175 0
    endloop
  endfacet
  facet normal 0.9469301294951059 0.3214394653031609 -3.014133163987716e-18
    outer loop
      vertex 10.421271051849605 15.438962277178549 0
      vertex 10.326666890849596 15.71765714851933 0
      vertex 10.326666890849596 15.71765714851933 1.5
    endloop
  endfacet
  facet normal 0.8314696123025439 0.5555702330196042 -4.547572951650737e-18
    outer loop
      vertex 10.714954984344722 14.930286784730379 0
      vertex 10.551442841485013 15.175 0
      vertex 10.551442841485013 15.175 1.5
    endloop
  endfacet
  facet normal 0.75183980747898 0.659345815100066 6.85552101887235e-18
    outer loop
      vertex 10.909009742330268 14.709009742330268 0
      vertex 10.714954984344722 14.930286784730379 0
      vertex 10.714954984344722 14.930286784730379 1.5
    endloop
  endfacet
  facet normal 0.896872741532688 0.4422886902190019 0
    outer loop
      vertex 10.551442841485013 15.175 0
      vertex 10.421271051849605 15.438962277178549 1.5
      vertex 10.551442841485013 15.175 1.5
    endloop
  endfacet
  facet normal 0.9469301294951059 0.3214394653031609 0
    outer loop
      vertex 10.421271051849605 15.438962277178549 0
      vertex 10.326666890849596 15.71765714851933 1.5
      vertex 10.421271051849605 15.438962277178549 1.5
    endloop
  endfacet
  facet normal 0.8314696123025439 0.5555702330196042 0
    outer loop
      vertex 10.714954984344722 14.930286784730379 0
      vertex 10.551442841485013 15.175 1.5
      vertex 10.714954984344722 14.930286784730379 1.5
    endloop
  endfacet
  facet normal 0.0654031292301422 0.9978589232386036 2.726676668026975e-19
    outer loop
      vertex 12.206316067504885 14.069249061908927 1.5
      vertex 12.5 14.05 1.5
      vertex 12.5 14.05 0
    endloop
  endfacet
  facet normal 0.659345815100066 0.75183980747898 0
    outer loop
      vertex 10.909009742330268 14.709009742330268 0
      vertex 10.909009742330268 14.709009742330268 1.5
      vertex 11.130286784730378 14.514954984344723 0
    endloop
  endfacet
  facet normal 0.5555702330196042 0.8314696123025439 0
    outer loop
      vertex 11.130286784730378 14.514954984344723 0
      vertex 11.130286784730378 14.514954984344723 1.5
      vertex 11.375 14.351442841485014 0
    endloop
  endfacet
  facet normal 0.4422886902190019 0.896872741532688 0
    outer loop
      vertex 11.375 14.351442841485014 0
      vertex 11.375 14.351442841485014 1.5
      vertex 11.638962277178548 14.221271051849605 0
    endloop
  endfacet
  facet normal 0.5555702330196042 0.8314696123025439 0
    outer loop
      vertex 11.375 14.351442841485014 0
      vertex 11.130286784730378 14.514954984344723 1.5
      vertex 11.375 14.351442841485014 1.5
    endloop
  endfacet
  facet normal 0.659345815100066 0.75183980747898 6.85552101887235e-18
    outer loop
      vertex 10.909009742330268 14.709009742330268 1.5
      vertex 11.130286784730378 14.514954984344723 1.5
      vertex 11.130286784730378 14.514954984344723 0
    endloop
  endfacet
  facet normal 0.4422886902190019 0.896872741532688 0
    outer loop
      vertex 11.638962277178548 14.221271051849605 0
      vertex 11.375 14.351442841485014 1.5
      vertex 11.638962277178548 14.221271051849605 1.5
    endloop
  endfacet
  facet normal 0.3214394653031609 0.9469301294951059 0
    outer loop
      vertex 11.638962277178548 14.221271051849605 0
      vertex 11.638962277178548 14.221271051849605 1.5
      vertex 11.917657148519329 14.126666890849597 0
    endloop
  endfacet
  facet normal 0.19509032201612858 0.9807852804032304 0
    outer loop
      vertex 11.917657148519329 14.126666890849597 0
      vertex 11.917657148519329 14.126666890849597 1.5
      vertex 12.206316067504885 14.069249061908927 0
    endloop
  endfacet
  facet normal 0.0654031292301422 0.9978589232386036 0
    outer loop
      vertex 12.206316067504885 14.069249061908927 0
      vertex 12.206316067504885 14.069249061908927 1.5
      vertex 12.5 14.05 0
    endloop
  endfacet
  facet normal 0.3214394653031609 0.9469301294951059 -3.014133163987716e-18
    outer loop
      vertex 11.638962277178548 14.221271051849605 1.5
      vertex 11.917657148519329 14.126666890849597 1.5
      vertex 11.917657148519329 14.126666890849597 0
    endloop
  endfacet
  facet normal 0.19509032201612858 0.9807852804032304 0
    outer loop
      vertex 12.206316067504885 14.069249061908927 0
      vertex 11.917657148519329 14.126666890849597 1.5
      vertex 12.206316067504885 14.069249061908927 1.5
    endloop
  endfacet
  facet normal 0.9807852804032302 0.19509032201612972 -3.80396350240211e-18
    outer loop
      vertex 10.326666890849596 15.71765714851933 0
      vertex 10.269249061908926 16.006316067504883 0
      vertex 10.269249061908926 16.006316067504883 1.5
    endloop
  endfacet
  facet normal 0.9978589232386037 0.06540312923014181 -5.56593804484763e-19
    outer loop
      vertex 10.269249061908926 16.006316067504883 0
      vertex 10.25 16.3 0
      vertex 10.25 16.3 1.5
    endloop
  endfacet
  facet normal 0.9807852804032302 0.19509032201612972 0
    outer loop
      vertex 10.326666890849596 15.71765714851933 0
      vertex 10.269249061908926 16.006316067504883 1.5
      vertex 10.326666890849596 15.71765714851933 1.5
    endloop
  endfacet
  facet normal 0.9978589232386037 0.06540312923014181 0
    outer loop
      vertex 10.269249061908926 16.006316067504883 0
      vertex 10.25 16.3 1.5
      vertex 10.269249061908926 16.006316067504883 1.5
    endloop
  endfacet
  facet normal 0.9978589232386037 -0.06540312923014181 0
    outer loop
      vertex 10.25 16.3 0
      vertex 10.269249061908926 16.593683932495118 1.5
      vertex 10.25 16.3 1.5
    endloop
  endfacet
  facet normal 0.9978589232386037 -0.06540312923014181 5.56593804484763e-19
    outer loop
      vertex 10.25 16.3 0
      vertex 10.269249061908926 16.593683932495118 0
      vertex 10.269249061908926 16.593683932495118 1.5
    endloop
  endfacet
  facet normal 0.9807852804032302 -0.19509032201612972 3.80396350240211e-18
    outer loop
      vertex 10.269249061908926 16.593683932495118 0
      vertex 10.326666890849596 16.882342851480672 0
      vertex 10.326666890849596 16.882342851480672 1.5
    endloop
  endfacet
  facet normal 0.9469301294951052 -0.32143946530316275 -4.227728025837513e-19
    outer loop
      vertex 10.326666890849596 16.882342851480672 0
      vertex 10.421271051849605 17.16103772282145 0
      vertex 10.421271051849605 17.16103772282145 1.5
    endloop
  endfacet
  facet normal 0.9807852804032302 -0.19509032201612972 0
    outer loop
      vertex 10.269249061908926 16.593683932495118 0
      vertex 10.326666890849596 16.882342851480672 1.5
      vertex 10.269249061908926 16.593683932495118 1.5
    endloop
  endfacet
  facet normal 0.9469301294951052 -0.32143946530316275 0
    outer loop
      vertex 10.326666890849596 16.882342851480672 0
      vertex 10.421271051849605 17.16103772282145 1.5
      vertex 10.326666890849596 16.882342851480672 1.5
    endloop
  endfacet
  facet normal 0.8968727415326891 -0.4422886902189995 1.0695940769983014e-18
    outer loop
      vertex 10.421271051849605 17.16103772282145 0
      vertex 10.551442841485013 17.425 0
      vertex 10.551442841485013 17.425 1.5
    endloop
  endfacet
  facet normal 0.831469612302542 -0.5555702330196071 6.762056800940824e-18
    outer loop
      vertex 10.551442841485013 17.425 0
      vertex 10.714954984344722 17.66971321526962 0
      vertex 10.714954984344722 17.66971321526962 1.5
    endloop
  endfacet
  facet normal 0.75183980747898 -0.659345815100066 -6.85552101887235e-18
    outer loop
      vertex 10.714954984344722 17.66971321526962 0
      vertex 10.909009742330268 17.89099025766973 0
      vertex 10.909009742330268 17.89099025766973 1.5
    endloop
  endfacet
  facet normal 0.8968727415326891 -0.4422886902189995 0
    outer loop
      vertex 10.421271051849605 17.16103772282145 0
      vertex 10.551442841485013 17.425 1.5
      vertex 10.421271051849605 17.16103772282145 1.5
    endloop
  endfacet
  facet normal 0.831469612302542 -0.5555702330196071 0
    outer loop
      vertex 10.551442841485013 17.425 0
      vertex 10.714954984344722 17.66971321526962 1.5
      vertex 10.551442841485013 17.425 1.5
    endloop
  endfacet
  facet normal 0.75183980747898 -0.659345815100066 0
    outer loop
      vertex 10.714954984344722 17.66971321526962 0
      vertex 10.909009742330268 17.89099025766973 1.5
      vertex 10.714954984344722 17.66971321526962 1.5
    endloop
  endfacet
  facet normal 0.6593458151000693 -0.7518398074789769 0
    outer loop
      vertex 10.909009742330268 17.89099025766973 0
      vertex 11.130286784730378 18.08504501565528 1.5
      vertex 10.909009742330268 17.89099025766973 1.5
    endloop
  endfacet
  facet normal 0.6593458151000693 -0.7518398074789769 3.3125937775591157e-18
    outer loop
      vertex 10.909009742330268 17.89099025766973 0
      vertex 11.130286784730378 18.08504501565528 0
      vertex 11.130286784730378 18.08504501565528 1.5
    endloop
  endfacet
  facet normal 0.5555702330196042 -0.8314696123025439 4.547572951650737e-18
    outer loop
      vertex 11.130286784730378 18.08504501565528 0
      vertex 11.375 18.248557158514988 0
      vertex 11.375 18.248557158514988 1.5
    endloop
  endfacet
  facet normal 0.4422886902190019 -0.896872741532688 -4.022584942911772e-18
    outer loop
      vertex 11.375 18.248557158514988 0
      vertex 11.638962277178548 18.378728948150396 0
      vertex 11.638962277178548 18.378728948150396 1.5
    endloop
  endfacet
  facet normal 0.5555702330196042 -0.8314696123025439 0
    outer loop
      vertex 11.130286784730378 18.08504501565528 0
      vertex 11.375 18.248557158514988 1.5
      vertex 11.130286784730378 18.08504501565528 1.5
    endloop
  endfacet
  facet normal 0.4422886902190019 -0.896872741532688 0
    outer loop
      vertex 11.375 18.248557158514988 0
      vertex 11.638962277178548 18.378728948150396 1.5
      vertex 11.375 18.248557158514988 1.5
    endloop
  endfacet
  facet normal 0.3214394653031555 -0.9469301294951078 -2.4224028024701707e-18
    outer loop
      vertex 11.638962277178548 18.378728948150396 0
      vertex 11.917657148519329 18.473333109150403 0
      vertex 11.917657148519329 18.473333109150403 1.5
    endloop
  endfacet
  facet normal 0.19509032201613438 -0.9807852804032292 -2.5515129259447766e-18
    outer loop
      vertex 11.917657148519329 18.473333109150403 0
      vertex 12.206316067504885 18.530750938091074 0
      vertex 12.206316067504885 18.530750938091074 1.5
    endloop
  endfacet
  facet normal 0.0654031292301422 -0.9978589232386036 -2.726676668026975e-19
    outer loop
      vertex 12.206316067504885 18.530750938091074 0
      vertex 12.5 18.55 0
      vertex 12.5 18.55 1.5
    endloop
  endfacet
  facet normal 0.3214394653031555 -0.9469301294951078 0
    outer loop
      vertex 11.638962277178548 18.378728948150396 0
      vertex 11.917657148519329 18.473333109150403 1.5
      vertex 11.638962277178548 18.378728948150396 1.5
    endloop
  endfacet
  facet normal 0.19509032201613438 -0.9807852804032292 0
    outer loop
      vertex 11.917657148519329 18.473333109150403 0
      vertex 12.206316067504885 18.530750938091074 1.5
      vertex 11.917657148519329 18.473333109150403 1.5
    endloop
  endfacet
  facet normal 0.0654031292301422 -0.9978589232386036 0
    outer loop
      vertex 12.206316067504885 18.530750938091074 0
      vertex 12.5 18.55 1.5
      vertex 12.206316067504885 18.530750938091074 1.5
    endloop
  endfacet
  facet normal -0.0654031292301422 0.9978589232386036 0
    outer loop
      vertex 12.5 14.05 0
      vertex 12.5 14.05 1.5
      vertex 12.793683932495115 14.069249061908927 0
    endloop
  endfacet
  facet normal -0.19509032201612858 0.9807852804032304 0
    outer loop
      vertex 12.793683932495115 14.069249061908927 0
      vertex 12.793683932495115 14.069249061908927 1.5
      vertex 13.082342851480671 14.126666890849597 0
    endloop
  endfacet
  facet normal -0.3214394653031609 0.9469301294951059 0
    outer loop
      vertex 13.082342851480671 14.126666890849597 0
      vertex 13.082342851480671 14.126666890849597 1.5
      vertex 13.361037722821452 14.221271051849605 0
    endloop
  endfacet
  facet normal -0.0654031292301422 0.9978589232386036 -2.726676668026975e-19
    outer loop
      vertex 12.5 14.05 1.5
      vertex 12.793683932495115 14.069249061908927 1.5
      vertex 12.793683932495115 14.069249061908927 0
    endloop
  endfacet
  facet normal -0.19509032201612858 0.9807852804032304 0
    outer loop
      vertex 13.082342851480671 14.126666890849597 0
      vertex 12.793683932495115 14.069249061908927 1.5
      vertex 13.082342851480671 14.126666890849597 1.5
    endloop
  endfacet
  facet normal -0.3214394653031609 0.9469301294951059 3.014133163987716e-18
    outer loop
      vertex 13.082342851480671 14.126666890849597 1.5
      vertex 13.361037722821452 14.221271051849605 1.5
      vertex 13.361037722821452 14.221271051849605 0
    endloop
  endfacet
  facet normal -0.4422886902190019 0.896872741532688 0
    outer loop
      vertex 13.361037722821452 14.221271051849605 0
      vertex 13.361037722821452 14.221271051849605 1.5
      vertex 13.625 14.351442841485014 0
    endloop
  endfacet
  facet normal -0.5555702330196042 0.8314696123025439 0
    outer loop
      vertex 13.625 14.351442841485014 0
      vertex 13.625 14.351442841485014 1.5
      vertex 13.869713215269622 14.514954984344723 0
    endloop
  endfacet
  facet normal -0.659345815100066 0.75183980747898 0
    outer loop
      vertex 13.869713215269622 14.514954984344723 0
      vertex 13.869713215269622 14.514954984344723 1.5
      vertex 14.090990257669732 14.709009742330268 0
    endloop
  endfacet
  facet normal -0.4422886902190019 0.896872741532688 0
    outer loop
      vertex 13.625 14.351442841485014 0
      vertex 13.361037722821452 14.221271051849605 1.5
      vertex 13.625 14.351442841485014 1.5
    endloop
  endfacet
  facet normal -0.5555702330196042 0.8314696123025439 0
    outer loop
      vertex 13.869713215269622 14.514954984344723 0
      vertex 13.625 14.351442841485014 1.5
      vertex 13.869713215269622 14.514954984344723 1.5
    endloop
  endfacet
  facet normal -0.659345815100066 0.75183980747898 -6.85552101887235e-18
    outer loop
      vertex 13.869713215269622 14.514954984344723 1.5
      vertex 14.090990257669732 14.709009742330268 1.5
      vertex 14.090990257669732 14.709009742330268 0
    endloop
  endfacet
  facet normal -0.75183980747898 0.659345815100066 0
    outer loop
      vertex 14.090990257669732 14.709009742330268 0
      vertex 14.090990257669732 14.709009742330268 1.5
      vertex 14.285045015655278 14.930286784730379 0
    endloop
  endfacet
  facet normal -0.8314696123025439 0.5555702330196042 0
    outer loop
      vertex 14.285045015655278 14.930286784730379 0
      vertex 14.285045015655278 14.930286784730379 1.5
      vertex 14.448557158514987 15.175 0
    endloop
  endfacet
  facet normal -0.896872741532688 0.4422886902190019 0
    outer loop
      vertex 14.448557158514987 15.175 0
      vertex 14.448557158514987 15.175 1.5
      vertex 14.578728948150395 15.438962277178549 0
    endloop
  endfacet
  facet normal -0.9469301294951059 0.3214394653031609 0
    outer loop
      vertex 14.578728948150395 15.438962277178549 0
      vertex 14.578728948150395 15.438962277178549 1.5
      vertex 14.673333109150404 15.71765714851933 0
    endloop
  endfacet
  facet normal -0.75183980747898 0.659345815100066 -6.85552101887235e-18
    outer loop
      vertex 14.090990257669732 14.709009742330268 1.5
      vertex 14.285045015655278 14.930286784730379 1.5
      vertex 14.285045015655278 14.930286784730379 0
    endloop
  endfacet
  facet normal -0.8314696123025439 0.5555702330196042 0
    outer loop
      vertex 14.448557158514987 15.175 0
      vertex 14.285045015655278 14.930286784730379 1.5
      vertex 14.448557158514987 15.175 1.5
    endloop
  endfacet
  facet normal -0.896872741532688 0.4422886902190019 0
    outer loop
      vertex 14.578728948150395 15.438962277178549 0
      vertex 14.448557158514987 15.175 1.5
      vertex 14.578728948150395 15.438962277178549 1.5
    endloop
  endfacet
  facet normal -0.9469301294951059 0.3214394653031609 3.014133163987716e-18
    outer loop
      vertex 14.578728948150395 15.438962277178549 1.5
      vertex 14.673333109150404 15.71765714851933 1.5
      vertex 14.673333109150404 15.71765714851933 0
    endloop
  endfacet
  facet normal -0.0654031292301422 -0.9978589232386036 2.726676668026975e-19
    outer loop
      vertex 12.5 18.55 0
      vertex 12.793683932495115 18.530750938091074 0
      vertex 12.793683932495115 18.530750938091074 1.5
    endloop
  endfacet
  facet normal -0.19509032201613438 -0.9807852804032292 2.5515129259447766e-18
    outer loop
      vertex 12.793683932495115 18.530750938091074 0
      vertex 13.082342851480671 18.473333109150403 0
      vertex 13.082342851480671 18.473333109150403 1.5
    endloop
  endfacet
  facet normal -0.3214394653031555 -0.9469301294951078 2.4224028024701707e-18
    outer loop
      vertex 13.082342851480671 18.473333109150403 0
      vertex 13.361037722821452 18.378728948150396 0
      vertex 13.361037722821452 18.378728948150396 1.5
    endloop
  endfacet
  facet normal -0.0654031292301422 -0.9978589232386036 0
    outer loop
      vertex 12.5 18.55 0
      vertex 12.793683932495115 18.530750938091074 1.5
      vertex 12.5 18.55 1.5
    endloop
  endfacet
  facet normal -0.19509032201613438 -0.9807852804032292 0
    outer loop
      vertex 12.793683932495115 18.530750938091074 0
      vertex 13.082342851480671 18.473333109150403 1.5
      vertex 12.793683932495115 18.530750938091074 1.5
    endloop
  endfacet
  facet normal -0.3214394653031555 -0.9469301294951078 0
    outer loop
      vertex 13.082342851480671 18.473333109150403 0
      vertex 13.361037722821452 18.378728948150396 1.5
      vertex 13.082342851480671 18.473333109150403 1.5
    endloop
  endfacet
  facet normal -0.6593458151000693 -0.7518398074789769 -3.3125937775591157e-18
    outer loop
      vertex 13.869713215269622 18.08504501565528 0
      vertex 14.090990257669732 17.89099025766973 0
      vertex 14.090990257669732 17.89099025766973 1.5
    endloop
  endfacet
  facet normal -0.4422886902190019 -0.896872741532688 0
    outer loop
      vertex 13.625 18.248557158514988 0
      vertex 13.625 18.248557158514988 1.5
      vertex 13.361037722821452 18.378728948150396 0
    endloop
  endfacet
  facet normal -0.5555702330196042 -0.8314696123025439 -4.547572951650737e-18
    outer loop
      vertex 13.625 18.248557158514988 0
      vertex 13.869713215269622 18.08504501565528 0
      vertex 13.869713215269622 18.08504501565528 1.5
    endloop
  endfacet
  facet normal -0.4422886902190019 -0.896872741532688 0
    outer loop
      vertex 13.361037722821452 18.378728948150396 0
      vertex 13.625 18.248557158514988 1.5
      vertex 13.361037722821452 18.378728948150396 1.5
    endloop
  endfacet
  facet normal -0.5555702330196042 -0.8314696123025439 0
    outer loop
      vertex 13.625 18.248557158514988 0
      vertex 13.869713215269622 18.08504501565528 1.5
      vertex 13.625 18.248557158514988 1.5
    endloop
  endfacet
  facet normal -0.6593458151000693 -0.7518398074789769 0
    outer loop
      vertex 13.869713215269622 18.08504501565528 0
      vertex 14.090990257669732 17.89099025766973 1.5
      vertex 13.869713215269622 18.08504501565528 1.5
    endloop
  endfacet
  facet normal -0.9807852804032302 0.19509032201612972 0
    outer loop
      vertex 14.673333109150404 15.71765714851933 0
      vertex 14.673333109150404 15.71765714851933 1.5
      vertex 14.730750938091074 16.006316067504883 0
    endloop
  endfacet
  facet normal -0.9978589232386037 0.06540312923014181 0
    outer loop
      vertex 14.730750938091074 16.006316067504883 0
      vertex 14.730750938091074 16.006316067504883 1.5
      vertex 14.75 16.3 0
    endloop
  endfacet
  facet normal -0.9978589232386037 -0.06540312923014181 0
    outer loop
      vertex 14.75 16.3 0
      vertex 14.75 16.3 1.5
      vertex 14.730750938091074 16.593683932495118 0
    endloop
  endfacet
  facet normal -0.9807852804032302 0.19509032201612972 0
    outer loop
      vertex 14.730750938091074 16.006316067504883 0
      vertex 14.673333109150404 15.71765714851933 1.5
      vertex 14.730750938091074 16.006316067504883 1.5
    endloop
  endfacet
  facet normal -0.9978589232386037 0.06540312923014181 0
    outer loop
      vertex 14.75 16.3 0
      vertex 14.730750938091074 16.006316067504883 1.5
      vertex 14.75 16.3 1.5
    endloop
  endfacet
  facet normal -0.9807852804032302 -0.19509032201612972 0
    outer loop
      vertex 14.730750938091074 16.593683932495118 0
      vertex 14.730750938091074 16.593683932495118 1.5
      vertex 14.673333109150404 16.882342851480672 0
    endloop
  endfacet
  facet normal -0.9469301294951052 -0.32143946530316275 4.227728025837513e-19
    outer loop
      vertex 14.578728948150395 17.16103772282145 0
      vertex 14.673333109150404 16.882342851480672 0
      vertex 14.673333109150404 16.882342851480672 1.5
    endloop
  endfacet
  facet normal -0.9978589232386037 -0.06540312923014181 -5.56593804484763e-19
    outer loop
      vertex 14.75 16.3 1.5
      vertex 14.730750938091074 16.593683932495118 1.5
      vertex 14.730750938091074 16.593683932495118 0
    endloop
  endfacet
  facet normal -0.9807852804032302 -0.19509032201612972 0
    outer loop
      vertex 14.673333109150404 16.882342851480672 0
      vertex 14.730750938091074 16.593683932495118 1.5
      vertex 14.673333109150404 16.882342851480672 1.5
    endloop
  endfacet
  facet normal -0.9469301294951052 -0.32143946530316275 0
    outer loop
      vertex 14.578728948150395 17.16103772282145 0
      vertex 14.673333109150404 16.882342851480672 1.5
      vertex 14.578728948150395 17.16103772282145 1.5
    endloop
  endfacet
  facet normal -0.831469612302542 -0.5555702330196071 0
    outer loop
      vertex 14.448557158514987 17.425 0
      vertex 14.448557158514987 17.425 1.5
      vertex 14.285045015655278 17.66971321526962 0
    endloop
  endfacet
  facet normal -0.75183980747898 -0.659345815100066 6.85552101887235e-18
    outer loop
      vertex 14.090990257669732 17.89099025766973 0
      vertex 14.285045015655278 17.66971321526962 0
      vertex 14.285045015655278 17.66971321526962 1.5
    endloop
  endfacet
  facet normal -0.8968727415326891 -0.4422886902189995 0
    outer loop
      vertex 14.578728948150395 17.16103772282145 0
      vertex 14.578728948150395 17.16103772282145 1.5
      vertex 14.448557158514987 17.425 0
    endloop
  endfacet
  facet normal -0.75183980747898 -0.659345815100066 0
    outer loop
      vertex 14.090990257669732 17.89099025766973 0
      vertex 14.285045015655278 17.66971321526962 1.5
      vertex 14.090990257669732 17.89099025766973 1.5
    endloop
  endfacet
  facet normal -0.831469612302542 -0.5555702330196071 0
    outer loop
      vertex 14.285045015655278 17.66971321526962 0
      vertex 14.448557158514987 17.425 1.5
      vertex 14.285045015655278 17.66971321526962 1.5
    endloop
  endfacet
  facet normal -0.8968727415326891 -0.4422886902189995 -1.0695940769983014e-18
    outer loop
      vertex 14.578728948150395 17.16103772282145 1.5
      vertex 14.448557158514987 17.425 1.5
      vertex 14.448557158514987 17.425 0
    endloop
  endfacet
  facet normal 0.1950903220161271 0.9807852804032307 5.216409279781454e-19
    outer loop
      vertex 12.206316067504885 3.0692490619089274 0
      vertex 11.917657148519329 3.126666890849597 0
      vertex 11.917657148519329 3.126666890849597 1.5
    endloop
  endfacet
  facet normal 0.0654031292301437 0.9978589232386035 0
    outer loop
      vertex 12.206316067504885 3.0692490619089274 0
      vertex 12.206316067504885 3.0692490619089274 1.5
      vertex 12.5 3.0500000000000007 0
    endloop
  endfacet
  facet normal 0.1950903220161271 0.9807852804032307 0
    outer loop
      vertex 12.206316067504885 3.0692490619089274 0
      vertex 11.917657148519329 3.126666890849597 1.5
      vertex 12.206316067504885 3.0692490619089274 1.5
    endloop
  endfacet
  facet normal 0.0654031292301437 0.9978589232386035 -4.467561258505222e-19
    outer loop
      vertex 12.206316067504885 3.0692490619089274 1.5
      vertex 12.5 3.0500000000000007 1.5
      vertex 12.5 3.0500000000000007 0
    endloop
  endfacet
  facet normal 0.75183980747898 0.659345815100066 6.85552101887235e-18
    outer loop
      vertex 10.909009742330268 3.7090097423302684 0
      vertex 10.714954984344722 3.930286784730379 0
      vertex 10.714954984344722 3.930286784730379 1.5
    endloop
  endfacet
  facet normal 0.75183980747898 0.659345815100066 0
    outer loop
      vertex 10.909009742330268 3.7090097423302684 0
      vertex 10.714954984344722 3.930286784730379 1.5
      vertex 10.909009742330268 3.7090097423302684 1.5
    endloop
  endfacet
  facet normal 0.896872741532688 0.4422886902190019 0
    outer loop
      vertex 10.421271051849605 4.438962277178549 0
      vertex 10.421271051849605 4.438962277178549 1.5
      vertex 10.551442841485013 4.175000000000001 0
    endloop
  endfacet
  facet normal 0.9469301294951059 0.3214394653031609 -3.014133163987716e-18
    outer loop
      vertex 10.421271051849605 4.438962277178549 0
      vertex 10.326666890849596 4.717657148519329 0
      vertex 10.326666890849596 4.717657148519329 1.5
    endloop
  endfacet
  facet normal 0.8314696123025439 0.5555702330196042 -4.547572951650737e-18
    outer loop
      vertex 10.714954984344722 3.930286784730379 0
      vertex 10.551442841485013 4.175000000000001 0
      vertex 10.551442841485013 4.175000000000001 1.5
    endloop
  endfacet
  facet normal 0.896872741532688 0.4422886902190019 0
    outer loop
      vertex 10.551442841485013 4.175000000000001 0
      vertex 10.421271051849605 4.438962277178549 1.5
      vertex 10.551442841485013 4.175000000000001 1.5
    endloop
  endfacet
  facet normal 0.9469301294951059 0.3214394653031609 0
    outer loop
      vertex 10.421271051849605 4.438962277178549 0
      vertex 10.326666890849596 4.717657148519329 1.5
      vertex 10.421271051849605 4.438962277178549 1.5
    endloop
  endfacet
  facet normal 0.8314696123025439 0.5555702330196042 0
    outer loop
      vertex 10.714954984344722 3.930286784730379 0
      vertex 10.551442841485013 4.175000000000001 1.5
      vertex 10.714954984344722 3.930286784730379 1.5
    endloop
  endfacet
  facet normal 0.9807852804032303 0.19509032201612914 -1.4381740874153118e-18
    outer loop
      vertex 10.326666890849596 4.717657148519329 0
      vertex 10.269249061908926 5.006316067504884 0
      vertex 10.269249061908926 5.006316067504884 1.5
    endloop
  endfacet
  facet normal 0.9978589232386035 0.065403129230142 8.403908091009317e-19
    outer loop
      vertex 10.269249061908926 5.006316067504884 0
      vertex 10.25 5.300000000000001 0
      vertex 10.25 5.300000000000001 1.5
    endloop
  endfacet
  facet normal 0.9807852804032303 0.19509032201612914 0
    outer loop
      vertex 10.326666890849596 4.717657148519329 0
      vertex 10.269249061908926 5.006316067504884 1.5
      vertex 10.326666890849596 4.717657148519329 1.5
    endloop
  endfacet
  facet normal 0.9978589232386035 0.065403129230142 0
    outer loop
      vertex 10.269249061908926 5.006316067504884 0
      vertex 10.25 5.300000000000001 1.5
      vertex 10.269249061908926 5.006316067504884 1.5
    endloop
  endfacet
  facet normal 0.9978589232386035 -0.065403129230142 0
    outer loop
      vertex 10.25 5.300000000000001 0
      vertex 10.269249061908926 5.593683932495117 1.5
      vertex 10.25 5.300000000000001 1.5
    endloop
  endfacet
  facet normal 0.9978589232386035 -0.065403129230142 -8.403908091009317e-19
    outer loop
      vertex 10.25 5.300000000000001 0
      vertex 10.269249061908926 5.593683932495117 0
      vertex 10.269249061908926 5.593683932495117 1.5
    endloop
  endfacet
  facet normal 0.9807852804032303 -0.19509032201612914 1.4381740874153118e-18
    outer loop
      vertex 10.269249061908926 5.593683932495117 0
      vertex 10.326666890849596 5.882342851480672 0
      vertex 10.326666890849596 5.882342851480672 1.5
    endloop
  endfacet
  facet normal 0.9469301294951059 -0.3214394653031609 3.014133163987716e-18
    outer loop
      vertex 10.326666890849596 5.882342851480672 0
      vertex 10.421271051849605 6.161037722821453 0
      vertex 10.421271051849605 6.161037722821453 1.5
    endloop
  endfacet
  facet normal 0.9807852804032303 -0.19509032201612914 0
    outer loop
      vertex 10.269249061908926 5.593683932495117 0
      vertex 10.326666890849596 5.882342851480672 1.5
      vertex 10.269249061908926 5.593683932495117 1.5
    endloop
  endfacet
  facet normal 0.9469301294951059 -0.3214394653031609 0
    outer loop
      vertex 10.326666890849596 5.882342851480672 0
      vertex 10.421271051849605 6.161037722821453 1.5
      vertex 10.326666890849596 5.882342851480672 1.5
    endloop
  endfacet
  facet normal 0.896872741532688 -0.4422886902190019 0
    outer loop
      vertex 10.421271051849605 6.161037722821453 0
      vertex 10.551442841485013 6.425000000000001 1.5
      vertex 10.421271051849605 6.161037722821453 1.5
    endloop
  endfacet
  facet normal 0.5555702330196022 0.8314696123025453 0
    outer loop
      vertex 11.130286784730378 3.5149549843447216 0
      vertex 11.130286784730378 3.5149549843447216 1.5
      vertex 11.375 3.3514428414850137 0
    endloop
  endfacet
  facet normal 0.6593458151000676 0.7518398074789785 0
    outer loop
      vertex 10.909009742330268 3.7090097423302684 0
      vertex 10.909009742330268 3.7090097423302684 1.5
      vertex 11.130286784730378 3.5149549843447216 0
    endloop
  endfacet
  facet normal 0.4422886902190007 0.8968727415326886 0
    outer loop
      vertex 11.375 3.3514428414850137 0
      vertex 11.375 3.3514428414850137 1.5
      vertex 11.638962277178548 3.2212710518496057 0
    endloop
  endfacet
  facet normal 0.5555702330196022 0.8314696123025453 0
    outer loop
      vertex 11.375 3.3514428414850137 0
      vertex 11.130286784730378 3.5149549843447216 1.5
      vertex 11.375 3.3514428414850137 1.5
    endloop
  endfacet
  facet normal 0.6593458151000676 0.7518398074789785 1.771463620656607e-18
    outer loop
      vertex 10.909009742330268 3.7090097423302684 1.5
      vertex 11.130286784730378 3.5149549843447216 1.5
      vertex 11.130286784730378 3.5149549843447216 0
    endloop
  endfacet
  facet normal 0.4422886902190007 0.8968727415326886 0
    outer loop
      vertex 11.638962277178548 3.2212710518496057 0
      vertex 11.375 3.3514428414850137 1.5
      vertex 11.638962277178548 3.2212710518496057 1.5
    endloop
  endfacet
  facet normal 0.32143946530316225 0.9469301294951054 0
    outer loop
      vertex 11.638962277178548 3.2212710518496057 0
      vertex 11.638962277178548 3.2212710518496057 1.5
      vertex 11.917657148519329 3.126666890849597 0
    endloop
  endfacet
  facet normal 0.32143946530316225 0.9469301294951054 -4.438516438343242e-19
    outer loop
      vertex 11.638962277178548 3.2212710518496057 1.5
      vertex 11.917657148519329 3.126666890849597 1.5
      vertex 11.917657148519329 3.126666890849597 0
    endloop
  endfacet
  facet normal 0.896872741532688 -0.4422886902190019 -4.022584942911772e-18
    outer loop
      vertex 10.421271051849605 6.161037722821453 0
      vertex 10.551442841485013 6.425000000000001 0
      vertex 10.551442841485013 6.425000000000001 1.5
    endloop
  endfacet
  facet normal 0.8314696123025439 -0.5555702330196042 4.547572951650737e-18
    outer loop
      vertex 10.551442841485013 6.425000000000001 0
      vertex 10.714954984344722 6.669713215269622 0
      vertex 10.714954984344722 6.669713215269622 1.5
    endloop
  endfacet
  facet normal 0.75183980747898 -0.659345815100066 -6.85552101887235e-18
    outer loop
      vertex 10.714954984344722 6.669713215269622 0
      vertex 10.909009742330268 6.890990257669733 0
      vertex 10.909009742330268 6.890990257669733 1.5
    endloop
  endfacet
  facet normal 0.8314696123025439 -0.5555702330196042 0
    outer loop
      vertex 10.551442841485013 6.425000000000001 0
      vertex 10.714954984344722 6.669713215269622 1.5
      vertex 10.551442841485013 6.425000000000001 1.5
    endloop
  endfacet
  facet normal 0.75183980747898 -0.659345815100066 0
    outer loop
      vertex 10.714954984344722 6.669713215269622 0
      vertex 10.909009742330268 6.890990257669733 1.5
      vertex 10.714954984344722 6.669713215269622 1.5
    endloop
  endfacet
  facet normal 0.6593458151000676 -0.7518398074789785 -1.771463620656607e-18
    outer loop
      vertex 10.909009742330268 6.890990257669733 0
      vertex 11.130286784730378 7.08504501565528 0
      vertex 11.130286784730378 7.08504501565528 1.5
    endloop
  endfacet
  facet normal 0.6593458151000676 -0.7518398074789785 0
    outer loop
      vertex 10.909009742330268 6.890990257669733 0
      vertex 11.130286784730378 7.08504501565528 1.5
      vertex 10.909009742330268 6.890990257669733 1.5
    endloop
  endfacet
  facet normal 0.5555702330196022 -0.8314696123025453 -5.338144448344945e-19
    outer loop
      vertex 11.130286784730378 7.08504501565528 0
      vertex 11.375 7.248557158514988 0
      vertex 11.375 7.248557158514988 1.5
    endloop
  endfacet
  facet normal 0.4422886902190019 -0.896872741532688 -4.022584942911772e-18
    outer loop
      vertex 11.375 7.248557158514988 0
      vertex 11.638962277178548 7.378728948150396 0
      vertex 11.638962277178548 7.378728948150396 1.5
    endloop
  endfacet
  facet normal 0.5555702330196022 -0.8314696123025453 0
    outer loop
      vertex 11.130286784730378 7.08504501565528 0
      vertex 11.375 7.248557158514988 1.5
      vertex 11.130286784730378 7.08504501565528 1.5
    endloop
  endfacet
  facet normal 0.4422886902190019 -0.896872741532688 0
    outer loop
      vertex 11.375 7.248557158514988 0
      vertex 11.638962277178548 7.378728948150396 1.5
      vertex 11.375 7.248557158514988 1.5
    endloop
  endfacet
  facet normal 0.3214394653031609 -0.9469301294951059 3.014133163987716e-18
    outer loop
      vertex 11.638962277178548 7.378728948150396 0
      vertex 11.917657148519329 7.4733331091504045 0
      vertex 11.917657148519329 7.4733331091504045 1.5
    endloop
  endfacet
  facet normal 0.19509032201612858 -0.9807852804032304 -9.276153275714722e-19
    outer loop
      vertex 11.917657148519329 7.4733331091504045 0
      vertex 12.206316067504885 7.530750938091074 0
      vertex 12.206316067504885 7.530750938091074 1.5
    endloop
  endfacet
  facet normal 0.0654031292301422 -0.9978589232386036 -2.726676668026975e-19
    outer loop
      vertex 12.206316067504885 7.530750938091074 0
      vertex 12.5 7.550000000000001 0
      vertex 12.5 7.550000000000001 1.5
    endloop
  endfacet
  facet normal 0.3214394653031609 -0.9469301294951059 0
    outer loop
      vertex 11.638962277178548 7.378728948150396 0
      vertex 11.917657148519329 7.4733331091504045 1.5
      vertex 11.638962277178548 7.378728948150396 1.5
    endloop
  endfacet
  facet normal 0.19509032201612858 -0.9807852804032304 0
    outer loop
      vertex 11.917657148519329 7.4733331091504045 0
      vertex 12.206316067504885 7.530750938091074 1.5
      vertex 11.917657148519329 7.4733331091504045 1.5
    endloop
  endfacet
  facet normal 0.0654031292301422 -0.9978589232386036 0
    outer loop
      vertex 12.206316067504885 7.530750938091074 0
      vertex 12.5 7.550000000000001 1.5
      vertex 12.206316067504885 7.530750938091074 1.5
    endloop
  endfacet
  facet normal -0.0654031292301437 0.9978589232386035 0
    outer loop
      vertex 12.5 3.0500000000000007 0
      vertex 12.5 3.0500000000000007 1.5
      vertex 12.793683932495115 3.0692490619089274 0
    endloop
  endfacet
  facet normal -0.1950903220161271 0.9807852804032307 0
    outer loop
      vertex 12.793683932495115 3.0692490619089274 0
      vertex 12.793683932495115 3.0692490619089274 1.5
      vertex 13.082342851480671 3.126666890849597 0
    endloop
  endfacet
  facet normal -0.0654031292301437 0.9978589232386035 0
    outer loop
      vertex 12.793683932495115 3.0692490619089274 0
      vertex 12.5 3.0500000000000007 1.5
      vertex 12.793683932495115 3.0692490619089274 1.5
    endloop
  endfacet
  facet normal -0.1950903220161271 0.9807852804032307 -5.216409279781454e-19
    outer loop
      vertex 12.793683932495115 3.0692490619089274 1.5
      vertex 13.082342851480671 3.126666890849597 1.5
      vertex 13.082342851480671 3.126666890849597 0
    endloop
  endfacet
  facet normal -0.32143946530316225 0.9469301294951054 0
    outer loop
      vertex 13.082342851480671 3.126666890849597 0
      vertex 13.082342851480671 3.126666890849597 1.5
      vertex 13.361037722821452 3.2212710518496057 0
    endloop
  endfacet
  facet normal -0.32143946530316225 0.9469301294951054 4.438516438343242e-19
    outer loop
      vertex 13.082342851480671 3.126666890849597 1.5
      vertex 13.361037722821452 3.2212710518496057 1.5
      vertex 13.361037722821452 3.2212710518496057 0
    endloop
  endfacet
  facet normal -0.4422886902190007 0.8968727415326886 0
    outer loop
      vertex 13.361037722821452 3.2212710518496057 0
      vertex 13.361037722821452 3.2212710518496057 1.5
      vertex 13.625 3.3514428414850137 0
    endloop
  endfacet
  facet normal -0.5555702330196022 0.8314696123025453 0
    outer loop
      vertex 13.625 3.3514428414850137 0
      vertex 13.625 3.3514428414850137 1.5
      vertex 13.869713215269622 3.5149549843447216 0
    endloop
  endfacet
  facet normal -0.6593458151000676 0.7518398074789785 0
    outer loop
      vertex 13.869713215269622 3.5149549843447216 0
      vertex 13.869713215269622 3.5149549843447216 1.5
      vertex 14.090990257669732 3.7090097423302684 0
    endloop
  endfacet
  facet normal -0.4422886902190007 0.8968727415326886 0
    outer loop
      vertex 13.625 3.3514428414850137 0
      vertex 13.361037722821452 3.2212710518496057 1.5
      vertex 13.625 3.3514428414850137 1.5
    endloop
  endfacet
  facet normal -0.5555702330196022 0.8314696123025453 0
    outer loop
      vertex 13.869713215269622 3.5149549843447216 0
      vertex 13.625 3.3514428414850137 1.5
      vertex 13.869713215269622 3.5149549843447216 1.5
    endloop
  endfacet
  facet normal -0.6593458151000676 0.7518398074789785 -1.771463620656607e-18
    outer loop
      vertex 13.869713215269622 3.5149549843447216 1.5
      vertex 14.090990257669732 3.7090097423302684 1.5
      vertex 14.090990257669732 3.7090097423302684 0
    endloop
  endfacet
  facet normal -0.75183980747898 0.659345815100066 0
    outer loop
      vertex 14.090990257669732 3.7090097423302684 0
      vertex 14.090990257669732 3.7090097423302684 1.5
      vertex 14.285045015655278 3.930286784730379 0
    endloop
  endfacet
  facet normal -0.75183980747898 0.659345815100066 -6.85552101887235e-18
    outer loop
      vertex 14.090990257669732 3.7090097423302684 1.5
      vertex 14.285045015655278 3.930286784730379 1.5
      vertex 14.285045015655278 3.930286784730379 0
    endloop
  endfacet
  facet normal -0.8314696123025439 0.5555702330196042 0
    outer loop
      vertex 14.285045015655278 3.930286784730379 0
      vertex 14.285045015655278 3.930286784730379 1.5
      vertex 14.448557158514987 4.175000000000001 0
    endloop
  endfacet
  facet normal -0.896872741532688 0.4422886902190019 0
    outer loop
      vertex 14.448557158514987 4.175000000000001 0
      vertex 14.448557158514987 4.175000000000001 1.5
      vertex 14.578728948150395 4.438962277178549 0
    endloop
  endfacet
  facet normal -0.9469301294951059 0.3214394653031609 0
    outer loop
      vertex 14.578728948150395 4.438962277178549 0
      vertex 14.578728948150395 4.438962277178549 1.5
      vertex 14.673333109150404 4.717657148519329 0
    endloop
  endfacet
  facet normal -0.8314696123025439 0.5555702330196042 0
    outer loop
      vertex 14.448557158514987 4.175000000000001 0
      vertex 14.285045015655278 3.930286784730379 1.5
      vertex 14.448557158514987 4.175000000000001 1.5
    endloop
  endfacet
  facet normal -0.896872741532688 0.4422886902190019 0
    outer loop
      vertex 14.578728948150395 4.438962277178549 0
      vertex 14.448557158514987 4.175000000000001 1.5
      vertex 14.578728948150395 4.438962277178549 1.5
    endloop
  endfacet
  facet normal -0.9469301294951059 0.3214394653031609 3.014133163987716e-18
    outer loop
      vertex 14.578728948150395 4.438962277178549 1.5
      vertex 14.673333109150404 4.717657148519329 1.5
      vertex 14.673333109150404 4.717657148519329 0
    endloop
  endfacet
  facet normal -0.9807852804032303 0.19509032201612914 0
    outer loop
      vertex 14.673333109150404 4.717657148519329 0
      vertex 14.673333109150404 4.717657148519329 1.5
      vertex 14.730750938091074 5.006316067504884 0
    endloop
  endfacet
  facet normal -0.9978589232386035 0.065403129230142 0
    outer loop
      vertex 14.730750938091074 5.006316067504884 0
      vertex 14.730750938091074 5.006316067504884 1.5
      vertex 14.75 5.300000000000001 0
    endloop
  endfacet
  facet normal -0.9978589232386035 -0.065403129230142 0
    outer loop
      vertex 14.75 5.300000000000001 0
      vertex 14.75 5.300000000000001 1.5
      vertex 14.730750938091074 5.593683932495117 0
    endloop
  endfacet
  facet normal -0.9807852804032303 0.19509032201612914 0
    outer loop
      vertex 14.730750938091074 5.006316067504884 0
      vertex 14.673333109150404 4.717657148519329 1.5
      vertex 14.730750938091074 5.006316067504884 1.5
    endloop
  endfacet
  facet normal -0.9978589232386035 0.065403129230142 0
    outer loop
      vertex 14.75 5.300000000000001 0
      vertex 14.730750938091074 5.006316067504884 1.5
      vertex 14.75 5.300000000000001 1.5
    endloop
  endfacet
  facet normal -0.9807852804032303 -0.19509032201612914 0
    outer loop
      vertex 14.730750938091074 5.593683932495117 0
      vertex 14.730750938091074 5.593683932495117 1.5
      vertex 14.673333109150404 5.882342851480672 0
    endloop
  endfacet
  facet normal -0.9469301294951059 -0.3214394653031609 -3.014133163987716e-18
    outer loop
      vertex 14.578728948150395 6.161037722821453 0
      vertex 14.673333109150404 5.882342851480672 0
      vertex 14.673333109150404 5.882342851480672 1.5
    endloop
  endfacet
  facet normal -0.896872741532688 -0.4422886902190019 0
    outer loop
      vertex 14.578728948150395 6.161037722821453 0
      vertex 14.578728948150395 6.161037722821453 1.5
      vertex 14.448557158514987 6.425000000000001 0
    endloop
  endfacet
  facet normal -0.9978589232386035 -0.065403129230142 8.403908091009317e-19
    outer loop
      vertex 14.75 5.300000000000001 1.5
      vertex 14.730750938091074 5.593683932495117 1.5
      vertex 14.730750938091074 5.593683932495117 0
    endloop
  endfacet
  facet normal -0.9807852804032303 -0.19509032201612914 0
    outer loop
      vertex 14.673333109150404 5.882342851480672 0
      vertex 14.730750938091074 5.593683932495117 1.5
      vertex 14.673333109150404 5.882342851480672 1.5
    endloop
  endfacet
  facet normal -0.9469301294951059 -0.3214394653031609 0
    outer loop
      vertex 14.578728948150395 6.161037722821453 0
      vertex 14.673333109150404 5.882342851480672 1.5
      vertex 14.578728948150395 6.161037722821453 1.5
    endloop
  endfacet
  facet normal -0.0654031292301422 -0.9978589232386036 2.726676668026975e-19
    outer loop
      vertex 12.5 7.550000000000001 0
      vertex 12.793683932495115 7.530750938091074 0
      vertex 12.793683932495115 7.530750938091074 1.5
    endloop
  endfacet
  facet normal -0.3214394653031609 -0.9469301294951059 -3.014133163987716e-18
    outer loop
      vertex 13.082342851480671 7.4733331091504045 0
      vertex 13.361037722821452 7.378728948150396 0
      vertex 13.361037722821452 7.378728948150396 1.5
    endloop
  endfacet
  facet normal -0.19509032201612858 -0.9807852804032304 9.276153275714722e-19
    outer loop
      vertex 12.793683932495115 7.530750938091074 0
      vertex 13.082342851480671 7.4733331091504045 0
      vertex 13.082342851480671 7.4733331091504045 1.5
    endloop
  endfacet
  facet normal -0.0654031292301422 -0.9978589232386036 0
    outer loop
      vertex 12.5 7.550000000000001 0
      vertex 12.793683932495115 7.530750938091074 1.5
      vertex 12.5 7.550000000000001 1.5
    endloop
  endfacet
  facet normal -0.19509032201612858 -0.9807852804032304 0
    outer loop
      vertex 12.793683932495115 7.530750938091074 0
      vertex 13.082342851480671 7.4733331091504045 1.5
      vertex 12.793683932495115 7.530750938091074 1.5
    endloop
  endfacet
  facet normal -0.3214394653031609 -0.9469301294951059 0
    outer loop
      vertex 13.082342851480671 7.4733331091504045 0
      vertex 13.361037722821452 7.378728948150396 1.5
      vertex 13.082342851480671 7.4733331091504045 1.5
    endloop
  endfacet
  facet normal -0.6593458151000676 -0.7518398074789785 1.771463620656607e-18
    outer loop
      vertex 13.869713215269622 7.08504501565528 0
      vertex 14.090990257669732 6.890990257669733 0
      vertex 14.090990257669732 6.890990257669733 1.5
    endloop
  endfacet
  facet normal -0.6593458151000676 -0.7518398074789785 0
    outer loop
      vertex 13.869713215269622 7.08504501565528 0
      vertex 14.090990257669732 6.890990257669733 1.5
      vertex 13.869713215269622 7.08504501565528 1.5
    endloop
  endfacet
  facet normal -0.4422886902190019 -0.896872741532688 4.022584942911772e-18
    outer loop
      vertex 13.361037722821452 7.378728948150396 0
      vertex 13.625 7.248557158514988 0
      vertex 13.625 7.248557158514988 1.5
    endloop
  endfacet
  facet normal -0.5555702330196022 -0.8314696123025453 5.338144448344945e-19
    outer loop
      vertex 13.625 7.248557158514988 0
      vertex 13.869713215269622 7.08504501565528 0
      vertex 13.869713215269622 7.08504501565528 1.5
    endloop
  endfacet
  facet normal -0.4422886902190019 -0.896872741532688 0
    outer loop
      vertex 13.361037722821452 7.378728948150396 0
      vertex 13.625 7.248557158514988 1.5
      vertex 13.361037722821452 7.378728948150396 1.5
    endloop
  endfacet
  facet normal -0.5555702330196022 -0.8314696123025453 0
    outer loop
      vertex 13.625 7.248557158514988 0
      vertex 13.869713215269622 7.08504501565528 1.5
      vertex 13.625 7.248557158514988 1.5
    endloop
  endfacet
  facet normal -0.8314696123025439 -0.5555702330196042 0
    outer loop
      vertex 14.448557158514987 6.425000000000001 0
      vertex 14.448557158514987 6.425000000000001 1.5
      vertex 14.285045015655278 6.669713215269622 0
    endloop
  endfacet
  facet normal -0.75183980747898 -0.659345815100066 6.85552101887235e-18
    outer loop
      vertex 14.090990257669732 6.890990257669733 0
      vertex 14.285045015655278 6.669713215269622 0
      vertex 14.285045015655278 6.669713215269622 1.5
    endloop
  endfacet
  facet normal -0.8314696123025439 -0.5555702330196042 0
    outer loop
      vertex 14.285045015655278 6.669713215269622 0
      vertex 14.448557158514987 6.425000000000001 1.5
      vertex 14.285045015655278 6.669713215269622 1.5
    endloop
  endfacet
  facet normal -0.75183980747898 -0.659345815100066 0
    outer loop
      vertex 14.090990257669732 6.890990257669733 0
      vertex 14.285045015655278 6.669713215269622 1.5
      vertex 14.090990257669732 6.890990257669733 1.5
    endloop
  endfacet
  facet normal -0.896872741532688 -0.4422886902190019 4.022584942911772e-18
    outer loop
      vertex 14.578728948150395 6.161037722821453 1.5
      vertex 14.448557158514987 6.425000000000001 1.5
      vertex 14.448557158514987 6.425000000000001 0
    endloop
  endfacet
  facet normal 0.7518398074789785 0.6593458151000676 1.771463620656607e-18
    outer loop
      vertex 5.409009742330268 9.209009742330268 0
      vertex 5.214954984344721 9.430286784730379 0
      vertex 5.214954984344721 9.430286784730379 1.5
    endloop
  endfacet
  facet normal 0.7518398074789785 0.6593458151000676 0
    outer loop
      vertex 5.409009742330268 9.209009742330268 0
      vertex 5.214954984344721 9.430286784730379 1.5
      vertex 5.409009742330268 9.209009742330268 1.5
    endloop
  endfacet
  facet normal 0.5555702330196042 0.8314696123025439 0
    outer loop
      vertex 5.630286784730378 9.014954984344723 0
      vertex 5.630286784730378 9.014954984344723 1.5
      vertex 5.875 8.851442841485014 0
    endloop
  endfacet
  facet normal 0.659345815100066 0.75183980747898 0
    outer loop
      vertex 5.409009742330268 9.209009742330268 0
      vertex 5.409009742330268 9.209009742330268 1.5
      vertex 5.630286784730378 9.014954984344723 0
    endloop
  endfacet
  facet normal 0.4422886902190019 0.896872741532688 0
    outer loop
      vertex 5.875 8.851442841485014 0
      vertex 5.875 8.851442841485014 1.5
      vertex 6.138962277178548 8.721271051849605 0
    endloop
  endfacet
  facet normal 0.3214394653031609 0.9469301294951059 0
    outer loop
      vertex 6.138962277178548 8.721271051849605 0
      vertex 6.138962277178548 8.721271051849605 1.5
      vertex 6.417657148519329 8.626666890849597 0
    endloop
  endfacet
  facet normal 0.5555702330196042 0.8314696123025439 0
    outer loop
      vertex 5.875 8.851442841485014 0
      vertex 5.630286784730378 9.014954984344723 1.5
      vertex 5.875 8.851442841485014 1.5
    endloop
  endfacet
  facet normal 0.659345815100066 0.75183980747898 6.85552101887235e-18
    outer loop
      vertex 5.409009742330268 9.209009742330268 1.5
      vertex 5.630286784730378 9.014954984344723 1.5
      vertex 5.630286784730378 9.014954984344723 0
    endloop
  endfacet
  facet normal 0.4422886902190019 0.896872741532688 0
    outer loop
      vertex 6.138962277178548 8.721271051849605 0
      vertex 5.875 8.851442841485014 1.5
      vertex 6.138962277178548 8.721271051849605 1.5
    endloop
  endfacet
  facet normal 0.9469301294951059 0.3214394653031609 -3.014133163987716e-18
    outer loop
      vertex 4.921271051849605 9.938962277178549 0
      vertex 4.826666890849596 10.21765714851933 0
      vertex 4.826666890849596 10.21765714851933 1.5
    endloop
  endfacet
  facet normal 0.896872741532688 0.4422886902190019 4.022584942911772e-18
    outer loop
      vertex 5.051442841485013 9.675 0
      vertex 4.921271051849605 9.938962277178549 0
      vertex 4.921271051849605 9.938962277178549 1.5
    endloop
  endfacet
  facet normal 0.8314696123025453 0.5555702330196022 0
    outer loop
      vertex 5.051442841485013 9.675 0
      vertex 5.051442841485013 9.675 1.5
      vertex 5.214954984344721 9.430286784730379 0
    endloop
  endfacet
  facet normal 0.896872741532688 0.4422886902190019 0
    outer loop
      vertex 5.051442841485013 9.675 0
      vertex 4.921271051849605 9.938962277178549 1.5
      vertex 5.051442841485013 9.675 1.5
    endloop
  endfacet
  facet normal 0.9469301294951059 0.3214394653031609 0
    outer loop
      vertex 4.921271051849605 9.938962277178549 0
      vertex 4.826666890849596 10.21765714851933 1.5
      vertex 4.921271051849605 9.938962277178549 1.5
    endloop
  endfacet
  facet normal 0.8314696123025453 0.5555702330196022 0
    outer loop
      vertex 5.214954984344721 9.430286784730379 0
      vertex 5.051442841485013 9.675 1.5
      vertex 5.214954984344721 9.430286784730379 1.5
    endloop
  endfacet
  facet normal 0.9807852804032304 0.19509032201612858 9.276153275714722e-19
    outer loop
      vertex 4.826666890849596 10.21765714851933 0
      vertex 4.769249061908926 10.506316067504885 0
      vertex 4.769249061908926 10.506316067504885 1.5
    endloop
  endfacet
  facet normal 0.9978589232386036 0.0654031292301422 2.726676668026975e-19
    outer loop
      vertex 4.769249061908926 10.506316067504885 0
      vertex 4.75 10.8 0
      vertex 4.75 10.8 1.5
    endloop
  endfacet
  facet normal 0.9807852804032304 0.19509032201612858 0
    outer loop
      vertex 4.826666890849596 10.21765714851933 0
      vertex 4.769249061908926 10.506316067504885 1.5
      vertex 4.826666890849596 10.21765714851933 1.5
    endloop
  endfacet
  facet normal 0.9978589232386036 0.0654031292301422 0
    outer loop
      vertex 4.769249061908926 10.506316067504885 0
      vertex 4.75 10.8 1.5
      vertex 4.769249061908926 10.506316067504885 1.5
    endloop
  endfacet
  facet normal 0.9978589232386036 -0.0654031292301422 0
    outer loop
      vertex 4.75 10.8 0
      vertex 4.769249061908926 11.093683932495116 1.5
      vertex 4.75 10.8 1.5
    endloop
  endfacet
  facet normal 0.9978589232386036 -0.0654031292301422 -2.726676668026975e-19
    outer loop
      vertex 4.75 10.8 0
      vertex 4.769249061908926 11.093683932495116 0
      vertex 4.769249061908926 11.093683932495116 1.5
    endloop
  endfacet
  facet normal 0.9807852804032304 -0.19509032201612858 -9.276153275714722e-19
    outer loop
      vertex 4.769249061908926 11.093683932495116 0
      vertex 4.826666890849596 11.382342851480672 0
      vertex 4.826666890849596 11.382342851480672 1.5
    endloop
  endfacet
  facet normal 0.9469301294951059 -0.3214394653031609 3.014133163987716e-18
    outer loop
      vertex 4.826666890849596 11.382342851480672 0
      vertex 4.921271051849605 11.661037722821453 0
      vertex 4.921271051849605 11.661037722821453 1.5
    endloop
  endfacet
  facet normal 0.9807852804032304 -0.19509032201612858 0
    outer loop
      vertex 4.769249061908926 11.093683932495116 0
      vertex 4.826666890849596 11.382342851480672 1.5
      vertex 4.769249061908926 11.093683932495116 1.5
    endloop
  endfacet
  facet normal 0.9469301294951059 -0.3214394653031609 0
    outer loop
      vertex 4.826666890849596 11.382342851480672 0
      vertex 4.921271051849605 11.661037722821453 1.5
      vertex 4.826666890849596 11.382342851480672 1.5
    endloop
  endfacet
  facet normal 0.896872741532688 -0.4422886902190019 -4.022584942911772e-18
    outer loop
      vertex 4.921271051849605 11.661037722821453 0
      vertex 5.051442841485013 11.925 0
      vertex 5.051442841485013 11.925 1.5
    endloop
  endfacet
  facet normal 0.8314696123025453 -0.5555702330196022 -5.338144448344945e-19
    outer loop
      vertex 5.051442841485013 11.925 0
      vertex 5.214954984344721 12.169713215269622 0
      vertex 5.214954984344721 12.169713215269622 1.5
    endloop
  endfacet
  facet normal 0.7518398074789785 -0.6593458151000676 -1.771463620656607e-18
    outer loop
      vertex 5.214954984344721 12.169713215269622 0
      vertex 5.409009742330268 12.390990257669733 0
      vertex 5.409009742330268 12.390990257669733 1.5
    endloop
  endfacet
  facet normal 0.896872741532688 -0.4422886902190019 0
    outer loop
      vertex 4.921271051849605 11.661037722821453 0
      vertex 5.051442841485013 11.925 1.5
      vertex 4.921271051849605 11.661037722821453 1.5
    endloop
  endfacet
  facet normal 0.8314696123025453 -0.5555702330196022 0
    outer loop
      vertex 5.051442841485013 11.925 0
      vertex 5.214954984344721 12.169713215269622 1.5
      vertex 5.051442841485013 11.925 1.5
    endloop
  endfacet
  facet normal 0.7518398074789785 -0.6593458151000676 0
    outer loop
      vertex 5.214954984344721 12.169713215269622 0
      vertex 5.409009742330268 12.390990257669733 1.5
      vertex 5.214954984344721 12.169713215269622 1.5
    endloop
  endfacet
  facet normal 0.659345815100066 -0.75183980747898 0
    outer loop
      vertex 5.409009742330268 12.390990257669733 0
      vertex 5.630286784730378 12.585045015655279 1.5
      vertex 5.409009742330268 12.390990257669733 1.5
    endloop
  endfacet
  facet normal 0.065403129230142 0.9978589232386035 0
    outer loop
      vertex 6.706316067504884 8.569249061908927 0
      vertex 6.706316067504884 8.569249061908927 1.5
      vertex 7 8.55 0
    endloop
  endfacet
  facet normal 0.19509032201612914 0.9807852804032303 0
    outer loop
      vertex 6.706316067504884 8.569249061908927 0
      vertex 6.417657148519329 8.626666890849597 1.5
      vertex 6.706316067504884 8.569249061908927 1.5
    endloop
  endfacet
  facet normal 0.065403129230142 0.9978589232386035 0
    outer loop
      vertex 7 8.55 0
      vertex 6.706316067504884 8.569249061908927 1.5
      vertex 7 8.55 1.5
    endloop
  endfacet
  facet normal 0.19509032201612914 0.9807852804032303 -1.4381740874153118e-18
    outer loop
      vertex 6.706316067504884 8.569249061908927 0
      vertex 6.417657148519329 8.626666890849597 0
      vertex 6.417657148519329 8.626666890849597 1.5
    endloop
  endfacet
  facet normal 0.3214394653031609 0.9469301294951059 -3.014133163987716e-18
    outer loop
      vertex 6.138962277178548 8.721271051849605 1.5
      vertex 6.417657148519329 8.626666890849597 1.5
      vertex 6.417657148519329 8.626666890849597 0
    endloop
  endfacet
  facet normal -0.065403129230142 0.9978589232386035 0
    outer loop
      vertex 7 8.55 0
      vertex 7 8.55 1.5
      vertex 7.293683932495116 8.569249061908927 0
    endloop
  endfacet
  facet normal -0.19509032201612914 0.9807852804032303 0
    outer loop
      vertex 7.293683932495116 8.569249061908927 0
      vertex 7.293683932495116 8.569249061908927 1.5
      vertex 7.582342851480671 8.626666890849597 0
    endloop
  endfacet
  facet normal -0.065403129230142 0.9978589232386035 -8.403908091009317e-19
    outer loop
      vertex 7 8.55 1.5
      vertex 7.293683932495116 8.569249061908927 1.5
      vertex 7.293683932495116 8.569249061908927 0
    endloop
  endfacet
  facet normal -0.3214394653031609 0.9469301294951059 0
    outer loop
      vertex 7.582342851480671 8.626666890849597 0
      vertex 7.582342851480671 8.626666890849597 1.5
      vertex 7.861037722821452 8.721271051849605 0
    endloop
  endfacet
  facet normal -0.19509032201612914 0.9807852804032303 1.4381740874153118e-18
    outer loop
      vertex 7.293683932495116 8.569249061908927 1.5
      vertex 7.582342851480671 8.626666890849597 1.5
      vertex 7.582342851480671 8.626666890849597 0
    endloop
  endfacet
  facet normal -0.3214394653031609 0.9469301294951059 3.014133163987716e-18
    outer loop
      vertex 7.582342851480671 8.626666890849597 1.5
      vertex 7.861037722821452 8.721271051849605 1.5
      vertex 7.861037722821452 8.721271051849605 0
    endloop
  endfacet
  facet normal -0.4422886902190019 0.896872741532688 0
    outer loop
      vertex 7.861037722821452 8.721271051849605 0
      vertex 7.861037722821452 8.721271051849605 1.5
      vertex 8.125 8.851442841485014 0
    endloop
  endfacet
  facet normal -0.5555702330196042 0.8314696123025439 0
    outer loop
      vertex 8.125 8.851442841485014 0
      vertex 8.125 8.851442841485014 1.5
      vertex 8.369713215269622 9.014954984344723 0
    endloop
  endfacet
  facet normal -0.659345815100066 0.75183980747898 0
    outer loop
      vertex 8.369713215269622 9.014954984344723 0
      vertex 8.369713215269622 9.014954984344723 1.5
      vertex 8.590990257669732 9.209009742330268 0
    endloop
  endfacet
  facet normal -0.4422886902190019 0.896872741532688 0
    outer loop
      vertex 8.125 8.851442841485014 0
      vertex 7.861037722821452 8.721271051849605 1.5
      vertex 8.125 8.851442841485014 1.5
    endloop
  endfacet
  facet normal -0.5555702330196042 0.8314696123025439 0
    outer loop
      vertex 8.369713215269622 9.014954984344723 0
      vertex 8.125 8.851442841485014 1.5
      vertex 8.369713215269622 9.014954984344723 1.5
    endloop
  endfacet
  facet normal -0.659345815100066 0.75183980747898 0
    outer loop
      vertex 8.590990257669732 9.209009742330268 0
      vertex 8.369713215269622 9.014954984344723 1.5
      vertex 8.590990257669732 9.209009742330268 1.5
    endloop
  endfacet
  facet normal -0.75183980747898 0.659345815100066 0
    outer loop
      vertex 8.590990257669732 9.209009742330268 0
      vertex 8.590990257669732 9.209009742330268 1.5
      vertex 8.785045015655278 9.430286784730379 0
    endloop
  endfacet
  facet normal -0.75183980747898 0.659345815100066 -6.85552101887235e-18
    outer loop
      vertex 8.590990257669732 9.209009742330268 1.5
      vertex 8.785045015655278 9.430286784730379 1.5
      vertex 8.785045015655278 9.430286784730379 0
    endloop
  endfacet
  facet normal -0.8314696123025439 0.5555702330196042 0
    outer loop
      vertex 8.785045015655278 9.430286784730379 0
      vertex 8.785045015655278 9.430286784730379 1.5
      vertex 8.948557158514987 9.675 0
    endloop
  endfacet
  facet normal -0.896872741532688 0.4422886902190019 0
    outer loop
      vertex 8.948557158514987 9.675 0
      vertex 8.948557158514987 9.675 1.5
      vertex 9.078728948150395 9.938962277178549 0
    endloop
  endfacet
  facet normal -0.9469301294951059 0.3214394653031609 0
    outer loop
      vertex 9.078728948150395 9.938962277178549 0
      vertex 9.078728948150395 9.938962277178549 1.5
      vertex 9.173333109150404 10.21765714851933 0
    endloop
  endfacet
  facet normal -0.8314696123025439 0.5555702330196042 0
    outer loop
      vertex 8.948557158514987 9.675 0
      vertex 8.785045015655278 9.430286784730379 1.5
      vertex 8.948557158514987 9.675 1.5
    endloop
  endfacet
  facet normal -0.896872741532688 0.4422886902190019 0
    outer loop
      vertex 9.078728948150395 9.938962277178549 0
      vertex 8.948557158514987 9.675 1.5
      vertex 9.078728948150395 9.938962277178549 1.5
    endloop
  endfacet
  facet normal -0.9469301294951059 0.3214394653031609 3.014133163987716e-18
    outer loop
      vertex 9.078728948150395 9.938962277178549 1.5
      vertex 9.173333109150404 10.21765714851933 1.5
      vertex 9.173333109150404 10.21765714851933 0
    endloop
  endfacet
  facet normal -0.9807852804032304 0.19509032201612858 0
    outer loop
      vertex 9.173333109150404 10.21765714851933 0
      vertex 9.173333109150404 10.21765714851933 1.5
      vertex 9.230750938091074 10.506316067504885 0
    endloop
  endfacet
  facet normal -0.9978589232386036 0.0654031292301422 0
    outer loop
      vertex 9.230750938091074 10.506316067504885 0
      vertex 9.230750938091074 10.506316067504885 1.5
      vertex 9.25 10.8 0
    endloop
  endfacet
  facet normal -0.9978589232386036 -0.0654031292301422 0
    outer loop
      vertex 9.25 10.8 0
      vertex 9.25 10.8 1.5
      vertex 9.230750938091074 11.093683932495116 0
    endloop
  endfacet
  facet normal -0.9807852804032304 0.19509032201612858 0
    outer loop
      vertex 9.230750938091074 10.506316067504885 0
      vertex 9.173333109150404 10.21765714851933 1.5
      vertex 9.230750938091074 10.506316067504885 1.5
    endloop
  endfacet
  facet normal -0.9978589232386036 0.0654031292301422 0
    outer loop
      vertex 9.25 10.8 0
      vertex 9.230750938091074 10.506316067504885 1.5
      vertex 9.25 10.8 1.5
    endloop
  endfacet
  facet normal -0.659345815100066 -0.75183980747898 0
    outer loop
      vertex 8.590990257669732 12.390990257669733 0
      vertex 8.590990257669732 12.390990257669733 1.5
      vertex 8.369713215269622 12.585045015655279 0
    endloop
  endfacet
  facet normal -0.9807852804032304 -0.19509032201612858 0
    outer loop
      vertex 9.230750938091074 11.093683932495116 0
      vertex 9.230750938091074 11.093683932495116 1.5
      vertex 9.173333109150404 11.382342851480672 0
    endloop
  endfacet
  facet normal -0.9469301294951059 -0.3214394653031609 0
    outer loop
      vertex 9.173333109150404 11.382342851480672 0
      vertex 9.173333109150404 11.382342851480672 1.5
      vertex 9.078728948150395 11.661037722821453 0
    endloop
  endfacet
  facet normal -0.9978589232386036 -0.0654031292301422 2.726676668026975e-19
    outer loop
      vertex 9.25 10.8 1.5
      vertex 9.230750938091074 11.093683932495116 1.5
      vertex 9.230750938091074 11.093683932495116 0
    endloop
  endfacet
  facet normal -0.9807852804032304 -0.19509032201612858 0
    outer loop
      vertex 9.173333109150404 11.382342851480672 0
      vertex 9.230750938091074 11.093683932495116 1.5
      vertex 9.173333109150404 11.382342851480672 1.5
    endloop
  endfacet
  facet normal -0.9469301294951059 -0.3214394653031609 0
    outer loop
      vertex 9.078728948150395 11.661037722821453 0
      vertex 9.173333109150404 11.382342851480672 1.5
      vertex 9.078728948150395 11.661037722821453 1.5
    endloop
  endfacet
  facet normal -0.8314696123025439 -0.5555702330196042 0
    outer loop
      vertex 8.948557158514987 11.925 0
      vertex 8.948557158514987 11.925 1.5
      vertex 8.785045015655278 12.169713215269622 0
    endloop
  endfacet
  facet normal -0.75183980747898 -0.659345815100066 6.85552101887235e-18
    outer loop
      vertex 8.590990257669732 12.390990257669733 0
      vertex 8.785045015655278 12.169713215269622 0
      vertex 8.785045015655278 12.169713215269622 1.5
    endloop
  endfacet
  facet normal -0.896872741532688 -0.4422886902190019 0
    outer loop
      vertex 9.078728948150395 11.661037722821453 0
      vertex 9.078728948150395 11.661037722821453 1.5
      vertex 8.948557158514987 11.925 0
    endloop
  endfacet
  facet normal -0.8314696123025439 -0.5555702330196042 0
    outer loop
      vertex 8.785045015655278 12.169713215269622 0
      vertex 8.948557158514987 11.925 1.5
      vertex 8.785045015655278 12.169713215269622 1.5
    endloop
  endfacet
  facet normal -0.75183980747898 -0.659345815100066 0
    outer loop
      vertex 8.590990257669732 12.390990257669733 0
      vertex 8.785045015655278 12.169713215269622 1.5
      vertex 8.590990257669732 12.390990257669733 1.5
    endloop
  endfacet
  facet normal -0.896872741532688 -0.4422886902190019 4.022584942911772e-18
    outer loop
      vertex 9.078728948150395 11.661037722821453 1.5
      vertex 8.948557158514987 11.925 1.5
      vertex 8.948557158514987 11.925 0
    endloop
  endfacet
  facet normal 0.659345815100066 -0.75183980747898 -6.85552101887235e-18
    outer loop
      vertex 5.409009742330268 12.390990257669733 0
      vertex 5.630286784730378 12.585045015655279 0
      vertex 5.630286784730378 12.585045015655279 1.5
    endloop
  endfacet
  facet normal 0.5555702330196042 -0.8314696123025439 4.547572951650737e-18
    outer loop
      vertex 5.630286784730378 12.585045015655279 0
      vertex 5.875 12.748557158514988 0
      vertex 5.875 12.748557158514988 1.5
    endloop
  endfacet
  facet normal 0.4422886902190019 -0.896872741532688 -4.022584942911772e-18
    outer loop
      vertex 5.875 12.748557158514988 0
      vertex 6.138962277178548 12.878728948150396 0
      vertex 6.138962277178548 12.878728948150396 1.5
    endloop
  endfacet
  facet normal 0.5555702330196042 -0.8314696123025439 0
    outer loop
      vertex 5.630286784730378 12.585045015655279 0
      vertex 5.875 12.748557158514988 1.5
      vertex 5.630286784730378 12.585045015655279 1.5
    endloop
  endfacet
  facet normal 0.4422886902190019 -0.896872741532688 0
    outer loop
      vertex 5.875 12.748557158514988 0
      vertex 6.138962277178548 12.878728948150396 1.5
      vertex 5.875 12.748557158514988 1.5
    endloop
  endfacet
  facet normal 0.3214394653031609 -0.9469301294951059 0
    outer loop
      vertex 6.138962277178548 12.878728948150396 0
      vertex 6.417657148519329 12.973333109150404 1.5
      vertex 6.138962277178548 12.878728948150396 1.5
    endloop
  endfacet
  facet normal 0.3214394653031609 -0.9469301294951059 3.014133163987716e-18
    outer loop
      vertex 6.138962277178548 12.878728948150396 0
      vertex 6.417657148519329 12.973333109150404 0
      vertex 6.417657148519329 12.973333109150404 1.5
    endloop
  endfacet
  facet normal 0.19509032201612914 -0.9807852804032303 1.4381740874153118e-18
    outer loop
      vertex 6.417657148519329 12.973333109150404 0
      vertex 6.706316067504884 13.030750938091074 0
      vertex 6.706316067504884 13.030750938091074 1.5
    endloop
  endfacet
  facet normal 0.065403129230142 -0.9978589232386035 -8.403908091009317e-19
    outer loop
      vertex 6.706316067504884 13.030750938091074 0
      vertex 7 13.05 0
      vertex 7 13.05 1.5
    endloop
  endfacet
  facet normal 0.19509032201612914 -0.9807852804032303 0
    outer loop
      vertex 6.417657148519329 12.973333109150404 0
      vertex 6.706316067504884 13.030750938091074 1.5
      vertex 6.417657148519329 12.973333109150404 1.5
    endloop
  endfacet
  facet normal 0.065403129230142 -0.9978589232386035 0
    outer loop
      vertex 6.706316067504884 13.030750938091074 0
      vertex 7 13.05 1.5
      vertex 6.706316067504884 13.030750938091074 1.5
    endloop
  endfacet
  facet normal -0.065403129230142 -0.9978589232386035 8.403908091009317e-19
    outer loop
      vertex 7 13.05 0
      vertex 7.293683932495116 13.030750938091074 0
      vertex 7.293683932495116 13.030750938091074 1.5
    endloop
  endfacet
  facet normal -0.19509032201612914 -0.9807852804032303 -1.4381740874153118e-18
    outer loop
      vertex 7.293683932495116 13.030750938091074 0
      vertex 7.582342851480671 12.973333109150404 0
      vertex 7.582342851480671 12.973333109150404 1.5
    endloop
  endfacet
  facet normal -0.3214394653031609 -0.9469301294951059 -3.014133163987716e-18
    outer loop
      vertex 7.582342851480671 12.973333109150404 0
      vertex 7.861037722821452 12.878728948150396 0
      vertex 7.861037722821452 12.878728948150396 1.5
    endloop
  endfacet
  facet normal -0.065403129230142 -0.9978589232386035 0
    outer loop
      vertex 7 13.05 0
      vertex 7.293683932495116 13.030750938091074 1.5
      vertex 7 13.05 1.5
    endloop
  endfacet
  facet normal -0.19509032201612914 -0.9807852804032303 0
    outer loop
      vertex 7.293683932495116 13.030750938091074 0
      vertex 7.582342851480671 12.973333109150404 1.5
      vertex 7.293683932495116 13.030750938091074 1.5
    endloop
  endfacet
  facet normal -0.3214394653031609 -0.9469301294951059 0
    outer loop
      vertex 7.582342851480671 12.973333109150404 0
      vertex 7.861037722821452 12.878728948150396 1.5
      vertex 7.582342851480671 12.973333109150404 1.5
    endloop
  endfacet
  facet normal -0.4422886902190019 -0.896872741532688 4.022584942911772e-18
    outer loop
      vertex 7.861037722821452 12.878728948150396 0
      vertex 8.125 12.748557158514988 0
      vertex 8.125 12.748557158514988 1.5
    endloop
  endfacet
  facet normal -0.5555702330196042 -0.8314696123025439 -4.547572951650737e-18
    outer loop
      vertex 8.125 12.748557158514988 0
      vertex 8.369713215269622 12.585045015655279 0
      vertex 8.369713215269622 12.585045015655279 1.5
    endloop
  endfacet
  facet normal -0.4422886902190019 -0.896872741532688 0
    outer loop
      vertex 7.861037722821452 12.878728948150396 0
      vertex 8.125 12.748557158514988 1.5
      vertex 7.861037722821452 12.878728948150396 1.5
    endloop
  endfacet
  facet normal -0.5555702330196042 -0.8314696123025439 0
    outer loop
      vertex 8.125 12.748557158514988 0
      vertex 8.369713215269622 12.585045015655279 1.5
      vertex 8.125 12.748557158514988 1.5
    endloop
  endfacet
  facet normal -0.659345815100066 -0.75183980747898 6.85552101887235e-18
    outer loop
      vertex 8.590990257669732 12.390990257669733 1.5
      vertex 8.369713215269622 12.585045015655279 1.5
      vertex 8.369713215269622 12.585045015655279 0
    endloop
  endfacet
  facet normal 0.7518398074789769 0.6593458151000693 -3.3125937775591157e-18
    outer loop
      vertex 16.40900974233027 9.209009742330268 0
      vertex 16.214954984344722 9.430286784730379 0
      vertex 16.214954984344722 9.430286784730379 1.5
    endloop
  endfacet
  facet normal 0.7518398074789769 0.6593458151000693 0
    outer loop
      vertex 16.40900974233027 9.209009742330268 0
      vertex 16.214954984344722 9.430286784730379 1.5
      vertex 16.40900974233027 9.209009742330268 1.5
    endloop
  endfacet
  facet normal 0.5555702330196071 0.831469612302542 0
    outer loop
      vertex 16.63028678473038 9.014954984344723 0
      vertex 16.63028678473038 9.014954984344723 1.5
      vertex 16.875 8.851442841485014 0
    endloop
  endfacet
  facet normal 0.659345815100066 0.75183980747898 0
    outer loop
      vertex 16.40900974233027 9.209009742330268 0
      vertex 16.40900974233027 9.209009742330268 1.5
      vertex 16.63028678473038 9.014954984344723 0
    endloop
  endfacet
  facet normal 0.4422886902189995 0.8968727415326891 0
    outer loop
      vertex 16.875 8.851442841485014 0
      vertex 16.875 8.851442841485014 1.5
      vertex 17.13896227717855 8.721271051849605 0
    endloop
  endfacet
  facet normal 0.5555702330196071 0.831469612302542 0
    outer loop
      vertex 16.875 8.851442841485014 0
      vertex 16.63028678473038 9.014954984344723 1.5
      vertex 16.875 8.851442841485014 1.5
    endloop
  endfacet
  facet normal 0.659345815100066 0.75183980747898 0
    outer loop
      vertex 16.63028678473038 9.014954984344723 0
      vertex 16.40900974233027 9.209009742330268 1.5
      vertex 16.63028678473038 9.014954984344723 1.5
    endloop
  endfacet
  facet normal 0.4422886902189995 0.8968727415326891 0
    outer loop
      vertex 17.13896227717855 8.721271051849605 0
      vertex 16.875 8.851442841485014 1.5
      vertex 17.13896227717855 8.721271051849605 1.5
    endloop
  endfacet
  facet normal 0.06540312923014181 0.9978589232386037 0
    outer loop
      vertex 17.706316067504883 8.569249061908927 0
      vertex 17.706316067504883 8.569249061908927 1.5
      vertex 18 8.55 0
    endloop
  endfacet
  facet normal 0.19509032201612972 0.9807852804032302 0
    outer loop
      vertex 17.706316067504883 8.569249061908927 0
      vertex 17.41765714851933 8.626666890849597 1.5
      vertex 17.706316067504883 8.569249061908927 1.5
    endloop
  endfacet
  facet normal 0.06540312923014181 0.9978589232386037 -5.56593804484763e-19
    outer loop
      vertex 17.706316067504883 8.569249061908927 1.5
      vertex 18 8.55 1.5
      vertex 18 8.55 0
    endloop
  endfacet
  facet normal 0.32143946530316275 0.9469301294951052 0
    outer loop
      vertex 17.13896227717855 8.721271051849605 0
      vertex 17.13896227717855 8.721271051849605 1.5
      vertex 17.41765714851933 8.626666890849597 0
    endloop
  endfacet
  facet normal 0.19509032201612972 0.9807852804032302 -3.80396350240211e-18
    outer loop
      vertex 17.706316067504883 8.569249061908927 0
      vertex 17.41765714851933 8.626666890849597 0
      vertex 17.41765714851933 8.626666890849597 1.5
    endloop
  endfacet
  facet normal 0.32143946530316275 0.9469301294951052 4.227728025837513e-19
    outer loop
      vertex 17.13896227717855 8.721271051849605 1.5
      vertex 17.41765714851933 8.626666890849597 1.5
      vertex 17.41765714851933 8.626666890849597 0
    endloop
  endfacet
  facet normal -0.06540312923014181 0.9978589232386037 0
    outer loop
      vertex 18 8.55 0
      vertex 18 8.55 1.5
      vertex 18.293683932495117 8.569249061908927 0
    endloop
  endfacet
  facet normal -0.19509032201612972 0.9807852804032302 0
    outer loop
      vertex 18.293683932495117 8.569249061908927 0
      vertex 18.293683932495117 8.569249061908927 1.5
      vertex 18.58234285148067 8.626666890849597 0
    endloop
  endfacet
  facet normal -0.06540312923014181 0.9978589232386037 0
    outer loop
      vertex 18.293683932495117 8.569249061908927 0
      vertex 18 8.55 1.5
      vertex 18.293683932495117 8.569249061908927 1.5
    endloop
  endfacet
  facet normal -0.32143946530316275 0.9469301294951052 0
    outer loop
      vertex 18.58234285148067 8.626666890849597 0
      vertex 18.58234285148067 8.626666890849597 1.5
      vertex 18.86103772282145 8.721271051849605 0
    endloop
  endfacet
  facet normal -0.19509032201612972 0.9807852804032302 3.80396350240211e-18
    outer loop
      vertex 18.293683932495117 8.569249061908927 1.5
      vertex 18.58234285148067 8.626666890849597 1.5
      vertex 18.58234285148067 8.626666890849597 0
    endloop
  endfacet
  facet normal 0.896872741532688 0.4422886902190019 0
    outer loop
      vertex 15.921271051849605 9.938962277178549 0
      vertex 15.921271051849605 9.938962277178549 1.5
      vertex 16.051442841485013 9.675 0
    endloop
  endfacet
  facet normal 0.9469301294951059 0.3214394653031609 -3.014133163987716e-18
    outer loop
      vertex 15.921271051849605 9.938962277178549 0
      vertex 15.826666890849596 10.21765714851933 0
      vertex 15.826666890849596 10.21765714851933 1.5
    endloop
  endfacet
  facet normal 0.8314696123025439 0.5555702330196042 0
    outer loop
      vertex 16.051442841485013 9.675 0
      vertex 16.051442841485013 9.675 1.5
      vertex 16.214954984344722 9.430286784730379 0
    endloop
  endfacet
  facet normal 0.896872741532688 0.4422886902190019 0
    outer loop
      vertex 16.051442841485013 9.675 0
      vertex 15.921271051849605 9.938962277178549 1.5
      vertex 16.051442841485013 9.675 1.5
    endloop
  endfacet
  facet normal 0.9469301294951059 0.3214394653031609 0
    outer loop
      vertex 15.921271051849605 9.938962277178549 0
      vertex 15.826666890849596 10.21765714851933 1.5
      vertex 15.921271051849605 9.938962277178549 1.5
    endloop
  endfacet
  facet normal 0.8314696123025439 0.5555702330196042 0
    outer loop
      vertex 16.214954984344722 9.430286784730379 0
      vertex 16.051442841485013 9.675 1.5
      vertex 16.214954984344722 9.430286784730379 1.5
    endloop
  endfacet
  facet normal 0.9807852804032304 0.19509032201612858 0
    outer loop
      vertex 15.769249061908926 10.506316067504885 0
      vertex 15.769249061908926 10.506316067504885 1.5
      vertex 15.826666890849596 10.21765714851933 0
    endloop
  endfacet
  facet normal 0.9978589232386036 0.0654031292301422 2.726676668026975e-19
    outer loop
      vertex 15.769249061908926 10.506316067504885 0
      vertex 15.75 10.8 0
      vertex 15.75 10.8 1.5
    endloop
  endfacet
  facet normal 0.9807852804032304 0.19509032201612858 0
    outer loop
      vertex 15.826666890849596 10.21765714851933 0
      vertex 15.769249061908926 10.506316067504885 1.5
      vertex 15.826666890849596 10.21765714851933 1.5
    endloop
  endfacet
  facet normal 0.9978589232386036 0.0654031292301422 0
    outer loop
      vertex 15.769249061908926 10.506316067504885 0
      vertex 15.75 10.8 1.5
      vertex 15.769249061908926 10.506316067504885 1.5
    endloop
  endfacet
  facet normal 0.9978589232386036 -0.0654031292301422 0
    outer loop
      vertex 15.75 10.8 0
      vertex 15.769249061908926 11.093683932495116 1.5
      vertex 15.75 10.8 1.5
    endloop
  endfacet
  facet normal 0.9978589232386036 -0.0654031292301422 -2.726676668026975e-19
    outer loop
      vertex 15.75 10.8 0
      vertex 15.769249061908926 11.093683932495116 0
      vertex 15.769249061908926 11.093683932495116 1.5
    endloop
  endfacet
  facet normal 0.9807852804032304 -0.19509032201612858 -9.276153275714722e-19
    outer loop
      vertex 15.769249061908926 11.093683932495116 0
      vertex 15.826666890849596 11.382342851480672 0
      vertex 15.826666890849596 11.382342851480672 1.5
    endloop
  endfacet
  facet normal 0.9469301294951059 -0.3214394653031609 3.014133163987716e-18
    outer loop
      vertex 15.826666890849596 11.382342851480672 0
      vertex 15.921271051849605 11.661037722821453 0
      vertex 15.921271051849605 11.661037722821453 1.5
    endloop
  endfacet
  facet normal 0.9807852804032304 -0.19509032201612858 0
    outer loop
      vertex 15.769249061908926 11.093683932495116 0
      vertex 15.826666890849596 11.382342851480672 1.5
      vertex 15.769249061908926 11.093683932495116 1.5
    endloop
  endfacet
  facet normal 0.9469301294951059 -0.3214394653031609 0
    outer loop
      vertex 15.826666890849596 11.382342851480672 0
      vertex 15.921271051849605 11.661037722821453 1.5
      vertex 15.826666890849596 11.382342851480672 1.5
    endloop
  endfacet
  facet normal 0.896872741532688 -0.4422886902190019 -4.022584942911772e-18
    outer loop
      vertex 15.921271051849605 11.661037722821453 0
      vertex 16.051442841485013 11.925 0
      vertex 16.051442841485013 11.925 1.5
    endloop
  endfacet
  facet normal 0.8314696123025439 -0.5555702330196042 4.547572951650737e-18
    outer loop
      vertex 16.051442841485013 11.925 0
      vertex 16.214954984344722 12.169713215269622 0
      vertex 16.214954984344722 12.169713215269622 1.5
    endloop
  endfacet
  facet normal 0.7518398074789769 -0.6593458151000693 3.3125937775591157e-18
    outer loop
      vertex 16.214954984344722 12.169713215269622 0
      vertex 16.40900974233027 12.390990257669733 0
      vertex 16.40900974233027 12.390990257669733 1.5
    endloop
  endfacet
  facet normal 0.896872741532688 -0.4422886902190019 0
    outer loop
      vertex 15.921271051849605 11.661037722821453 0
      vertex 16.051442841485013 11.925 1.5
      vertex 15.921271051849605 11.661037722821453 1.5
    endloop
  endfacet
  facet normal 0.8314696123025439 -0.5555702330196042 0
    outer loop
      vertex 16.051442841485013 11.925 0
      vertex 16.214954984344722 12.169713215269622 1.5
      vertex 16.051442841485013 11.925 1.5
    endloop
  endfacet
  facet normal 0.7518398074789769 -0.6593458151000693 0
    outer loop
      vertex 16.214954984344722 12.169713215269622 0
      vertex 16.40900974233027 12.390990257669733 1.5
      vertex 16.214954984344722 12.169713215269622 1.5
    endloop
  endfacet
  facet normal 0.659345815100066 -0.75183980747898 0
    outer loop
      vertex 16.40900974233027 12.390990257669733 0
      vertex 16.63028678473038 12.585045015655279 1.5
      vertex 16.40900974233027 12.390990257669733 1.5
    endloop
  endfacet
  facet normal -0.4422886902189995 0.8968727415326891 0
    outer loop
      vertex 18.86103772282145 8.721271051849605 0
      vertex 18.86103772282145 8.721271051849605 1.5
      vertex 19.125 8.851442841485014 0
    endloop
  endfacet
  facet normal -0.5555702330196071 0.831469612302542 0
    outer loop
      vertex 19.125 8.851442841485014 0
      vertex 19.125 8.851442841485014 1.5
      vertex 19.36971321526962 9.014954984344723 0
    endloop
  endfacet
  facet normal -0.659345815100066 0.75183980747898 0
    outer loop
      vertex 19.36971321526962 9.014954984344723 0
      vertex 19.36971321526962 9.014954984344723 1.5
      vertex 19.59099025766973 9.209009742330268 0
    endloop
  endfacet
  facet normal -0.32143946530316275 0.9469301294951052 -4.227728025837513e-19
    outer loop
      vertex 18.58234285148067 8.626666890849597 1.5
      vertex 18.86103772282145 8.721271051849605 1.5
      vertex 18.86103772282145 8.721271051849605 0
    endloop
  endfacet
  facet normal -0.4422886902189995 0.8968727415326891 0
    outer loop
      vertex 19.125 8.851442841485014 0
      vertex 18.86103772282145 8.721271051849605 1.5
      vertex 19.125 8.851442841485014 1.5
    endloop
  endfacet
  facet normal -0.5555702330196071 0.831469612302542 0
    outer loop
      vertex 19.36971321526962 9.014954984344723 0
      vertex 19.125 8.851442841485014 1.5
      vertex 19.36971321526962 9.014954984344723 1.5
    endloop
  endfacet
  facet normal -0.659345815100066 0.75183980747898 -6.85552101887235e-18
    outer loop
      vertex 19.36971321526962 9.014954984344723 1.5
      vertex 19.59099025766973 9.209009742330268 1.5
      vertex 19.59099025766973 9.209009742330268 0
    endloop
  endfacet
  facet normal -0.7518398074789769 0.6593458151000693 0
    outer loop
      vertex 19.59099025766973 9.209009742330268 0
      vertex 19.59099025766973 9.209009742330268 1.5
      vertex 19.785045015655278 9.430286784730379 0
    endloop
  endfacet
  facet normal -0.7518398074789769 0.6593458151000693 3.3125937775591157e-18
    outer loop
      vertex 19.59099025766973 9.209009742330268 1.5
      vertex 19.785045015655278 9.430286784730379 1.5
      vertex 19.785045015655278 9.430286784730379 0
    endloop
  endfacet
  facet normal -0.8314696123025439 0.5555702330196042 0
    outer loop
      vertex 19.785045015655278 9.430286784730379 0
      vertex 19.785045015655278 9.430286784730379 1.5
      vertex 19.948557158514987 9.675 0
    endloop
  endfacet
  facet normal -0.896872741532688 0.4422886902190019 0
    outer loop
      vertex 19.948557158514987 9.675 0
      vertex 19.948557158514987 9.675 1.5
      vertex 20.078728948150395 9.938962277178549 0
    endloop
  endfacet
  facet normal -0.946930129495104 0.3214394653031663 0
    outer loop
      vertex 20.078728948150395 9.938962277178549 0
      vertex 20.078728948150395 9.938962277178549 1.5
      vertex 20.173333109150406 10.21765714851933 0
    endloop
  endfacet
  facet normal -0.8314696123025439 0.5555702330196042 0
    outer loop
      vertex 19.948557158514987 9.675 0
      vertex 19.785045015655278 9.430286784730379 1.5
      vertex 19.948557158514987 9.675 1.5
    endloop
  endfacet
  facet normal -0.896872741532688 0.4422886902190019 0
    outer loop
      vertex 20.078728948150395 9.938962277178549 0
      vertex 19.948557158514987 9.675 1.5
      vertex 20.078728948150395 9.938962277178549 1.5
    endloop
  endfacet
  facet normal -0.946930129495104 0.3214394653031663 5.918381069098725e-19
    outer loop
      vertex 20.078728948150395 9.938962277178549 1.5
      vertex 20.173333109150406 10.21765714851933 1.5
      vertex 20.173333109150406 10.21765714851933 0
    endloop
  endfacet
  facet normal -0.9807852804032315 0.19509032201612275 0
    outer loop
      vertex 20.173333109150406 10.21765714851933 0
      vertex 20.173333109150406 10.21765714851933 1.5
      vertex 20.230750938091074 10.506316067504885 0
    endloop
  endfacet
  facet normal -0.9978589232386036 0.0654031292301422 0
    outer loop
      vertex 20.230750938091074 10.506316067504885 0
      vertex 20.230750938091074 10.506316067504885 1.5
      vertex 20.25 10.8 0
    endloop
  endfacet
  facet normal -0.9978589232386036 -0.0654031292301422 0
    outer loop
      vertex 20.25 10.8 0
      vertex 20.25 10.8 1.5
      vertex 20.230750938091074 11.093683932495116 0
    endloop
  endfacet
  facet normal -0.9807852804032315 0.19509032201612275 0
    outer loop
      vertex 20.230750938091074 10.506316067504885 0
      vertex 20.173333109150406 10.21765714851933 1.5
      vertex 20.230750938091074 10.506316067504885 1.5
    endloop
  endfacet
  facet normal -0.9978589232386036 0.0654031292301422 0
    outer loop
      vertex 20.25 10.8 0
      vertex 20.230750938091074 10.506316067504885 1.5
      vertex 20.25 10.8 1.5
    endloop
  endfacet
  facet normal -0.659345815100066 -0.75183980747898 0
    outer loop
      vertex 19.59099025766973 12.390990257669733 0
      vertex 19.59099025766973 12.390990257669733 1.5
      vertex 19.36971321526962 12.585045015655279 0
    endloop
  endfacet
  facet normal -0.9807852804032315 -0.19509032201612275 0
    outer loop
      vertex 20.230750938091074 11.093683932495116 0
      vertex 20.230750938091074 11.093683932495116 1.5
      vertex 20.173333109150406 11.382342851480672 0
    endloop
  endfacet
  facet normal -0.946930129495104 -0.3214394653031663 -5.918381069098725e-19
    outer loop
      vertex 20.078728948150395 11.661037722821453 0
      vertex 20.173333109150406 11.382342851480672 0
      vertex 20.173333109150406 11.382342851480672 1.5
    endloop
  endfacet
  facet normal -0.9978589232386036 -0.0654031292301422 2.726676668026975e-19
    outer loop
      vertex 20.25 10.8 1.5
      vertex 20.230750938091074 11.093683932495116 1.5
      vertex 20.230750938091074 11.093683932495116 0
    endloop
  endfacet
  facet normal -0.9807852804032315 -0.19509032201612275 0
    outer loop
      vertex 20.173333109150406 11.382342851480672 0
      vertex 20.230750938091074 11.093683932495116 1.5
      vertex 20.173333109150406 11.382342851480672 1.5
    endloop
  endfacet
  facet normal -0.946930129495104 -0.3214394653031663 0
    outer loop
      vertex 20.078728948150395 11.661037722821453 0
      vertex 20.173333109150406 11.382342851480672 1.5
      vertex 20.078728948150395 11.661037722821453 1.5
    endloop
  endfacet
  facet normal -0.8314696123025439 -0.5555702330196042 -4.547572951650737e-18
    outer loop
      vertex 19.785045015655278 12.169713215269622 0
      vertex 19.948557158514987 11.925 0
      vertex 19.948557158514987 11.925 1.5
    endloop
  endfacet
  facet normal -0.7518398074789769 -0.6593458151000693 -3.3125937775591157e-18
    outer loop
      vertex 19.59099025766973 12.390990257669733 0
      vertex 19.785045015655278 12.169713215269622 0
      vertex 19.785045015655278 12.169713215269622 1.5
    endloop
  endfacet
  facet normal -0.896872741532688 -0.4422886902190019 0
    outer loop
      vertex 20.078728948150395 11.661037722821453 0
      vertex 20.078728948150395 11.661037722821453 1.5
      vertex 19.948557158514987 11.925 0
    endloop
  endfacet
  facet normal -0.8314696123025439 -0.5555702330196042 0
    outer loop
      vertex 19.785045015655278 12.169713215269622 0
      vertex 19.948557158514987 11.925 1.5
      vertex 19.785045015655278 12.169713215269622 1.5
    endloop
  endfacet
  facet normal -0.7518398074789769 -0.6593458151000693 0
    outer loop
      vertex 19.59099025766973 12.390990257669733 0
      vertex 19.785045015655278 12.169713215269622 1.5
      vertex 19.59099025766973 12.390990257669733 1.5
    endloop
  endfacet
  facet normal -0.896872741532688 -0.4422886902190019 4.022584942911772e-18
    outer loop
      vertex 20.078728948150395 11.661037722821453 1.5
      vertex 19.948557158514987 11.925 1.5
      vertex 19.948557158514987 11.925 0
    endloop
  endfacet
  facet normal 0.659345815100066 -0.75183980747898 -6.85552101887235e-18
    outer loop
      vertex 16.40900974233027 12.390990257669733 0
      vertex 16.63028678473038 12.585045015655279 0
      vertex 16.63028678473038 12.585045015655279 1.5
    endloop
  endfacet
  facet normal 0.5555702330196071 -0.831469612302542 6.762056800940824e-18
    outer loop
      vertex 16.63028678473038 12.585045015655279 0
      vertex 16.875 12.748557158514988 0
      vertex 16.875 12.748557158514988 1.5
    endloop
  endfacet
  facet normal 0.4422886902189995 -0.8968727415326891 1.0695940769983014e-18
    outer loop
      vertex 16.875 12.748557158514988 0
      vertex 17.13896227717855 12.878728948150396 0
      vertex 17.13896227717855 12.878728948150396 1.5
    endloop
  endfacet
  facet normal 0.5555702330196071 -0.831469612302542 0
    outer loop
      vertex 16.63028678473038 12.585045015655279 0
      vertex 16.875 12.748557158514988 1.5
      vertex 16.63028678473038 12.585045015655279 1.5
    endloop
  endfacet
  facet normal 0.4422886902189995 -0.8968727415326891 0
    outer loop
      vertex 16.875 12.748557158514988 0
      vertex 17.13896227717855 12.878728948150396 1.5
      vertex 16.875 12.748557158514988 1.5
    endloop
  endfacet
  facet normal 0.32143946530316275 -0.9469301294951052 -4.227728025837513e-19
    outer loop
      vertex 17.13896227717855 12.878728948150396 0
      vertex 17.41765714851933 12.973333109150404 0
      vertex 17.41765714851933 12.973333109150404 1.5
    endloop
  endfacet
  facet normal 0.19509032201612972 -0.9807852804032302 3.80396350240211e-18
    outer loop
      vertex 17.41765714851933 12.973333109150404 0
      vertex 17.706316067504883 13.030750938091074 0
      vertex 17.706316067504883 13.030750938091074 1.5
    endloop
  endfacet
  facet normal 0.06540312923014181 -0.9978589232386037 5.56593804484763e-19
    outer loop
      vertex 17.706316067504883 13.030750938091074 0
      vertex 18 13.05 0
      vertex 18 13.05 1.5
    endloop
  endfacet
  facet normal 0.32143946530316275 -0.9469301294951052 0
    outer loop
      vertex 17.13896227717855 12.878728948150396 0
      vertex 17.41765714851933 12.973333109150404 1.5
      vertex 17.13896227717855 12.878728948150396 1.5
    endloop
  endfacet
  facet normal 0.19509032201612972 -0.9807852804032302 0
    outer loop
      vertex 17.41765714851933 12.973333109150404 0
      vertex 17.706316067504883 13.030750938091074 1.5
      vertex 17.41765714851933 12.973333109150404 1.5
    endloop
  endfacet
  facet normal 0.06540312923014181 -0.9978589232386037 0
    outer loop
      vertex 17.706316067504883 13.030750938091074 0
      vertex 18 13.05 1.5
      vertex 17.706316067504883 13.030750938091074 1.5
    endloop
  endfacet
  facet normal -0.06540312923014181 -0.9978589232386037 -5.56593804484763e-19
    outer loop
      vertex 18 13.05 0
      vertex 18.293683932495117 13.030750938091074 0
      vertex 18.293683932495117 13.030750938091074 1.5
    endloop
  endfacet
  facet normal -0.19509032201612972 -0.9807852804032302 -3.80396350240211e-18
    outer loop
      vertex 18.293683932495117 13.030750938091074 0
      vertex 18.58234285148067 12.973333109150404 0
      vertex 18.58234285148067 12.973333109150404 1.5
    endloop
  endfacet
  facet normal -0.06540312923014181 -0.9978589232386037 0
    outer loop
      vertex 18 13.05 0
      vertex 18.293683932495117 13.030750938091074 1.5
      vertex 18 13.05 1.5
    endloop
  endfacet
  facet normal -0.19509032201612972 -0.9807852804032302 0
    outer loop
      vertex 18.293683932495117 13.030750938091074 0
      vertex 18.58234285148067 12.973333109150404 1.5
      vertex 18.293683932495117 13.030750938091074 1.5
    endloop
  endfacet
  facet normal -0.32143946530316275 -0.9469301294951052 0
    outer loop
      vertex 18.58234285148067 12.973333109150404 0
      vertex 18.86103772282145 12.878728948150396 1.5
      vertex 18.58234285148067 12.973333109150404 1.5
    endloop
  endfacet
  facet normal -0.4422886902189995 -0.8968727415326891 -1.0695940769983014e-18
    outer loop
      vertex 18.86103772282145 12.878728948150396 0
      vertex 19.125 12.748557158514988 0
      vertex 19.125 12.748557158514988 1.5
    endloop
  endfacet
  facet normal -0.32143946530316275 -0.9469301294951052 4.227728025837513e-19
    outer loop
      vertex 18.58234285148067 12.973333109150404 0
      vertex 18.86103772282145 12.878728948150396 0
      vertex 18.86103772282145 12.878728948150396 1.5
    endloop
  endfacet
  facet normal -0.5555702330196071 -0.831469612302542 -6.762056800940824e-18
    outer loop
      vertex 19.125 12.748557158514988 0
      vertex 19.36971321526962 12.585045015655279 0
      vertex 19.36971321526962 12.585045015655279 1.5
    endloop
  endfacet
  facet normal -0.4422886902189995 -0.8968727415326891 0
    outer loop
      vertex 18.86103772282145 12.878728948150396 0
      vertex 19.125 12.748557158514988 1.5
      vertex 18.86103772282145 12.878728948150396 1.5
    endloop
  endfacet
  facet normal -0.5555702330196071 -0.831469612302542 0
    outer loop
      vertex 19.125 12.748557158514988 0
      vertex 19.36971321526962 12.585045015655279 1.5
      vertex 19.125 12.748557158514988 1.5
    endloop
  endfacet
  facet normal -0.659345815100066 -0.75183980747898 6.85552101887235e-18
    outer loop
      vertex 19.59099025766973 12.390990257669733 1.5
      vertex 19.36971321526962 12.585045015655279 1.5
      vertex 19.36971321526962 12.585045015655279 0
    endloop
  endfacet
  facet normal 0.75183980747898 0.659345815100066 6.85552101887235e-18
    outer loop
      vertex 10.909009742330268 9.209009742330268 0
      vertex 10.714954984344722 9.430286784730379 0
      vertex 10.714954984344722 9.430286784730379 1.5
    endloop
  endfacet
  facet normal 0.75183980747898 0.659345815100066 0
    outer loop
      vertex 10.909009742330268 9.209009742330268 0
      vertex 10.714954984344722 9.430286784730379 1.5
      vertex 10.909009742330268 9.209009742330268 1.5
    endloop
  endfacet
  facet normal 0.5555702330196042 0.8314696123025439 0
    outer loop
      vertex 11.130286784730378 9.014954984344723 0
      vertex 11.130286784730378 9.014954984344723 1.5
      vertex 11.375 8.851442841485014 0
    endloop
  endfacet
  facet normal 0.659345815100066 0.75183980747898 0
    outer loop
      vertex 10.909009742330268 9.209009742330268 0
      vertex 10.909009742330268 9.209009742330268 1.5
      vertex 11.130286784730378 9.014954984344723 0
    endloop
  endfacet
  facet normal 0.4422886902190019 0.896872741532688 0
    outer loop
      vertex 11.375 8.851442841485014 0
      vertex 11.375 8.851442841485014 1.5
      vertex 11.638962277178548 8.721271051849605 0
    endloop
  endfacet
  facet normal 0.5555702330196042 0.8314696123025439 0
    outer loop
      vertex 11.375 8.851442841485014 0
      vertex 11.130286784730378 9.014954984344723 1.5
      vertex 11.375 8.851442841485014 1.5
    endloop
  endfacet
  facet normal 0.659345815100066 0.75183980747898 6.85552101887235e-18
    outer loop
      vertex 10.909009742330268 9.209009742330268 1.5
      vertex 11.130286784730378 9.014954984344723 1.5
      vertex 11.130286784730378 9.014954984344723 0
    endloop
  endfacet
  facet normal 0.4422886902190019 0.896872741532688 0
    outer loop
      vertex 11.638962277178548 8.721271051849605 0
      vertex 11.375 8.851442841485014 1.5
      vertex 11.638962277178548 8.721271051849605 1.5
    endloop
  endfacet
  facet normal 0.0654031292301422 0.9978589232386036 0
    outer loop
      vertex 12.206316067504885 8.569249061908927 0
      vertex 12.206316067504885 8.569249061908927 1.5
      vertex 12.5 8.55 0
    endloop
  endfacet
  facet normal 0.19509032201612858 0.9807852804032304 0
    outer loop
      vertex 12.206316067504885 8.569249061908927 0
      vertex 11.917657148519329 8.626666890849597 1.5
      vertex 12.206316067504885 8.569249061908927 1.5
    endloop
  endfacet
  facet normal 0.0654031292301422 0.9978589232386036 2.726676668026975e-19
    outer loop
      vertex 12.206316067504885 8.569249061908927 1.5
      vertex 12.5 8.55 1.5
      vertex 12.5 8.55 0
    endloop
  endfacet
  facet normal 0.3214394653031609 0.9469301294951059 0
    outer loop
      vertex 11.638962277178548 8.721271051849605 0
      vertex 11.638962277178548 8.721271051849605 1.5
      vertex 11.917657148519329 8.626666890849597 0
    endloop
  endfacet
  facet normal 0.19509032201612858 0.9807852804032304 9.276153275714722e-19
    outer loop
      vertex 12.206316067504885 8.569249061908927 0
      vertex 11.917657148519329 8.626666890849597 0
      vertex 11.917657148519329 8.626666890849597 1.5
    endloop
  endfacet
  facet normal 0.3214394653031609 0.9469301294951059 -3.014133163987716e-18
    outer loop
      vertex 11.638962277178548 8.721271051849605 1.5
      vertex 11.917657148519329 8.626666890849597 1.5
      vertex 11.917657148519329 8.626666890849597 0
    endloop
  endfacet
  facet normal 0.896872741532688 0.4422886902190019 0
    outer loop
      vertex 10.421271051849605 9.938962277178549 0
      vertex 10.421271051849605 9.938962277178549 1.5
      vertex 10.551442841485013 9.675 0
    endloop
  endfacet
  facet normal 0.9469301294951059 0.3214394653031609 -3.014133163987716e-18
    outer loop
      vertex 10.421271051849605 9.938962277178549 0
      vertex 10.326666890849596 10.21765714851933 0
      vertex 10.326666890849596 10.21765714851933 1.5
    endloop
  endfacet
  facet normal 0.8314696123025439 0.5555702330196042 -4.547572951650737e-18
    outer loop
      vertex 10.714954984344722 9.430286784730379 0
      vertex 10.551442841485013 9.675 0
      vertex 10.551442841485013 9.675 1.5
    endloop
  endfacet
  facet normal 0.896872741532688 0.4422886902190019 0
    outer loop
      vertex 10.551442841485013 9.675 0
      vertex 10.421271051849605 9.938962277178549 1.5
      vertex 10.551442841485013 9.675 1.5
    endloop
  endfacet
  facet normal 0.9469301294951059 0.3214394653031609 0
    outer loop
      vertex 10.421271051849605 9.938962277178549 0
      vertex 10.326666890849596 10.21765714851933 1.5
      vertex 10.421271051849605 9.938962277178549 1.5
    endloop
  endfacet
  facet normal 0.8314696123025439 0.5555702330196042 0
    outer loop
      vertex 10.714954984344722 9.430286784730379 0
      vertex 10.551442841485013 9.675 1.5
      vertex 10.714954984344722 9.430286784730379 1.5
    endloop
  endfacet
  facet normal 0.9807852804032304 0.19509032201612858 9.276153275714722e-19
    outer loop
      vertex 10.326666890849596 10.21765714851933 0
      vertex 10.269249061908926 10.506316067504885 0
      vertex 10.269249061908926 10.506316067504885 1.5
    endloop
  endfacet
  facet normal 0.9978589232386036 0.0654031292301422 2.726676668026975e-19
    outer loop
      vertex 10.269249061908926 10.506316067504885 0
      vertex 10.25 10.8 0
      vertex 10.25 10.8 1.5
    endloop
  endfacet
  facet normal 0.9807852804032304 0.19509032201612858 0
    outer loop
      vertex 10.326666890849596 10.21765714851933 0
      vertex 10.269249061908926 10.506316067504885 1.5
      vertex 10.326666890849596 10.21765714851933 1.5
    endloop
  endfacet
  facet normal 0.9978589232386036 0.0654031292301422 0
    outer loop
      vertex 10.269249061908926 10.506316067504885 0
      vertex 10.25 10.8 1.5
      vertex 10.269249061908926 10.506316067504885 1.5
    endloop
  endfacet
  facet normal 0.9978589232386036 -0.0654031292301422 0
    outer loop
      vertex 10.25 10.8 0
      vertex 10.269249061908926 11.093683932495116 1.5
      vertex 10.25 10.8 1.5
    endloop
  endfacet
  facet normal 0.9978589232386036 -0.0654031292301422 -2.726676668026975e-19
    outer loop
      vertex 10.25 10.8 0
      vertex 10.269249061908926 11.093683932495116 0
      vertex 10.269249061908926 11.093683932495116 1.5
    endloop
  endfacet
  facet normal 0.9807852804032304 -0.19509032201612858 -9.276153275714722e-19
    outer loop
      vertex 10.269249061908926 11.093683932495116 0
      vertex 10.326666890849596 11.382342851480672 0
      vertex 10.326666890849596 11.382342851480672 1.5
    endloop
  endfacet
  facet normal 0.9469301294951059 -0.3214394653031609 3.014133163987716e-18
    outer loop
      vertex 10.326666890849596 11.382342851480672 0
      vertex 10.421271051849605 11.661037722821453 0
      vertex 10.421271051849605 11.661037722821453 1.5
    endloop
  endfacet
  facet normal 0.9807852804032304 -0.19509032201612858 0
    outer loop
      vertex 10.269249061908926 11.093683932495116 0
      vertex 10.326666890849596 11.382342851480672 1.5
      vertex 10.269249061908926 11.093683932495116 1.5
    endloop
  endfacet
  facet normal 0.9469301294951059 -0.3214394653031609 0
    outer loop
      vertex 10.326666890849596 11.382342851480672 0
      vertex 10.421271051849605 11.661037722821453 1.5
      vertex 10.326666890849596 11.382342851480672 1.5
    endloop
  endfacet
  facet normal 0.896872741532688 -0.4422886902190019 -4.022584942911772e-18
    outer loop
      vertex 10.421271051849605 11.661037722821453 0
      vertex 10.551442841485013 11.925 0
      vertex 10.551442841485013 11.925 1.5
    endloop
  endfacet
  facet normal 0.8314696123025439 -0.5555702330196042 4.547572951650737e-18
    outer loop
      vertex 10.551442841485013 11.925 0
      vertex 10.714954984344722 12.169713215269622 0
      vertex 10.714954984344722 12.169713215269622 1.5
    endloop
  endfacet
  facet normal 0.75183980747898 -0.659345815100066 -6.85552101887235e-18
    outer loop
      vertex 10.714954984344722 12.169713215269622 0
      vertex 10.909009742330268 12.390990257669733 0
      vertex 10.909009742330268 12.390990257669733 1.5
    endloop
  endfacet
  facet normal 0.896872741532688 -0.4422886902190019 0
    outer loop
      vertex 10.421271051849605 11.661037722821453 0
      vertex 10.551442841485013 11.925 1.5
      vertex 10.421271051849605 11.661037722821453 1.5
    endloop
  endfacet
  facet normal 0.8314696123025439 -0.5555702330196042 0
    outer loop
      vertex 10.551442841485013 11.925 0
      vertex 10.714954984344722 12.169713215269622 1.5
      vertex 10.551442841485013 11.925 1.5
    endloop
  endfacet
  facet normal 0.75183980747898 -0.659345815100066 0
    outer loop
      vertex 10.714954984344722 12.169713215269622 0
      vertex 10.909009742330268 12.390990257669733 1.5
      vertex 10.714954984344722 12.169713215269622 1.5
    endloop
  endfacet
  facet normal 0.659345815100066 -0.75183980747898 0
    outer loop
      vertex 10.909009742330268 12.390990257669733 0
      vertex 11.130286784730378 12.585045015655279 1.5
      vertex 10.909009742330268 12.390990257669733 1.5
    endloop
  endfacet
  facet normal 0.659345815100066 -0.75183980747898 -6.85552101887235e-18
    outer loop
      vertex 10.909009742330268 12.390990257669733 0
      vertex 11.130286784730378 12.585045015655279 0
      vertex 11.130286784730378 12.585045015655279 1.5
    endloop
  endfacet
  facet normal 0.5555702330196042 -0.8314696123025439 4.547572951650737e-18
    outer loop
      vertex 11.130286784730378 12.585045015655279 0
      vertex 11.375 12.748557158514988 0
      vertex 11.375 12.748557158514988 1.5
    endloop
  endfacet
  facet normal 0.4422886902190019 -0.896872741532688 -4.022584942911772e-18
    outer loop
      vertex 11.375 12.748557158514988 0
      vertex 11.638962277178548 12.878728948150396 0
      vertex 11.638962277178548 12.878728948150396 1.5
    endloop
  endfacet
  facet normal 0.5555702330196042 -0.8314696123025439 0
    outer loop
      vertex 11.130286784730378 12.585045015655279 0
      vertex 11.375 12.748557158514988 1.5
      vertex 11.130286784730378 12.585045015655279 1.5
    endloop
  endfacet
  facet normal 0.4422886902190019 -0.896872741532688 0
    outer loop
      vertex 11.375 12.748557158514988 0
      vertex 11.638962277178548 12.878728948150396 1.5
      vertex 11.375 12.748557158514988 1.5
    endloop
  endfacet
  facet normal 0.3214394653031609 -0.9469301294951059 3.014133163987716e-18
    outer loop
      vertex 11.638962277178548 12.878728948150396 0
      vertex 11.917657148519329 12.973333109150404 0
      vertex 11.917657148519329 12.973333109150404 1.5
    endloop
  endfacet
  facet normal 0.19509032201612858 -0.9807852804032304 -9.276153275714722e-19
    outer loop
      vertex 11.917657148519329 12.973333109150404 0
      vertex 12.206316067504885 13.030750938091074 0
      vertex 12.206316067504885 13.030750938091074 1.5
    endloop
  endfacet
  facet normal 0.0654031292301422 -0.9978589232386036 0
    outer loop
      vertex 12.206316067504885 13.030750938091074 0
      vertex 12.5 13.05 0
      vertex 12.206316067504885 13.030750938091074 1.5
    endloop
  endfacet
  facet normal 0.3214394653031609 -0.9469301294951059 0
    outer loop
      vertex 11.638962277178548 12.878728948150396 0
      vertex 11.917657148519329 12.973333109150404 1.5
      vertex 11.638962277178548 12.878728948150396 1.5
    endloop
  endfacet
  facet normal 0.19509032201612858 -0.9807852804032304 0
    outer loop
      vertex 11.917657148519329 12.973333109150404 0
      vertex 12.206316067504885 13.030750938091074 1.5
      vertex 11.917657148519329 12.973333109150404 1.5
    endloop
  endfacet
  facet normal 0.0654031292301422 -0.9978589232386036 -2.726676668026975e-19
    outer loop
      vertex 12.206316067504885 13.030750938091074 1.5
      vertex 12.5 13.05 0
      vertex 12.5 13.05 1.5
    endloop
  endfacet
  facet normal -0.0654031292301422 0.9978589232386036 0
    outer loop
      vertex 12.5 8.55 0
      vertex 12.5 8.55 1.5
      vertex 12.793683932495115 8.569249061908927 0
    endloop
  endfacet
  facet normal -0.19509032201612858 0.9807852804032304 0
    outer loop
      vertex 12.793683932495115 8.569249061908927 0
      vertex 12.793683932495115 8.569249061908927 1.5
      vertex 13.082342851480671 8.626666890849597 0
    endloop
  endfacet
  facet normal -0.0654031292301422 0.9978589232386036 0
    outer loop
      vertex 12.793683932495115 8.569249061908927 0
      vertex 12.5 8.55 1.5
      vertex 12.793683932495115 8.569249061908927 1.5
    endloop
  endfacet
  facet normal -0.3214394653031609 0.9469301294951059 0
    outer loop
      vertex 13.082342851480671 8.626666890849597 0
      vertex 13.082342851480671 8.626666890849597 1.5
      vertex 13.361037722821452 8.721271051849605 0
    endloop
  endfacet
  facet normal -0.19509032201612858 0.9807852804032304 -9.276153275714722e-19
    outer loop
      vertex 12.793683932495115 8.569249061908927 1.5
      vertex 13.082342851480671 8.626666890849597 1.5
      vertex 13.082342851480671 8.626666890849597 0
    endloop
  endfacet
  facet normal -0.3214394653031609 0.9469301294951059 3.014133163987716e-18
    outer loop
      vertex 13.082342851480671 8.626666890849597 1.5
      vertex 13.361037722821452 8.721271051849605 1.5
      vertex 13.361037722821452 8.721271051849605 0
    endloop
  endfacet
  facet normal -0.4422886902190019 0.896872741532688 0
    outer loop
      vertex 13.361037722821452 8.721271051849605 0
      vertex 13.361037722821452 8.721271051849605 1.5
      vertex 13.625 8.851442841485014 0
    endloop
  endfacet
  facet normal -0.5555702330196042 0.8314696123025439 0
    outer loop
      vertex 13.625 8.851442841485014 0
      vertex 13.625 8.851442841485014 1.5
      vertex 13.869713215269622 9.014954984344723 0
    endloop
  endfacet
  facet normal -0.659345815100066 0.75183980747898 0
    outer loop
      vertex 13.869713215269622 9.014954984344723 0
      vertex 13.869713215269622 9.014954984344723 1.5
      vertex 14.090990257669732 9.209009742330268 0
    endloop
  endfacet
  facet normal -0.4422886902190019 0.896872741532688 0
    outer loop
      vertex 13.625 8.851442841485014 0
      vertex 13.361037722821452 8.721271051849605 1.5
      vertex 13.625 8.851442841485014 1.5
    endloop
  endfacet
  facet normal -0.5555702330196042 0.8314696123025439 0
    outer loop
      vertex 13.869713215269622 9.014954984344723 0
      vertex 13.625 8.851442841485014 1.5
      vertex 13.869713215269622 9.014954984344723 1.5
    endloop
  endfacet
  facet normal -0.659345815100066 0.75183980747898 -6.85552101887235e-18
    outer loop
      vertex 13.869713215269622 9.014954984344723 1.5
      vertex 14.090990257669732 9.209009742330268 1.5
      vertex 14.090990257669732 9.209009742330268 0
    endloop
  endfacet
  facet normal -0.75183980747898 0.659345815100066 0
    outer loop
      vertex 14.090990257669732 9.209009742330268 0
      vertex 14.090990257669732 9.209009742330268 1.5
      vertex 14.285045015655278 9.430286784730379 0
    endloop
  endfacet
  facet normal -0.75183980747898 0.659345815100066 -6.85552101887235e-18
    outer loop
      vertex 14.090990257669732 9.209009742330268 1.5
      vertex 14.285045015655278 9.430286784730379 1.5
      vertex 14.285045015655278 9.430286784730379 0
    endloop
  endfacet
  facet normal -0.659345815100066 -0.75183980747898 0
    outer loop
      vertex 14.090990257669732 12.390990257669733 0
      vertex 14.090990257669732 12.390990257669733 1.5
      vertex 13.869713215269622 12.585045015655279 0
    endloop
  endfacet
  facet normal -0.8314696123025439 0.5555702330196042 0
    outer loop
      vertex 14.285045015655278 9.430286784730379 0
      vertex 14.285045015655278 9.430286784730379 1.5
      vertex 14.448557158514987 9.675 0
    endloop
  endfacet
  facet normal -0.896872741532688 0.4422886902190019 0
    outer loop
      vertex 14.448557158514987 9.675 0
      vertex 14.448557158514987 9.675 1.5
      vertex 14.578728948150395 9.938962277178549 0
    endloop
  endfacet
  facet normal -0.9469301294951059 0.3214394653031609 0
    outer loop
      vertex 14.578728948150395 9.938962277178549 0
      vertex 14.578728948150395 9.938962277178549 1.5
      vertex 14.673333109150404 10.21765714851933 0
    endloop
  endfacet
  facet normal -0.8314696123025439 0.5555702330196042 0
    outer loop
      vertex 14.448557158514987 9.675 0
      vertex 14.285045015655278 9.430286784730379 1.5
      vertex 14.448557158514987 9.675 1.5
    endloop
  endfacet
  facet normal -0.896872741532688 0.4422886902190019 0
    outer loop
      vertex 14.578728948150395 9.938962277178549 0
      vertex 14.448557158514987 9.675 1.5
      vertex 14.578728948150395 9.938962277178549 1.5
    endloop
  endfacet
  facet normal -0.9469301294951059 0.3214394653031609 3.014133163987716e-18
    outer loop
      vertex 14.578728948150395 9.938962277178549 1.5
      vertex 14.673333109150404 10.21765714851933 1.5
      vertex 14.673333109150404 10.21765714851933 0
    endloop
  endfacet
  facet normal -0.9807852804032304 0.19509032201612858 0
    outer loop
      vertex 14.673333109150404 10.21765714851933 0
      vertex 14.673333109150404 10.21765714851933 1.5
      vertex 14.730750938091074 10.506316067504885 0
    endloop
  endfacet
  facet normal -0.9978589232386036 0.0654031292301422 0
    outer loop
      vertex 14.730750938091074 10.506316067504885 0
      vertex 14.730750938091074 10.506316067504885 1.5
      vertex 14.75 10.8 0
    endloop
  endfacet
  facet normal -0.9978589232386036 -0.0654031292301422 0
    outer loop
      vertex 14.75 10.8 0
      vertex 14.75 10.8 1.5
      vertex 14.730750938091074 11.093683932495116 0
    endloop
  endfacet
  facet normal -0.9807852804032304 0.19509032201612858 0
    outer loop
      vertex 14.730750938091074 10.506316067504885 0
      vertex 14.673333109150404 10.21765714851933 1.5
      vertex 14.730750938091074 10.506316067504885 1.5
    endloop
  endfacet
  facet normal -0.9978589232386036 0.0654031292301422 0
    outer loop
      vertex 14.75 10.8 0
      vertex 14.730750938091074 10.506316067504885 1.5
      vertex 14.75 10.8 1.5
    endloop
  endfacet
  facet normal -0.9807852804032304 -0.19509032201612858 0
    outer loop
      vertex 14.730750938091074 11.093683932495116 0
      vertex 14.730750938091074 11.093683932495116 1.5
      vertex 14.673333109150404 11.382342851480672 0
    endloop
  endfacet
  facet normal -0.9469301294951059 -0.3214394653031609 -3.014133163987716e-18
    outer loop
      vertex 14.578728948150395 11.661037722821453 0
      vertex 14.673333109150404 11.382342851480672 0
      vertex 14.673333109150404 11.382342851480672 1.5
    endloop
  endfacet
  facet normal -0.9978589232386036 -0.0654031292301422 2.726676668026975e-19
    outer loop
      vertex 14.75 10.8 1.5
      vertex 14.730750938091074 11.093683932495116 1.5
      vertex 14.730750938091074 11.093683932495116 0
    endloop
  endfacet
  facet normal -0.9807852804032304 -0.19509032201612858 0
    outer loop
      vertex 14.673333109150404 11.382342851480672 0
      vertex 14.730750938091074 11.093683932495116 1.5
      vertex 14.673333109150404 11.382342851480672 1.5
    endloop
  endfacet
  facet normal -0.9469301294951059 -0.3214394653031609 0
    outer loop
      vertex 14.578728948150395 11.661037722821453 0
      vertex 14.673333109150404 11.382342851480672 1.5
      vertex 14.578728948150395 11.661037722821453 1.5
    endloop
  endfacet
  facet normal -0.8314696123025439 -0.5555702330196042 0
    outer loop
      vertex 14.448557158514987 11.925 0
      vertex 14.448557158514987 11.925 1.5
      vertex 14.285045015655278 12.169713215269622 0
    endloop
  endfacet
  facet normal -0.75183980747898 -0.659345815100066 6.85552101887235e-18
    outer loop
      vertex 14.090990257669732 12.390990257669733 0
      vertex 14.285045015655278 12.169713215269622 0
      vertex 14.285045015655278 12.169713215269622 1.5
    endloop
  endfacet
  facet normal -0.896872741532688 -0.4422886902190019 0
    outer loop
      vertex 14.578728948150395 11.661037722821453 0
      vertex 14.578728948150395 11.661037722821453 1.5
      vertex 14.448557158514987 11.925 0
    endloop
  endfacet
  facet normal -0.8314696123025439 -0.5555702330196042 0
    outer loop
      vertex 14.285045015655278 12.169713215269622 0
      vertex 14.448557158514987 11.925 1.5
      vertex 14.285045015655278 12.169713215269622 1.5
    endloop
  endfacet
  facet normal -0.75183980747898 -0.659345815100066 0
    outer loop
      vertex 14.090990257669732 12.390990257669733 0
      vertex 14.285045015655278 12.169713215269622 1.5
      vertex 14.090990257669732 12.390990257669733 1.5
    endloop
  endfacet
  facet normal -0.896872741532688 -0.4422886902190019 4.022584942911772e-18
    outer loop
      vertex 14.578728948150395 11.661037722821453 1.5
      vertex 14.448557158514987 11.925 1.5
      vertex 14.448557158514987 11.925 0
    endloop
  endfacet
  facet normal -0.0654031292301422 -0.9978589232386036 2.726676668026975e-19
    outer loop
      vertex 12.5 13.05 0
      vertex 12.793683932495115 13.030750938091074 0
      vertex 12.793683932495115 13.030750938091074 1.5
    endloop
  endfacet
  facet normal -0.19509032201612858 -0.9807852804032304 0
    outer loop
      vertex 12.793683932495115 13.030750938091074 0
      vertex 13.082342851480671 12.973333109150404 0
      vertex 12.793683932495115 13.030750938091074 1.5
    endloop
  endfacet
  facet normal -0.3214394653031609 -0.9469301294951059 -3.014133163987716e-18
    outer loop
      vertex 13.082342851480671 12.973333109150404 0
      vertex 13.361037722821452 12.878728948150396 0
      vertex 13.361037722821452 12.878728948150396 1.5
    endloop
  endfacet
  facet normal -0.0654031292301422 -0.9978589232386036 0
    outer loop
      vertex 12.5 13.05 0
      vertex 12.793683932495115 13.030750938091074 1.5
      vertex 12.5 13.05 1.5
    endloop
  endfacet
  facet normal -0.19509032201612858 -0.9807852804032304 0
    outer loop
      vertex 13.082342851480671 12.973333109150404 0
      vertex 13.082342851480671 12.973333109150404 1.5
      vertex 12.793683932495115 13.030750938091074 1.5
    endloop
  endfacet
  facet normal -0.3214394653031609 -0.9469301294951059 0
    outer loop
      vertex 13.082342851480671 12.973333109150404 0
      vertex 13.361037722821452 12.878728948150396 1.5
      vertex 13.082342851480671 12.973333109150404 1.5
    endloop
  endfacet
  facet normal -0.4422886902190019 -0.896872741532688 4.022584942911772e-18
    outer loop
      vertex 13.361037722821452 12.878728948150396 0
      vertex 13.625 12.748557158514988 0
      vertex 13.625 12.748557158514988 1.5
    endloop
  endfacet
  facet normal -0.5555702330196042 -0.8314696123025439 -4.547572951650737e-18
    outer loop
      vertex 13.625 12.748557158514988 0
      vertex 13.869713215269622 12.585045015655279 0
      vertex 13.869713215269622 12.585045015655279 1.5
    endloop
  endfacet
  facet normal -0.4422886902190019 -0.896872741532688 0
    outer loop
      vertex 13.361037722821452 12.878728948150396 0
      vertex 13.625 12.748557158514988 1.5
      vertex 13.361037722821452 12.878728948150396 1.5
    endloop
  endfacet
  facet normal -0.5555702330196042 -0.8314696123025439 0
    outer loop
      vertex 13.625 12.748557158514988 0
      vertex 13.869713215269622 12.585045015655279 1.5
      vertex 13.625 12.748557158514988 1.5
    endloop
  endfacet
  facet normal -0.659345815100066 -0.75183980747898 6.85552101887235e-18
    outer loop
      vertex 14.090990257669732 12.390990257669733 1.5
      vertex 13.869713215269622 12.585045015655279 1.5
      vertex 13.869713215269622 12.585045015655279 0
    endloop
  endfacet
  facet normal 0.7933533402912362 0.6087614290087194 5.594904087035695e-18
    outer loop
      vertex 5.439339828220179 19.639339828220177 0
      vertex 5.200961894323342 19.95 0
      vertex 5.200961894323342 19.95 1.5
    endloop
  endfacet
  facet normal 0.9238795325112872 0.38268343236508867 0
    outer loop
      vertex 5.0511112605663975 20.31177143234622 0
      vertex 5.0511112605663975 20.31177143234622 1.5
      vertex 5.200961894323342 19.95 0
    endloop
  endfacet
  facet normal 0.7933533402912362 0.6087614290087194 0
    outer loop
      vertex 5.439339828220179 19.639339828220177 0
      vertex 5.200961894323342 19.95 1.5
      vertex 5.439339828220179 19.639339828220177 1.5
    endloop
  endfacet
  facet normal 0.9238795325112872 0.38268343236508867 0
    outer loop
      vertex 5.200961894323342 19.95 0
      vertex 5.0511112605663975 20.31177143234622 1.5
      vertex 5.200961894323342 19.95 1.5
    endloop
  endfacet
  facet normal 0.3826834323650903 0.9238795325112865 0
    outer loop
      vertex 5.75 19.40096189432334 0
      vertex 5.75 19.40096189432334 1.5
      vertex 6.1117714323462184 19.251111260566397 0
    endloop
  endfacet
  facet normal 0.1305261922200512 0.9914448613738105 0
    outer loop
      vertex 6.1117714323462184 19.251111260566397 0
      vertex 6.1117714323462184 19.251111260566397 1.5
      vertex 6.5 19.2 0
    endloop
  endfacet
  facet normal 0.6087614290087187 0.7933533402912366 -1.1490368776682164e-17
    outer loop
      vertex 5.439339828220179 19.639339828220177 1.5
      vertex 5.75 19.40096189432334 1.5
      vertex 5.75 19.40096189432334 0
    endloop
  endfacet
  facet normal 0.3826834323650903 0.9238795325112865 0
    outer loop
      vertex 6.1117714323462184 19.251111260566397 0
      vertex 5.75 19.40096189432334 1.5
      vertex 6.1117714323462184 19.251111260566397 1.5
    endloop
  endfacet
  facet normal 0.6087614290087187 0.7933533402912366 0
    outer loop
      vertex 5.439339828220179 19.639339828220177 0
      vertex 5.439339828220179 19.639339828220177 1.5
      vertex 5.75 19.40096189432334 0
    endloop
  endfacet
  facet normal 0.9914448613738104 0.13052619222005182 -1.2718561226698428e-18
    outer loop
      vertex 5.0511112605663975 20.31177143234622 0
      vertex 5 20.7 0
      vertex 5 20.7 1.5
    endloop
  endfacet
  facet normal 0.9914448613738104 -0.13052619222005182 1.2718561226698428e-18
    outer loop
      vertex 5 20.7 0
      vertex 5.0511112605663975 21.08822856765378 0
      vertex 5.0511112605663975 21.08822856765378 1.5
    endloop
  endfacet
  facet normal 0.9914448613738104 0.13052619222005182 0
    outer loop
      vertex 5.0511112605663975 20.31177143234622 0
      vertex 5 20.7 1.5
      vertex 5.0511112605663975 20.31177143234622 1.5
    endloop
  endfacet
  facet normal 0.9914448613738104 -0.13052619222005182 0
    outer loop
      vertex 5 20.7 0
      vertex 5.0511112605663975 21.08822856765378 1.5
      vertex 5 20.7 1.5
    endloop
  endfacet
  facet normal 0.9238795325112872 -0.38268343236508867 -3.248730296915409e-18
    outer loop
      vertex 5.0511112605663975 21.08822856765378 0
      vertex 5.200961894323342 21.45 0
      vertex 5.200961894323342 21.45 1.5
    endloop
  endfacet
  facet normal 0.7933533402912362 -0.6087614290087194 -5.594904087035695e-18
    outer loop
      vertex 5.200961894323342 21.45 0
      vertex 5.439339828220179 21.760660171779822 0
      vertex 5.439339828220179 21.760660171779822 1.5
    endloop
  endfacet
  facet normal 0.9238795325112872 -0.38268343236508867 0
    outer loop
      vertex 5.0511112605663975 21.08822856765378 0
      vertex 5.200961894323342 21.45 1.5
      vertex 5.0511112605663975 21.08822856765378 1.5
    endloop
  endfacet
  facet normal 0.7933533402912362 -0.6087614290087194 0
    outer loop
      vertex 5.200961894323342 21.45 0
      vertex 5.439339828220179 21.760660171779822 1.5
      vertex 5.200961894323342 21.45 1.5
    endloop
  endfacet
  facet normal 0.6087614290087187 -0.7933533402912366 0
    outer loop
      vertex 5.439339828220179 21.760660171779822 0
      vertex 5.75 21.999038105676657 1.5
      vertex 5.439339828220179 21.760660171779822 1.5
    endloop
  endfacet
  facet normal 0.6087614290087187 -0.7933533402912366 1.1490368776682164e-17
    outer loop
      vertex 5.439339828220179 21.760660171779822 0
      vertex 5.75 21.999038105676657 0
      vertex 5.75 21.999038105676657 1.5
    endloop
  endfacet
  facet normal 0.3826834323650903 -0.9238795325112865 4.291117137273226e-18
    outer loop
      vertex 5.75 21.999038105676657 0
      vertex 6.1117714323462184 22.148888739433602 0
      vertex 6.1117714323462184 22.148888739433602 1.5
    endloop
  endfacet
  facet normal 0.3826834323650903 -0.9238795325112865 0
    outer loop
      vertex 5.75 21.999038105676657 0
      vertex 6.1117714323462184 22.148888739433602 1.5
      vertex 5.75 21.999038105676657 1.5
    endloop
  endfacet
  facet normal 0.1305261922200512 -0.9914448613738105 0
    outer loop
      vertex 6.1117714323462184 22.148888739433602 0
      vertex 6.5 22.2 1.5
      vertex 6.1117714323462184 22.148888739433602 1.5
    endloop
  endfacet
  facet normal -0.1305261922200512 0.9914448613738105 0
    outer loop
      vertex 6.5 19.2 0
      vertex 6.5 19.2 1.5
      vertex 6.8882285676537816 19.251111260566397 0
    endloop
  endfacet
  facet normal -0.3826834323650903 0.9238795325112865 0
    outer loop
      vertex 6.8882285676537816 19.251111260566397 0
      vertex 6.8882285676537816 19.251111260566397 1.5
      vertex 7.25 19.40096189432334 0
    endloop
  endfacet
  facet normal 0.1305261922200512 0.9914448613738105 -2.269895957049022e-18
    outer loop
      vertex 6.1117714323462184 19.251111260566397 1.5
      vertex 6.5 19.2 1.5
      vertex 6.5 19.2 0
    endloop
  endfacet
  facet normal -0.1305261922200512 0.9914448613738105 0
    outer loop
      vertex 6.8882285676537816 19.251111260566397 0
      vertex 6.5 19.2 1.5
      vertex 6.8882285676537816 19.251111260566397 1.5
    endloop
  endfacet
  facet normal -0.6087614290087187 0.7933533402912366 0
    outer loop
      vertex 7.25 19.40096189432334 0
      vertex 7.25 19.40096189432334 1.5
      vertex 7.560660171779821 19.639339828220177 0
    endloop
  endfacet
  facet normal -0.3826834323650903 0.9238795325112865 4.291117137273226e-18
    outer loop
      vertex 6.8882285676537816 19.251111260566397 1.5
      vertex 7.25 19.40096189432334 1.5
      vertex 7.25 19.40096189432334 0
    endloop
  endfacet
  facet normal -0.7933533402912362 0.6087614290087194 0
    outer loop
      vertex 7.560660171779821 19.639339828220177 0
      vertex 7.560660171779821 19.639339828220177 1.5
      vertex 7.799038105676658 19.95 0
    endloop
  endfacet
  facet normal -0.6087614290087187 0.7933533402912366 1.1490368776682164e-17
    outer loop
      vertex 7.25 19.40096189432334 1.5
      vertex 7.560660171779821 19.639339828220177 1.5
      vertex 7.560660171779821 19.639339828220177 0
    endloop
  endfacet
  facet normal -0.7933533402912362 0.6087614290087194 0
    outer loop
      vertex 7.799038105676658 19.95 0
      vertex 7.560660171779821 19.639339828220177 1.5
      vertex 7.799038105676658 19.95 1.5
    endloop
  endfacet
  facet normal -0.6087614290087187 -0.7933533402912366 0
    outer loop
      vertex 7.560660171779821 21.760660171779822 0
      vertex 7.560660171779821 21.760660171779822 1.5
      vertex 7.25 21.999038105676657 0
    endloop
  endfacet
  facet normal -0.7933533402912362 -0.6087614290087194 0
    outer loop
      vertex 7.799038105676658 21.45 0
      vertex 7.799038105676658 21.45 1.5
      vertex 7.560660171779821 21.760660171779822 0
    endloop
  endfacet
  facet normal -0.7933533402912362 -0.6087614290087194 0
    outer loop
      vertex 7.560660171779821 21.760660171779822 0
      vertex 7.799038105676658 21.45 1.5
      vertex 7.560660171779821 21.760660171779822 1.5
    endloop
  endfacet
  facet normal -0.9238795325112872 0.38268343236508867 0
    outer loop
      vertex 7.799038105676658 19.95 0
      vertex 7.799038105676658 19.95 1.5
      vertex 7.9488887394336025 20.31177143234622 0
    endloop
  endfacet
  facet normal -0.9238795325112872 0.38268343236508867 -3.248730296915409e-18
    outer loop
      vertex 7.799038105676658 19.95 1.5
      vertex 7.9488887394336025 20.31177143234622 1.5
      vertex 7.9488887394336025 20.31177143234622 0
    endloop
  endfacet
  facet normal -0.9914448613738104 0.13052619222005182 0
    outer loop
      vertex 7.9488887394336025 20.31177143234622 0
      vertex 7.9488887394336025 20.31177143234622 1.5
      vertex 8 20.7 0
    endloop
  endfacet
  facet normal -0.9914448613738104 -0.13052619222005182 0
    outer loop
      vertex 8 20.7 0
      vertex 8 20.7 1.5
      vertex 7.9488887394336025 21.08822856765378 0
    endloop
  endfacet
  facet normal -0.9914448613738104 0.13052619222005182 1.2718561226698428e-18
    outer loop
      vertex 7.9488887394336025 20.31177143234622 1.5
      vertex 8 20.7 1.5
      vertex 8 20.7 0
    endloop
  endfacet
  facet normal -0.9914448613738104 -0.13052619222005182 0
    outer loop
      vertex 7.9488887394336025 21.08822856765378 0
      vertex 8 20.7 1.5
      vertex 7.9488887394336025 21.08822856765378 1.5
    endloop
  endfacet
  facet normal -0.9238795325112872 -0.38268343236508867 3.248730296915409e-18
    outer loop
      vertex 7.799038105676658 21.45 0
      vertex 7.9488887394336025 21.08822856765378 0
      vertex 7.9488887394336025 21.08822856765378 1.5
    endloop
  endfacet
  facet normal -0.9238795325112872 -0.38268343236508867 0
    outer loop
      vertex 7.799038105676658 21.45 0
      vertex 7.9488887394336025 21.08822856765378 1.5
      vertex 7.799038105676658 21.45 1.5
    endloop
  endfacet
  facet normal 0.1305261922200512 -0.9914448613738105 2.269895957049022e-18
    outer loop
      vertex 6.1117714323462184 22.148888739433602 0
      vertex 6.5 22.2 0
      vertex 6.5 22.2 1.5
    endloop
  endfacet
  facet normal -0.1305261922200512 -0.9914448613738105 -2.269895957049022e-18
    outer loop
      vertex 6.5 22.2 0
      vertex 6.8882285676537816 22.148888739433602 0
      vertex 6.8882285676537816 22.148888739433602 1.5
    endloop
  endfacet
  facet normal -0.1305261922200512 -0.9914448613738105 0
    outer loop
      vertex 6.5 22.2 0
      vertex 6.8882285676537816 22.148888739433602 1.5
      vertex 6.5 22.2 1.5
    endloop
  endfacet
  facet normal -0.3826834323650903 -0.9238795325112865 0
    outer loop
      vertex 6.8882285676537816 22.148888739433602 0
      vertex 7.25 21.999038105676657 1.5
      vertex 6.8882285676537816 22.148888739433602 1.5
    endloop
  endfacet
  facet normal -0.3826834323650903 -0.9238795325112865 -4.291117137273226e-18
    outer loop
      vertex 6.8882285676537816 22.148888739433602 0
      vertex 7.25 21.999038105676657 0
      vertex 7.25 21.999038105676657 1.5
    endloop
  endfacet
  facet normal -0.6087614290087187 -0.7933533402912366 -1.1490368776682164e-17
    outer loop
      vertex 7.560660171779821 21.760660171779822 1.5
      vertex 7.25 21.999038105676657 1.5
      vertex 7.25 21.999038105676657 0
    endloop
  endfacet
  facet normal 0.6087614290087187 0.7933533402912366 -1.1490368776682164e-17
    outer loop
      vertex 11.439339828220179 19.639339828220177 1.5
      vertex 11.75 19.40096189432334 1.5
      vertex 11.75 19.40096189432334 0
    endloop
  endfacet
  facet normal 0.7933533402912362 0.6087614290087194 0
    outer loop
      vertex 11.200961894323342 19.95 0
      vertex 11.200961894323342 19.95 1.5
      vertex 11.439339828220179 19.639339828220177 0
    endloop
  endfacet
  facet normal 0.9238795325112872 0.38268343236508867 0
    outer loop
      vertex 11.051111260566397 20.31177143234622 0
      vertex 11.051111260566397 20.31177143234622 1.5
      vertex 11.200961894323342 19.95 0
    endloop
  endfacet
  facet normal 0.6087614290087187 0.7933533402912366 0
    outer loop
      vertex 11.439339828220179 19.639339828220177 0
      vertex 11.439339828220179 19.639339828220177 1.5
      vertex 11.75 19.40096189432334 0
    endloop
  endfacet
  facet normal 0.9238795325112872 0.38268343236508867 0
    outer loop
      vertex 11.200961894323342 19.95 0
      vertex 11.051111260566397 20.31177143234622 1.5
      vertex 11.200961894323342 19.95 1.5
    endloop
  endfacet
  facet normal 0.7933533402912362 0.6087614290087194 0
    outer loop
      vertex 11.439339828220179 19.639339828220177 0
      vertex 11.200961894323342 19.95 1.5
      vertex 11.439339828220179 19.639339828220177 1.5
    endloop
  endfacet
  facet normal 0.3826834323650903 0.9238795325112865 0
    outer loop
      vertex 11.75 19.40096189432334 0
      vertex 11.75 19.40096189432334 1.5
      vertex 12.111771432346218 19.251111260566397 0
    endloop
  endfacet
  facet normal 0.1305261922200512 0.9914448613738105 0
    outer loop
      vertex 12.111771432346218 19.251111260566397 0
      vertex 12.111771432346218 19.251111260566397 1.5
      vertex 12.5 19.2 0
    endloop
  endfacet
  facet normal 0.3826834323650903 0.9238795325112865 0
    outer loop
      vertex 12.111771432346218 19.251111260566397 0
      vertex 11.75 19.40096189432334 1.5
      vertex 12.111771432346218 19.251111260566397 1.5
    endloop
  endfacet
  facet normal 0.1305261922200512 0.9914448613738105 -2.269895957049022e-18
    outer loop
      vertex 12.111771432346218 19.251111260566397 1.5
      vertex 12.5 19.2 1.5
      vertex 12.5 19.2 0
    endloop
  endfacet
  facet normal 0.9914448613738104 0.13052619222005182 -1.2718561226698428e-18
    outer loop
      vertex 11.051111260566397 20.31177143234622 0
      vertex 11 20.7 0
      vertex 11 20.7 1.5
    endloop
  endfacet
  facet normal 0.9914448613738104 -0.13052619222005182 1.2718561226698428e-18
    outer loop
      vertex 11 20.7 0
      vertex 11.051111260566397 21.08822856765378 0
      vertex 11.051111260566397 21.08822856765378 1.5
    endloop
  endfacet
  facet normal 0.9914448613738104 0.13052619222005182 0
    outer loop
      vertex 11.051111260566397 20.31177143234622 0
      vertex 11 20.7 1.5
      vertex 11.051111260566397 20.31177143234622 1.5
    endloop
  endfacet
  facet normal 0.9914448613738104 -0.13052619222005182 0
    outer loop
      vertex 11 20.7 0
      vertex 11.051111260566397 21.08822856765378 1.5
      vertex 11 20.7 1.5
    endloop
  endfacet
  facet normal 0.9238795325112872 -0.38268343236508867 -3.248730296915409e-18
    outer loop
      vertex 11.051111260566397 21.08822856765378 0
      vertex 11.200961894323342 21.45 0
      vertex 11.200961894323342 21.45 1.5
    endloop
  endfacet
  facet normal 0.7933533402912362 -0.6087614290087194 -5.594904087035695e-18
    outer loop
      vertex 11.200961894323342 21.45 0
      vertex 11.439339828220179 21.760660171779822 0
      vertex 11.439339828220179 21.760660171779822 1.5
    endloop
  endfacet
  facet normal 0.9238795325112872 -0.38268343236508867 0
    outer loop
      vertex 11.051111260566397 21.08822856765378 0
      vertex 11.200961894323342 21.45 1.5
      vertex 11.051111260566397 21.08822856765378 1.5
    endloop
  endfacet
  facet normal 0.7933533402912362 -0.6087614290087194 0
    outer loop
      vertex 11.200961894323342 21.45 0
      vertex 11.439339828220179 21.760660171779822 1.5
      vertex 11.200961894323342 21.45 1.5
    endloop
  endfacet
  facet normal 0.6087614290087187 -0.7933533402912366 0
    outer loop
      vertex 11.439339828220179 21.760660171779822 0
      vertex 11.75 21.999038105676657 1.5
      vertex 11.439339828220179 21.760660171779822 1.5
    endloop
  endfacet
  facet normal 0.6087614290087187 -0.7933533402912366 1.1490368776682164e-17
    outer loop
      vertex 11.439339828220179 21.760660171779822 0
      vertex 11.75 21.999038105676657 0
      vertex 11.75 21.999038105676657 1.5
    endloop
  endfacet
  facet normal 0.3826834323650903 -0.9238795325112865 4.291117137273226e-18
    outer loop
      vertex 11.75 21.999038105676657 0
      vertex 12.111771432346218 22.148888739433602 0
      vertex 12.111771432346218 22.148888739433602 1.5
    endloop
  endfacet
  facet normal 0.1305261922200512 -0.9914448613738105 2.269895957049022e-18
    outer loop
      vertex 12.111771432346218 22.148888739433602 0
      vertex 12.5 22.2 0
      vertex 12.5 22.2 1.5
    endloop
  endfacet
  facet normal 0.3826834323650903 -0.9238795325112865 0
    outer loop
      vertex 11.75 21.999038105676657 0
      vertex 12.111771432346218 22.148888739433602 1.5
      vertex 11.75 21.999038105676657 1.5
    endloop
  endfacet
  facet normal 0.1305261922200512 -0.9914448613738105 0
    outer loop
      vertex 12.111771432346218 22.148888739433602 0
      vertex 12.5 22.2 1.5
      vertex 12.111771432346218 22.148888739433602 1.5
    endloop
  endfacet
  facet normal -0.1305261922200512 0.9914448613738105 0
    outer loop
      vertex 12.5 19.2 0
      vertex 12.5 19.2 1.5
      vertex 12.888228567653782 19.251111260566397 0
    endloop
  endfacet
  facet normal -0.3826834323650903 0.9238795325112865 0
    outer loop
      vertex 12.888228567653782 19.251111260566397 0
      vertex 12.888228567653782 19.251111260566397 1.5
      vertex 13.25 19.40096189432334 0
    endloop
  endfacet
  facet normal -0.1305261922200512 0.9914448613738105 0
    outer loop
      vertex 12.888228567653782 19.251111260566397 0
      vertex 12.5 19.2 1.5
      vertex 12.888228567653782 19.251111260566397 1.5
    endloop
  endfacet
  facet normal -0.3826834323650903 0.9238795325112865 0
    outer loop
      vertex 13.25 19.40096189432334 0
      vertex 12.888228567653782 19.251111260566397 1.5
      vertex 13.25 19.40096189432334 1.5
    endloop
  endfacet
  facet normal -0.6087614290087187 0.7933533402912366 0
    outer loop
      vertex 13.25 19.40096189432334 0
      vertex 13.25 19.40096189432334 1.5
      vertex 13.560660171779821 19.639339828220177 0
    endloop
  endfacet
  facet normal -0.7933533402912362 0.6087614290087194 0
    outer loop
      vertex 13.560660171779821 19.639339828220177 0
      vertex 13.560660171779821 19.639339828220177 1.5
      vertex 13.799038105676658 19.95 0
    endloop
  endfacet
  facet normal -0.9238795325112872 0.38268343236508867 0
    outer loop
      vertex 13.799038105676658 19.95 0
      vertex 13.799038105676658 19.95 1.5
      vertex 13.948888739433603 20.31177143234622 0
    endloop
  endfacet
  facet normal -0.6087614290087187 0.7933533402912366 1.1490368776682164e-17
    outer loop
      vertex 13.25 19.40096189432334 1.5
      vertex 13.560660171779821 19.639339828220177 1.5
      vertex 13.560660171779821 19.639339828220177 0
    endloop
  endfacet
  facet normal -0.7933533402912362 0.6087614290087194 0
    outer loop
      vertex 13.799038105676658 19.95 0
      vertex 13.560660171779821 19.639339828220177 1.5
      vertex 13.799038105676658 19.95 1.5
    endloop
  endfacet
  facet normal -0.9238795325112872 0.38268343236508867 0
    outer loop
      vertex 13.948888739433603 20.31177143234622 0
      vertex 13.799038105676658 19.95 1.5
      vertex 13.948888739433603 20.31177143234622 1.5
    endloop
  endfacet
  facet normal -0.9914448613738104 0.13052619222005182 0
    outer loop
      vertex 13.948888739433603 20.31177143234622 0
      vertex 13.948888739433603 20.31177143234622 1.5
      vertex 14 20.7 0
    endloop
  endfacet
  facet normal -0.9914448613738104 -0.13052619222005182 0
    outer loop
      vertex 14 20.7 0
      vertex 14 20.7 1.5
      vertex 13.948888739433603 21.08822856765378 0
    endloop
  endfacet
  facet normal -0.9914448613738104 0.13052619222005182 1.2718561226698428e-18
    outer loop
      vertex 13.948888739433603 20.31177143234622 1.5
      vertex 14 20.7 1.5
      vertex 14 20.7 0
    endloop
  endfacet
  facet normal -0.9914448613738104 -0.13052619222005182 0
    outer loop
      vertex 13.948888739433603 21.08822856765378 0
      vertex 14 20.7 1.5
      vertex 13.948888739433603 21.08822856765378 1.5
    endloop
  endfacet
  facet normal -0.6087614290087187 -0.7933533402912366 0
    outer loop
      vertex 13.560660171779821 21.760660171779822 0
      vertex 13.560660171779821 21.760660171779822 1.5
      vertex 13.25 21.999038105676657 0
    endloop
  endfacet
  facet normal -0.9238795325112872 -0.38268343236508867 0
    outer loop
      vertex 13.948888739433603 21.08822856765378 0
      vertex 13.948888739433603 21.08822856765378 1.5
      vertex 13.799038105676658 21.45 0
    endloop
  endfacet
  facet normal -0.7933533402912362 -0.6087614290087194 5.594904087035695e-18
    outer loop
      vertex 13.560660171779821 21.760660171779822 0
      vertex 13.799038105676658 21.45 0
      vertex 13.799038105676658 21.45 1.5
    endloop
  endfacet
  facet normal -0.7933533402912362 -0.6087614290087194 0
    outer loop
      vertex 13.560660171779821 21.760660171779822 0
      vertex 13.799038105676658 21.45 1.5
      vertex 13.560660171779821 21.760660171779822 1.5
    endloop
  endfacet
  facet normal -0.9238795325112872 -0.38268343236508867 3.248730296915409e-18
    outer loop
      vertex 13.948888739433603 21.08822856765378 1.5
      vertex 13.799038105676658 21.45 1.5
      vertex 13.799038105676658 21.45 0
    endloop
  endfacet
  facet normal -0.1305261922200512 -0.9914448613738105 -2.269895957049022e-18
    outer loop
      vertex 12.5 22.2 0
      vertex 12.888228567653782 22.148888739433602 0
      vertex 12.888228567653782 22.148888739433602 1.5
    endloop
  endfacet
  facet normal -0.3826834323650903 -0.9238795325112865 -4.291117137273226e-18
    outer loop
      vertex 12.888228567653782 22.148888739433602 0
      vertex 13.25 21.999038105676657 0
      vertex 13.25 21.999038105676657 1.5
    endloop
  endfacet
  facet normal -0.1305261922200512 -0.9914448613738105 0
    outer loop
      vertex 12.5 22.2 0
      vertex 12.888228567653782 22.148888739433602 1.5
      vertex 12.5 22.2 1.5
    endloop
  endfacet
  facet normal -0.3826834323650903 -0.9238795325112865 0
    outer loop
      vertex 12.888228567653782 22.148888739433602 0
      vertex 13.25 21.999038105676657 1.5
      vertex 12.888228567653782 22.148888739433602 1.5
    endloop
  endfacet
  facet normal -0.6087614290087187 -0.7933533402912366 -1.1490368776682164e-17
    outer loop
      vertex 13.560660171779821 21.760660171779822 1.5
      vertex 13.25 21.999038105676657 1.5
      vertex 13.25 21.999038105676657 0
    endloop
  endfacet
  facet normal 0.9238795325112872 0.38268343236508867 0
    outer loop
      vertex 17.051111260566397 20.31177143234622 0
      vertex 17.051111260566397 20.31177143234622 1.5
      vertex 17.200961894323342 19.95 0
    endloop
  endfacet
  facet normal 0.9238795325112872 0.38268343236508867 3.248730296915409e-18
    outer loop
      vertex 17.051111260566397 20.31177143234622 1.5
      vertex 17.200961894323342 19.95 1.5
      vertex 17.200961894323342 19.95 0
    endloop
  endfacet
  facet normal 0.9914448613738104 0.13052619222005182 -1.2718561226698428e-18
    outer loop
      vertex 17.051111260566397 20.31177143234622 0
      vertex 17 20.7 0
      vertex 17 20.7 1.5
    endloop
  endfacet
  facet normal 0.9914448613738104 -0.13052619222005182 1.2718561226698428e-18
    outer loop
      vertex 17 20.7 0
      vertex 17.051111260566397 21.08822856765378 0
      vertex 17.051111260566397 21.08822856765378 1.5
    endloop
  endfacet
  facet normal 0.9914448613738104 0.13052619222005182 0
    outer loop
      vertex 17.051111260566397 20.31177143234622 0
      vertex 17 20.7 1.5
      vertex 17.051111260566397 20.31177143234622 1.5
    endloop
  endfacet
  facet normal 0.9914448613738104 -0.13052619222005182 0
    outer loop
      vertex 17 20.7 0
      vertex 17.051111260566397 21.08822856765378 1.5
      vertex 17 20.7 1.5
    endloop
  endfacet
  facet normal 0.9238795325112872 -0.38268343236508867 -3.248730296915409e-18
    outer loop
      vertex 17.051111260566397 21.08822856765378 0
      vertex 17.200961894323342 21.45 0
      vertex 17.200961894323342 21.45 1.5
    endloop
  endfacet
  facet normal 0.9238795325112872 -0.38268343236508867 0
    outer loop
      vertex 17.051111260566397 21.08822856765378 0
      vertex 17.200961894323342 21.45 1.5
      vertex 17.051111260566397 21.08822856765378 1.5
    endloop
  endfacet
  facet normal 0.38268343236508867 0.9238795325112872 0
    outer loop
      vertex 17.75 19.40096189432334 0
      vertex 17.75 19.40096189432334 1.5
      vertex 18.11177143234622 19.251111260566397 0
    endloop
  endfacet
  facet normal 0.6087614290087167 0.7933533402912384 0
    outer loop
      vertex 17.75 19.40096189432334 0
      vertex 17.439339828220177 19.639339828220177 1.5
      vertex 17.75 19.40096189432334 1.5
    endloop
  endfacet
  facet normal 0.7933533402912384 0.6087614290087167 3.077360419460254e-20
    outer loop
      vertex 17.439339828220177 19.639339828220177 0
      vertex 17.200961894323342 19.95 0
      vertex 17.200961894323342 19.95 1.5
    endloop
  endfacet
  facet normal 0.6087614290087167 0.7933533402912384 3.077360419460254e-20
    outer loop
      vertex 17.75 19.40096189432334 0
      vertex 17.439339828220177 19.639339828220177 0
      vertex 17.439339828220177 19.639339828220177 1.5
    endloop
  endfacet
  facet normal 0.7933533402912384 0.6087614290087167 0
    outer loop
      vertex 17.439339828220177 19.639339828220177 0
      vertex 17.200961894323342 19.95 1.5
      vertex 17.439339828220177 19.639339828220177 1.5
    endloop
  endfacet
  facet normal 0.13052619222005182 0.9914448613738104 0
    outer loop
      vertex 18.11177143234622 19.251111260566397 0
      vertex 18.11177143234622 19.251111260566397 1.5
      vertex 18.5 19.2 0
    endloop
  endfacet
  facet normal -0.13052619222005182 0.9914448613738104 0
    outer loop
      vertex 18.5 19.2 0
      vertex 18.5 19.2 1.5
      vertex 18.88822856765378 19.251111260566397 0
    endloop
  endfacet
  facet normal 0.38268343236508867 0.9238795325112872 3.248730296915409e-18
    outer loop
      vertex 17.75 19.40096189432334 1.5
      vertex 18.11177143234622 19.251111260566397 1.5
      vertex 18.11177143234622 19.251111260566397 0
    endloop
  endfacet
  facet normal 0.13052619222005182 0.9914448613738104 0
    outer loop
      vertex 18.5 19.2 0
      vertex 18.11177143234622 19.251111260566397 1.5
      vertex 18.5 19.2 1.5
    endloop
  endfacet
  facet normal 0.7933533402912384 -0.6087614290087167 -3.077360419460254e-20
    outer loop
      vertex 17.200961894323342 21.45 0
      vertex 17.439339828220177 21.760660171779822 0
      vertex 17.439339828220177 21.760660171779822 1.5
    endloop
  endfacet
  facet normal 0.7933533402912384 -0.6087614290087167 0
    outer loop
      vertex 17.200961894323342 21.45 0
      vertex 17.439339828220177 21.760660171779822 1.5
      vertex 17.200961894323342 21.45 1.5
    endloop
  endfacet
  facet normal 0.6087614290087167 -0.7933533402912384 0
    outer loop
      vertex 17.439339828220177 21.760660171779822 0
      vertex 17.75 21.999038105676657 1.5
      vertex 17.439339828220177 21.760660171779822 1.5
    endloop
  endfacet
  facet normal 0.6087614290087167 -0.7933533402912384 -3.077360419460254e-20
    outer loop
      vertex 17.439339828220177 21.760660171779822 0
      vertex 17.75 21.999038105676657 0
      vertex 17.75 21.999038105676657 1.5
    endloop
  endfacet
  facet normal 0.38268343236508867 -0.9238795325112872 0
    outer loop
      vertex 17.75 21.999038105676657 0
      vertex 18.11177143234622 22.148888739433602 1.5
      vertex 17.75 21.999038105676657 1.5
    endloop
  endfacet
  facet normal 0.38268343236508867 -0.9238795325112872 -3.248730296915409e-18
    outer loop
      vertex 17.75 21.999038105676657 0
      vertex 18.11177143234622 22.148888739433602 0
      vertex 18.11177143234622 22.148888739433602 1.5
    endloop
  endfacet
  facet normal 0.13052619222005182 -0.9914448613738104 1.2718561226698428e-18
    outer loop
      vertex 18.11177143234622 22.148888739433602 0
      vertex 18.5 22.2 0
      vertex 18.5 22.2 1.5
    endloop
  endfacet
  facet normal 0.13052619222005182 -0.9914448613738104 0
    outer loop
      vertex 18.11177143234622 22.148888739433602 0
      vertex 18.5 22.2 1.5
      vertex 18.11177143234622 22.148888739433602 1.5
    endloop
  endfacet
  facet normal -0.13052619222005182 -0.9914448613738104 0
    outer loop
      vertex 18.5 22.2 0
      vertex 18.88822856765378 22.148888739433602 1.5
      vertex 18.5 22.2 1.5
    endloop
  endfacet
  facet normal -0.38268343236508867 0.9238795325112872 0
    outer loop
      vertex 18.88822856765378 19.251111260566397 0
      vertex 18.88822856765378 19.251111260566397 1.5
      vertex 19.25 19.40096189432334 0
    endloop
  endfacet
  facet normal -0.6087614290087167 0.7933533402912384 0
    outer loop
      vertex 19.25 19.40096189432334 0
      vertex 19.25 19.40096189432334 1.5
      vertex 19.560660171779823 19.639339828220177 0
    endloop
  endfacet
  facet normal -0.13052619222005182 0.9914448613738104 1.2718561226698428e-18
    outer loop
      vertex 18.5 19.2 1.5
      vertex 18.88822856765378 19.251111260566397 1.5
      vertex 18.88822856765378 19.251111260566397 0
    endloop
  endfacet
  facet normal -0.38268343236508867 0.9238795325112872 0
    outer loop
      vertex 19.25 19.40096189432334 0
      vertex 18.88822856765378 19.251111260566397 1.5
      vertex 19.25 19.40096189432334 1.5
    endloop
  endfacet
  facet normal -0.6087614290087167 0.7933533402912384 -3.077360419460254e-20
    outer loop
      vertex 19.25 19.40096189432334 1.5
      vertex 19.560660171779823 19.639339828220177 1.5
      vertex 19.560660171779823 19.639339828220177 0
    endloop
  endfacet
  facet normal -0.7933533402912384 0.6087614290087167 0
    outer loop
      vertex 19.560660171779823 19.639339828220177 0
      vertex 19.560660171779823 19.639339828220177 1.5
      vertex 19.799038105676658 19.95 0
    endloop
  endfacet
  facet normal -0.9238795325112872 0.38268343236508867 0
    outer loop
      vertex 19.799038105676658 19.95 0
      vertex 19.799038105676658 19.95 1.5
      vertex 19.948888739433603 20.31177143234622 0
    endloop
  endfacet
  facet normal -0.7933533402912384 0.6087614290087167 0
    outer loop
      vertex 19.799038105676658 19.95 0
      vertex 19.560660171779823 19.639339828220177 1.5
      vertex 19.799038105676658 19.95 1.5
    endloop
  endfacet
  facet normal -0.9238795325112872 0.38268343236508867 0
    outer loop
      vertex 19.948888739433603 20.31177143234622 0
      vertex 19.799038105676658 19.95 1.5
      vertex 19.948888739433603 20.31177143234622 1.5
    endloop
  endfacet
  facet normal -0.6087614290087167 -0.7933533402912384 0
    outer loop
      vertex 19.560660171779823 21.760660171779822 0
      vertex 19.560660171779823 21.760660171779822 1.5
      vertex 19.25 21.999038105676657 0
    endloop
  endfacet
  facet normal -0.9914448613738104 0.13052619222005182 0
    outer loop
      vertex 19.948888739433603 20.31177143234622 0
      vertex 19.948888739433603 20.31177143234622 1.5
      vertex 20 20.7 0
    endloop
  endfacet
  facet normal -0.9914448613738104 -0.13052619222005182 0
    outer loop
      vertex 20 20.7 0
      vertex 20 20.7 1.5
      vertex 19.948888739433603 21.08822856765378 0
    endloop
  endfacet
  facet normal -0.9914448613738104 0.13052619222005182 1.2718561226698428e-18
    outer loop
      vertex 19.948888739433603 20.31177143234622 1.5
      vertex 20 20.7 1.5
      vertex 20 20.7 0
    endloop
  endfacet
  facet normal -0.9914448613738104 -0.13052619222005182 0
    outer loop
      vertex 19.948888739433603 21.08822856765378 0
      vertex 20 20.7 1.5
      vertex 19.948888739433603 21.08822856765378 1.5
    endloop
  endfacet
  facet normal -0.9238795325112872 -0.38268343236508867 0
    outer loop
      vertex 19.948888739433603 21.08822856765378 0
      vertex 19.948888739433603 21.08822856765378 1.5
      vertex 19.799038105676658 21.45 0
    endloop
  endfacet
  facet normal -0.7933533402912384 -0.6087614290087167 0
    outer loop
      vertex 19.799038105676658 21.45 0
      vertex 19.799038105676658 21.45 1.5
      vertex 19.560660171779823 21.760660171779822 0
    endloop
  endfacet
  facet normal -0.9238795325112872 -0.38268343236508867 3.248730296915409e-18
    outer loop
      vertex 19.948888739433603 21.08822856765378 1.5
      vertex 19.799038105676658 21.45 1.5
      vertex 19.799038105676658 21.45 0
    endloop
  endfacet
  facet normal -0.7933533402912384 -0.6087614290087167 0
    outer loop
      vertex 19.560660171779823 21.760660171779822 0
      vertex 19.799038105676658 21.45 1.5
      vertex 19.560660171779823 21.760660171779822 1.5
    endloop
  endfacet
  facet normal -0.13052619222005182 -0.9914448613738104 -1.2718561226698428e-18
    outer loop
      vertex 18.5 22.2 0
      vertex 18.88822856765378 22.148888739433602 0
      vertex 18.88822856765378 22.148888739433602 1.5
    endloop
  endfacet
  facet normal -0.38268343236508867 -0.9238795325112872 3.248730296915409e-18
    outer loop
      vertex 18.88822856765378 22.148888739433602 0
      vertex 19.25 21.999038105676657 0
      vertex 19.25 21.999038105676657 1.5
    endloop
  endfacet
  facet normal -0.38268343236508867 -0.9238795325112872 0
    outer loop
      vertex 18.88822856765378 22.148888739433602 0
      vertex 19.25 21.999038105676657 1.5
      vertex 18.88822856765378 22.148888739433602 1.5
    endloop
  endfacet
  facet normal -0.6087614290087167 -0.7933533402912384 3.077360419460254e-20
    outer loop
      vertex 19.560660171779823 21.760660171779822 1.5
      vertex 19.25 21.999038105676657 1.5
      vertex 19.25 21.999038105676657 0
    endloop
  endfacet
  facet normal 0 0 -1
    outer loop
      vertex 0 0 0
      vertex 5.214954984344721 9.430286784730379 0
      vertex 5.409009742330268 9.209009742330268 0
    endloop
  endfacet
  facet normal 0 0 -1
    outer loop
      vertex 0 0 0
      vertex 5.409009742330268 9.209009742330268 0
      vertex 5.630286784730378 9.014954984344723 0
    endloop
  endfacet
  facet normal 0 0 -1
    outer loop
      vertex 0 0 0
      vertex 5.630286784730378 9.014954984344723 0
      vertex 5.875 8.851442841485014 0
    endloop
  endfacet
  facet normal 0 0 -1
    outer loop
      vertex 0 0 0
      vertex 5.875 8.851442841485014 0
      vertex 6.138962277178548 8.721271051849605 0
    endloop
  endfacet
  facet normal 0 0 -1
    outer loop
      vertex 0 0 0
      vertex 6.138962277178548 8.721271051849605 0
      vertex 6.417657148519329 8.626666890849597 0
    endloop
  endfacet
  facet normal 0 0 -1
    outer loop
      vertex 0 0 0
      vertex 6.417657148519329 8.626666890849597 0
      vertex 6.706316067504884 8.569249061908927 0
    endloop
  endfacet
  facet normal 0 0 -1
    outer loop
      vertex 0 0 0
      vertex 6.706316067504884 8.569249061908927 0
      vertex 7 8.55 0
    endloop
  endfacet
  facet normal 0 0 -1
    outer loop
      vertex 0 0 0
      vertex 7 8.55 0
      vertex 7.293683932495116 8.569249061908927 0
    endloop
  endfacet
  facet normal 0 0 -1
    outer loop
      vertex 0 0 0
      vertex 7.293683932495116 8.569249061908927 0
      vertex 7.582342851480671 8.626666890849597 0
    endloop
  endfacet
  facet normal 0 0 -1
    outer loop
      vertex 0 0 0
      vertex 7.582342851480671 8.626666890849597 0
      vertex 7.861037722821452 8.721271051849605 0
    endloop
  endfacet
  facet normal 0 0 -1
    outer loop
      vertex 0 0 0
      vertex 7.861037722821452 8.721271051849605 0
      vertex 8.125 8.851442841485014 0
    endloop
  endfacet
  facet normal 0 0 -1
    outer loop
      vertex 0 0 0
      vertex 8.125 8.851442841485014 0
      vertex 8.369713215269622 9.014954984344723 0
    endloop
  endfacet
  facet normal 0 0 -1
    outer loop
      vertex 0 0 0
      vertex 8.369713215269622 9.014954984344723 0
      vertex 8.590990257669732 9.209009742330268 0
    endloop
  endfacet
  facet normal 0 0 -1
    outer loop
      vertex 0 0 0
      vertex 0 25 0
      vertex 4.75 10.8 0
    endloop
  endfacet
  facet normal 0 0 -1
    outer loop
      vertex 0 0 0
      vertex 5.051442841485013 9.675 0
      vertex 5.214954984344721 9.430286784730379 0
    endloop
  endfacet
  facet normal 0 0 -1
    outer loop
      vertex 0 0 0
      vertex 4.921271051849605 9.938962277178549 0
      vertex 5.051442841485013 9.675 0
    endloop
  endfacet
  facet normal 0 0 -1
    outer loop
      vertex 0 0 0
      vertex 4.826666890849596 10.21765714851933 0
      vertex 4.921271051849605 9.938962277178549 0
    endloop
  endfacet
  facet normal 0 0 -1
    outer loop
      vertex 0 0 0
      vertex 4.769249061908926 10.506316067504885 0
      vertex 4.826666890849596 10.21765714851933 0
    endloop
  endfacet
  facet normal 0 0 -1
    outer loop
      vertex 0 0 0
      vertex 4.75 10.8 0
      vertex 4.769249061908926 10.506316067504885 0
    endloop
  endfacet
  facet normal -1 0 0
    outer loop
      vertex 0 0 0
      vertex 0 7.75 18
      vertex 0 17.25 18
    endloop
  endfacet
  facet normal 0 0 -1
    outer loop
      vertex 0 0 0
      vertex 10.421271051849605 4.438962277178549 0
      vertex 10.551442841485013 4.175000000000001 0
    endloop
  endfacet
  facet normal 0 0 -1
    outer loop
      vertex 0 0 0
      vertex 10.326666890849596 4.717657148519329 0
      vertex 10.421271051849605 4.438962277178549 0
    endloop
  endfacet
  facet normal 0 0 -1
    outer loop
      vertex 0 0 0
      vertex 11.130286784730378 3.5149549843447216 0
      vertex 11.375 3.3514428414850137 0
    endloop
  endfacet
  facet normal 0 0 -1
    outer loop
      vertex 0 0 0
      vertex 11.375 3.3514428414850137 0
      vertex 11.638962277178548 3.2212710518496057 0
    endloop
  endfacet
  facet normal 0 0 -1
    outer loop
      vertex 0 0 0
      vertex 10.551442841485013 4.175000000000001 0
      vertex 10.714954984344722 3.930286784730379 0
    endloop
  endfacet
  facet normal 0 0 -1
    outer loop
      vertex 0 0 0
      vertex 10.714954984344722 3.930286784730379 0
      vertex 10.909009742330268 3.7090097423302684 0
    endloop
  endfacet
  facet normal 0 0 -1
    outer loop
      vertex 0 0 0
      vertex 10.909009742330268 3.7090097423302684 0
      vertex 11.130286784730378 3.5149549843447216 0
    endloop
  endfacet
  facet normal 0 0 -1
    outer loop
      vertex 0 0 0
      vertex 11.638962277178548 3.2212710518496057 0
      vertex 11.917657148519329 3.126666890849597 0
    endloop
  endfacet
  facet normal 0 0 -1
    outer loop
      vertex 0 0 0
      vertex 10.269249061908926 5.006316067504884 0
      vertex 10.326666890849596 4.717657148519329 0
    endloop
  endfacet
  facet normal 0 0 -1
    outer loop
      vertex 0 0 0
      vertex 10.25 5.300000000000001 0
      vertex 10.269249061908926 5.006316067504884 0
    endloop
  endfacet
  facet normal 0 0 -1
    outer loop
      vertex 0 0 0
      vertex 10.269249061908926 5.593683932495117 0
      vertex 10.25 5.300000000000001 0
    endloop
  endfacet
  facet normal 0 0 -1
    outer loop
      vertex 0 0 0
      vertex 10.326666890849596 5.882342851480672 0
      vertex 10.269249061908926 5.593683932495117 0
    endloop
  endfacet
  facet normal 0 0 -1
    outer loop
      vertex 0 0 0
      vertex 10.421271051849605 6.161037722821453 0
      vertex 10.326666890849596 5.882342851480672 0
    endloop
  endfacet
  facet normal 0 0 -1
    outer loop
      vertex 0 0 0
      vertex 10.551442841485013 6.425000000000001 0
      vertex 10.421271051849605 6.161037722821453 0
    endloop
  endfacet
  facet normal 0 0 -1
    outer loop
      vertex 0 0 0
      vertex 10.714954984344722 6.669713215269622 0
      vertex 10.551442841485013 6.425000000000001 0
    endloop
  endfacet
  facet normal 0 0 -1
    outer loop
      vertex 0 0 0
      vertex 10.909009742330268 6.890990257669733 0
      vertex 10.714954984344722 6.669713215269622 0
    endloop
  endfacet
  facet normal 0 0 -1
    outer loop
      vertex 0 0 0
      vertex 11.130286784730378 7.08504501565528 0
      vertex 10.909009742330268 6.890990257669733 0
    endloop
  endfacet
  facet normal 0 0 -1
    outer loop
      vertex 0 0 0
      vertex 11.375 7.248557158514988 0
      vertex 11.130286784730378 7.08504501565528 0
    endloop
  endfacet
  facet normal 0 0 -1
    outer loop
      vertex 0 0 0
      vertex 10.714954984344722 9.430286784730379 0
      vertex 10.909009742330268 9.209009742330268 0
    endloop
  endfacet
  facet normal 0 0 -1
    outer loop
      vertex 0 0 0
      vertex 10.909009742330268 9.209009742330268 0
      vertex 11.130286784730378 9.014954984344723 0
    endloop
  endfacet
  facet normal 0 0 -1
    outer loop
      vertex 0 0 0
      vertex 11.375 8.851442841485014 0
      vertex 11.638962277178548 8.721271051849605 0
    endloop
  endfacet
  facet normal 0 0 -1
    outer loop
      vertex 0 0 0
      vertex 11.130286784730378 9.014954984344723 0
      vertex 11.375 8.851442841485014 0
    endloop
  endfacet
  facet normal 0 0 -1
    outer loop
      vertex 0 0 0
      vertex 12.5 8.55 0
      vertex 11.375 7.248557158514988 0
    endloop
  endfacet
  facet normal 0 0 -1
    outer loop
      vertex 0 0 0
      vertex 11.638962277178548 8.721271051849605 0
      vertex 11.917657148519329 8.626666890849597 0
    endloop
  endfacet
  facet normal 0 0 -1
    outer loop
      vertex 0 0 0
      vertex 11.917657148519329 8.626666890849597 0
      vertex 12.206316067504885 8.569249061908927 0
    endloop
  endfacet
  facet normal 0 0 -1
    outer loop
      vertex 0 0 0
      vertex 12.206316067504885 8.569249061908927 0
      vertex 12.5 8.55 0
    endloop
  endfacet
  facet normal 0 0 -1
    outer loop
      vertex 0 0 0
      vertex 11.917657148519329 3.126666890849597 0
      vertex 25 0 0
    endloop
  endfacet
  facet normal 0 0 -1
    outer loop
      vertex 0 0 0
      vertex 8.590990257669732 9.209009742330268 0
      vertex 10.25 10.8 0
    endloop
  endfacet
  facet normal 0 0 -1
    outer loop
      vertex 0 0 0
      vertex 10.421271051849605 9.938962277178549 0
      vertex 10.551442841485013 9.675 0
    endloop
  endfacet
  facet normal 0 0 -1
    outer loop
      vertex 0 0 0
      vertex 10.326666890849596 10.21765714851933 0
      vertex 10.421271051849605 9.938962277178549 0
    endloop
  endfacet
  facet normal 0 0 -1
    outer loop
      vertex 0 0 0
      vertex 10.269249061908926 10.506316067504885 0
      vertex 10.326666890849596 10.21765714851933 0
    endloop
  endfacet
  facet normal 0 0 -1
    outer loop
      vertex 0 0 0
      vertex 10.25 10.8 0
      vertex 10.269249061908926 10.506316067504885 0
    endloop
  endfacet
  facet normal 0 0 -1
    outer loop
      vertex 0 0 0
      vertex 10.551442841485013 9.675 0
      vertex 10.714954984344722 9.430286784730379 0
    endloop
  endfacet
  facet normal 0 0 -1
    outer loop
      vertex 8.590990257669732 9.209009742330268 0
      vertex 8.785045015655278 9.430286784730379 0
      vertex 10.25 10.8 0
    endloop
  endfacet
  facet normal 0 0 -1
    outer loop
      vertex 8.785045015655278 9.430286784730379 0
      vertex 8.948557158514987 9.675 0
      vertex 10.25 10.8 0
    endloop
  endfacet
  facet normal 0 0 -1
    outer loop
      vertex 11.375 7.248557158514988 0
      vertex 12.5 8.55 0
      vertex 11.638962277178548 7.378728948150396 0
    endloop
  endfacet
  facet normal 0 0 -1
    outer loop
      vertex 11.638962277178548 7.378728948150396 0
      vertex 12.5 8.55 0
      vertex 11.917657148519329 7.4733331091504045 0
    endloop
  endfacet
  facet normal 0 0 -1
    outer loop
      vertex 11.917657148519329 7.4733331091504045 0
      vertex 12.5 8.55 0
      vertex 12.206316067504885 7.530750938091074 0
    endloop
  endfacet
  facet normal 0 0 -1
    outer loop
      vertex 12.206316067504885 7.530750938091074 0
      vertex 12.5 8.55 0
      vertex 12.5 7.550000000000001 0
    endloop
  endfacet
  facet normal 0 0 -1
    outer loop
      vertex 8.948557158514987 9.675 0
      vertex 9.078728948150395 9.938962277178549 0
      vertex 10.25 10.8 0
    endloop
  endfacet
  facet normal 0 0 -1
    outer loop
      vertex 9.078728948150395 9.938962277178549 0
      vertex 10.269249061908926 11.093683932495116 0
      vertex 10.25 10.8 0
    endloop
  endfacet
  facet normal 0 0 -1
    outer loop
      vertex 9.078728948150395 9.938962277178549 0
      vertex 10.326666890849596 11.382342851480672 0
      vertex 10.269249061908926 11.093683932495116 0
    endloop
  endfacet
  facet normal 0 0 -1
    outer loop
      vertex 9.078728948150395 9.938962277178549 0
      vertex 10.421271051849605 11.661037722821453 0
      vertex 10.326666890849596 11.382342851480672 0
    endloop
  endfacet
  facet normal 0 0 -1
    outer loop
      vertex 9.078728948150395 9.938962277178549 0
      vertex 10.551442841485013 11.925 0
      vertex 10.421271051849605 11.661037722821453 0
    endloop
  endfacet
  facet normal 0 0 -1
    outer loop
      vertex 9.078728948150395 9.938962277178549 0
      vertex 9.173333109150404 10.21765714851933 0
      vertex 11.638962277178548 14.221271051849605 0
    endloop
  endfacet
  facet normal 0 0 -1
    outer loop
      vertex 9.078728948150395 9.938962277178549 0
      vertex 10.714954984344722 12.169713215269622 0
      vertex 10.551442841485013 11.925 0
    endloop
  endfacet
  facet normal 0 0 -1
    outer loop
      vertex 9.173333109150404 10.21765714851933 0
      vertex 9.230750938091074 10.506316067504885 0
      vertex 11.638962277178548 14.221271051849605 0
    endloop
  endfacet
  facet normal 0 0 -1
    outer loop
      vertex 9.230750938091074 10.506316067504885 0
      vertex 9.25 10.8 0
      vertex 11.638962277178548 14.221271051849605 0
    endloop
  endfacet
  facet normal 0 0 -1
    outer loop
      vertex 9.25 10.8 0
      vertex 9.230750938091074 11.093683932495116 0
      vertex 11.638962277178548 14.221271051849605 0
    endloop
  endfacet
  facet normal 0 0 -1
    outer loop
      vertex 9.230750938091074 11.093683932495116 0
      vertex 9.173333109150404 11.382342851480672 0
      vertex 11.638962277178548 14.221271051849605 0
    endloop
  endfacet
  facet normal 0 0 -1
    outer loop
      vertex 9.173333109150404 11.382342851480672 0
      vertex 9.078728948150395 11.661037722821453 0
      vertex 11.638962277178548 14.221271051849605 0
    endloop
  endfacet
  facet normal 0 0 -1
    outer loop
      vertex 9.078728948150395 9.938962277178549 0
      vertex 11.638962277178548 14.221271051849605 0
      vertex 10.714954984344722 12.169713215269622 0
    endloop
  endfacet
  facet normal -1 0 0
    outer loop
      vertex 0 0 0
      vertex 0 0 25
      vertex 0 7.75 18
    endloop
  endfacet
  facet normal -1 0 0
    outer loop
      vertex 0 0 25
      vertex 0 7.75 21.6
      vertex 0 7.75 18
    endloop
  endfacet
  facet normal 0 0 1
    outer loop
      vertex 0 0 25
      vertex 1.5 1.5 25
      vertex 0 25 25
    endloop
  endfacet
  facet normal -1 0 0
    outer loop
      vertex 0 0 25
      vertex 0 25 25
      vertex 0 7.75 21.6
    endloop
  endfacet
  facet normal 0 -1 0
    outer loop
      vertex 0 0 0
      vertex 25 0 25
      vertex 0 0 25
    endloop
  endfacet
  facet normal 0 0 1
    outer loop
      vertex 0 0 25
      vertex 23.5 1.5 25
      vertex 1.5 1.5 25
    endloop
  endfacet
  facet normal 0 0 -1
    outer loop
      vertex 4.75 10.8 0
      vertex 5.0511112605663975 20.31177143234622 0
      vertex 4.769249061908926 11.093683932495116 0
    endloop
  endfacet
  facet normal 0 0 -1
    outer loop
      vertex 4.769249061908926 11.093683932495116 0
      vertex 5.0511112605663975 20.31177143234622 0
      vertex 4.826666890849596 11.382342851480672 0
    endloop
  endfacet
  facet normal 0 0 -1
    outer loop
      vertex 4.826666890849596 11.382342851480672 0
      vertex 5.0511112605663975 20.31177143234622 0
      vertex 4.921271051849605 11.661037722821453 0
    endloop
  endfacet
  facet normal 0 0 -1
    outer loop
      vertex 4.921271051849605 11.661037722821453 0
      vertex 5.0511112605663975 20.31177143234622 0
      vertex 5.051442841485013 11.925 0
    endloop
  endfacet
  facet normal 0 0 -1
    outer loop
      vertex 5.051442841485013 11.925 0
      vertex 5.200961894323342 19.95 0
      vertex 5.214954984344721 12.169713215269622 0
    endloop
  endfacet
  facet normal 0 0 -1
    outer loop
      vertex 5.214954984344721 12.169713215269622 0
      vertex 5.200961894323342 19.95 0
      vertex 5.409009742330268 12.390990257669733 0
    endloop
  endfacet
  facet normal 0 0 -1
    outer loop
      vertex 5.409009742330268 12.390990257669733 0
      vertex 5.439339828220179 19.639339828220177 0
      vertex 5.630286784730378 12.585045015655279 0
    endloop
  endfacet
  facet normal 0 0 -1
    outer loop
      vertex 5.630286784730378 12.585045015655279 0
      vertex 5.75 19.40096189432334 0
      vertex 5.875 12.748557158514988 0
    endloop
  endfacet
  facet normal 0 0 -1
    outer loop
      vertex 5.875 12.748557158514988 0
      vertex 5.75 19.40096189432334 0
      vertex 6.138962277178548 12.878728948150396 0
    endloop
  endfacet
  facet normal 0 0 -1
    outer loop
      vertex 6.138962277178548 12.878728948150396 0
      vertex 5.75 19.40096189432334 0
      vertex 6.417657148519329 12.973333109150404 0
    endloop
  endfacet
  facet normal 0 0 -1
    outer loop
      vertex 4.75 10.8 0
      vertex 0 25 0
      vertex 5.0511112605663975 20.31177143234622 0
    endloop
  endfacet
  facet normal 0 0 -1
    outer loop
      vertex 5.051442841485013 11.925 0
      vertex 5.0511112605663975 20.31177143234622 0
      vertex 5.200961894323342 19.95 0
    endloop
  endfacet
  facet normal 0 0 -1
    outer loop
      vertex 5.409009742330268 12.390990257669733 0
      vertex 5.200961894323342 19.95 0
      vertex 5.439339828220179 19.639339828220177 0
    endloop
  endfacet
  facet normal 0 0 -1
    outer loop
      vertex 5.630286784730378 12.585045015655279 0
      vertex 5.439339828220179 19.639339828220177 0
      vertex 5.75 19.40096189432334 0
    endloop
  endfacet
  facet normal -1 0 0
    outer loop
      vertex 0 0 0
      vertex 0 25 25
      vertex 0 25 0
    endloop
  endfacet
  facet normal 0 0 -1
    outer loop
      vertex 0 25 0
      vertex 5 20.7 0
      vertex 5.0511112605663975 20.31177143234622 0
    endloop
  endfacet
  facet normal 0 0 -1
    outer loop
      vertex 0 25 0
      vertex 5.0511112605663975 21.08822856765378 0
      vertex 5 20.7 0
    endloop
  endfacet
  facet normal 0 0 -1
    outer loop
      vertex 0 25 0
      vertex 5.200961894323342 21.45 0
      vertex 5.0511112605663975 21.08822856765378 0
    endloop
  endfacet
  facet normal 0 0 -1
    outer loop
      vertex 0 25 0
      vertex 5.439339828220179 21.760660171779822 0
      vertex 5.200961894323342 21.45 0
    endloop
  endfacet
  facet normal 0 0 -1
    outer loop
      vertex 0 25 0
      vertex 5.75 21.999038105676657 0
      vertex 5.439339828220179 21.760660171779822 0
    endloop
  endfacet
  facet normal 0 0 -1
    outer loop
      vertex 0 25 0
      vertex 6.1117714323462184 22.148888739433602 0
      vertex 5.75 21.999038105676657 0
    endloop
  endfacet
  facet normal 0 0 -1
    outer loop
      vertex 0 25 0
      vertex 6.5 22.2 0
      vertex 6.1117714323462184 22.148888739433602 0
    endloop
  endfacet
  facet normal 0 0 -1
    outer loop
      vertex 5.75 19.40096189432334 0
      vertex 6.706316067504884 13.030750938091074 0
      vertex 6.417657148519329 12.973333109150404 0
    endloop
  endfacet
  facet normal 0 0 -1
    outer loop
      vertex 5.75 19.40096189432334 0
      vertex 7 13.05 0
      vertex 6.706316067504884 13.030750938091074 0
    endloop
  endfacet
  facet normal 0 0 -1
    outer loop
      vertex 5.75 19.40096189432334 0
      vertex 7.293683932495116 13.030750938091074 0
      vertex 7 13.05 0
    endloop
  endfacet
  facet normal 0 0 -1
    outer loop
      vertex 7.293683932495116 13.030750938091074 0
      vertex 10.326666890849596 15.71765714851933 0
      vertex 7.582342851480671 12.973333109150404 0
    endloop
  endfacet
  facet normal 0 0 -1
    outer loop
      vertex 8.590990257669732 12.390990257669733 0
      vertex 8.369713215269622 12.585045015655279 0
      vertex 10.909009742330268 14.709009742330268 0
    endloop
  endfacet
  facet normal 0 0 -1
    outer loop
      vertex 7.861037722821452 12.878728948150396 0
      vertex 10.551442841485013 15.175 0
      vertex 8.125 12.748557158514988 0
    endloop
  endfacet
  facet normal 0 0 -1
    outer loop
      vertex 7.582342851480671 12.973333109150404 0
      vertex 10.421271051849605 15.438962277178549 0
      vertex 7.861037722821452 12.878728948150396 0
    endloop
  endfacet
  facet normal 0 0 -1
    outer loop
      vertex 8.125 12.748557158514988 0
      vertex 10.714954984344722 14.930286784730379 0
      vertex 8.369713215269622 12.585045015655279 0
    endloop
  endfacet
  facet normal 0 0 -1
    outer loop
      vertex 5.75 19.40096189432334 0
      vertex 10.326666890849596 15.71765714851933 0
      vertex 7.293683932495116 13.030750938091074 0
    endloop
  endfacet
  facet normal 0 0 -1
    outer loop
      vertex 5.75 19.40096189432334 0
      vertex 6.1117714323462184 19.251111260566397 0
      vertex 10.25 16.3 0
    endloop
  endfacet
  facet normal 0 0 -1
    outer loop
      vertex 6.1117714323462184 19.251111260566397 0
      vertex 6.5 19.2 0
      vertex 10.25 16.3 0
    endloop
  endfacet
  facet normal 0 0 -1
    outer loop
      vertex 5.75 19.40096189432334 0
      vertex 10.269249061908926 16.006316067504883 0
      vertex 10.326666890849596 15.71765714851933 0
    endloop
  endfacet
  facet normal 0 0 -1
    outer loop
      vertex 10.25 16.3 0
      vertex 6.5 19.2 0
      vertex 6.8882285676537816 19.251111260566397 0
    endloop
  endfacet
  facet normal 0 0 -1
    outer loop
      vertex 10.269249061908926 16.593683932495118 0
      vertex 6.8882285676537816 19.251111260566397 0
      vertex 7.25 19.40096189432334 0
    endloop
  endfacet
  facet normal 0 0 -1
    outer loop
      vertex 10.421271051849605 17.16103772282145 0
      vertex 7.25 19.40096189432334 0
      vertex 7.560660171779821 19.639339828220177 0
    endloop
  endfacet
  facet normal 0 0 -1
    outer loop
      vertex 5.75 19.40096189432334 0
      vertex 10.25 16.3 0
      vertex 10.269249061908926 16.006316067504883 0
    endloop
  endfacet
  facet normal 0 0 -1
    outer loop
      vertex 10.25 16.3 0
      vertex 6.8882285676537816 19.251111260566397 0
      vertex 10.269249061908926 16.593683932495118 0
    endloop
  endfacet
  facet normal 0 0 -1
    outer loop
      vertex 10.269249061908926 16.593683932495118 0
      vertex 7.25 19.40096189432334 0
      vertex 10.326666890849596 16.882342851480672 0
    endloop
  endfacet
  facet normal 0 0 -1
    outer loop
      vertex 10.326666890849596 16.882342851480672 0
      vertex 7.25 19.40096189432334 0
      vertex 10.421271051849605 17.16103772282145 0
    endloop
  endfacet
  facet normal 0 0 -1
    outer loop
      vertex 8.948557158514987 11.925 0
      vertex 8.785045015655278 12.169713215269622 0
      vertex 11.375 14.351442841485014 0
    endloop
  endfacet
  facet normal 0 0 -1
    outer loop
      vertex 8.590990257669732 12.390990257669733 0
      vertex 11.130286784730378 14.514954984344723 0
      vertex 8.785045015655278 12.169713215269622 0
    endloop
  endfacet
  facet normal 0 0 -1
    outer loop
      vertex 9.078728948150395 11.661037722821453 0
      vertex 8.948557158514987 11.925 0
      vertex 11.638962277178548 14.221271051849605 0
    endloop
  endfacet
  facet normal 0 0 -1
    outer loop
      vertex 8.590990257669732 12.390990257669733 0
      vertex 10.909009742330268 14.709009742330268 0
      vertex 11.130286784730378 14.514954984344723 0
    endloop
  endfacet
  facet normal 0 0 -1
    outer loop
      vertex 8.785045015655278 12.169713215269622 0
      vertex 11.130286784730378 14.514954984344723 0
      vertex 11.375 14.351442841485014 0
    endloop
  endfacet
  facet normal 0 0 -1
    outer loop
      vertex 8.948557158514987 11.925 0
      vertex 11.375 14.351442841485014 0
      vertex 11.638962277178548 14.221271051849605 0
    endloop
  endfacet
  facet normal 0 0 -1
    outer loop
      vertex 7.582342851480671 12.973333109150404 0
      vertex 10.326666890849596 15.71765714851933 0
      vertex 10.421271051849605 15.438962277178549 0
    endloop
  endfacet
  facet normal 0 0 -1
    outer loop
      vertex 7.861037722821452 12.878728948150396 0
      vertex 10.421271051849605 15.438962277178549 0
      vertex 10.551442841485013 15.175 0
    endloop
  endfacet
  facet normal 0 0 -1
    outer loop
      vertex 8.125 12.748557158514988 0
      vertex 10.551442841485013 15.175 0
      vertex 10.714954984344722 14.930286784730379 0
    endloop
  endfacet
  facet normal 0 0 -1
    outer loop
      vertex 8.369713215269622 12.585045015655279 0
      vertex 10.714954984344722 14.930286784730379 0
      vertex 10.909009742330268 14.709009742330268 0
    endloop
  endfacet
  facet normal 0 0 -1
    outer loop
      vertex 10.714954984344722 12.169713215269622 0
      vertex 11.638962277178548 14.221271051849605 0
      vertex 10.909009742330268 12.390990257669733 0
    endloop
  endfacet
  facet normal 0 0 -1
    outer loop
      vertex 10.909009742330268 12.390990257669733 0
      vertex 11.638962277178548 14.221271051849605 0
      vertex 11.130286784730378 12.585045015655279 0
    endloop
  endfacet
  facet normal 0 0 -1
    outer loop
      vertex 11.130286784730378 12.585045015655279 0
      vertex 11.638962277178548 14.221271051849605 0
      vertex 11.375 12.748557158514988 0
    endloop
  endfacet
  facet normal 0 0 -1
    outer loop
      vertex 11.375 12.748557158514988 0
      vertex 11.638962277178548 14.221271051849605 0
      vertex 11.638962277178548 12.878728948150396 0
    endloop
  endfacet
  facet normal 0 0 -1
    outer loop
      vertex 11.638962277178548 12.878728948150396 0
      vertex 11.917657148519329 14.126666890849597 0
      vertex 11.917657148519329 12.973333109150404 0
    endloop
  endfacet
  facet normal 0 0 -1
    outer loop
      vertex 11.638962277178548 12.878728948150396 0
      vertex 11.638962277178548 14.221271051849605 0
      vertex 11.917657148519329 14.126666890849597 0
    endloop
  endfacet
  facet normal 0 0 -1
    outer loop
      vertex 11.917657148519329 12.973333109150404 0
      vertex 11.917657148519329 14.126666890849597 0
      vertex 12.206316067504885 14.069249061908927 0
    endloop
  endfacet
  facet normal 0 0 -1
    outer loop
      vertex 11.917657148519329 12.973333109150404 0
      vertex 12.206316067504885 14.069249061908927 0
      vertex 12.206316067504885 13.030750938091074 0
    endloop
  endfacet
  facet normal 0 0 -1
    outer loop
      vertex 12.206316067504885 13.030750938091074 0
      vertex 12.206316067504885 14.069249061908927 0
      vertex 12.5 13.05 0
    endloop
  endfacet
  facet normal 0 0 -1
    outer loop
      vertex 12.206316067504885 14.069249061908927 0
      vertex 12.5 14.05 0
      vertex 12.5 13.05 0
    endloop
  endfacet
  facet normal 0 0 -1
    outer loop
      vertex 10.421271051849605 17.16103772282145 0
      vertex 7.560660171779821 19.639339828220177 0
      vertex 10.551442841485013 17.425 0
    endloop
  endfacet
  facet normal 0 0 -1
    outer loop
      vertex 10.551442841485013 17.425 0
      vertex 7.799038105676658 19.95 0
      vertex 10.714954984344722 17.66971321526962 0
    endloop
  endfacet
  facet normal 0 0 -1
    outer loop
      vertex 10.714954984344722 17.66971321526962 0
      vertex 7.799038105676658 19.95 0
      vertex 10.909009742330268 17.89099025766973 0
    endloop
  endfacet
  facet normal 0 0 -1
    outer loop
      vertex 10.909009742330268 17.89099025766973 0
      vertex 7.799038105676658 19.95 0
      vertex 11.130286784730378 18.08504501565528 0
    endloop
  endfacet
  facet normal 0 0 -1
    outer loop
      vertex 11.375 18.248557158514988 0
      vertex 11.75 19.40096189432334 0
      vertex 11.638962277178548 18.378728948150396 0
    endloop
  endfacet
  facet normal 0 0 -1
    outer loop
      vertex 11.638962277178548 18.378728948150396 0
      vertex 12.111771432346218 19.251111260566397 0
      vertex 11.917657148519329 18.473333109150403 0
    endloop
  endfacet
  facet normal 0 0 -1
    outer loop
      vertex 10.551442841485013 17.425 0
      vertex 7.560660171779821 19.639339828220177 0
      vertex 7.799038105676658 19.95 0
    endloop
  endfacet
  facet normal 0 0 -1
    outer loop
      vertex 7.799038105676658 19.95 0
      vertex 7.9488887394336025 20.31177143234622 0
      vertex 11.200961894323342 19.95 0
    endloop
  endfacet
  facet normal 0 0 -1
    outer loop
      vertex 8 20.7 0
      vertex 7.9488887394336025 21.08822856765378 0
      vertex 11 20.7 0
    endloop
  endfacet
  facet normal 0 0 -1
    outer loop
      vertex 7.9488887394336025 20.31177143234622 0
      vertex 8 20.7 0
      vertex 11.051111260566397 20.31177143234622 0
    endloop
  endfacet
  facet normal 0 0 -1
    outer loop
      vertex 7.799038105676658 21.45 0
      vertex 11.051111260566397 21.08822856765378 0
      vertex 7.9488887394336025 21.08822856765378 0
    endloop
  endfacet
  facet normal 0 0 -1
    outer loop
      vertex 7.560660171779821 21.760660171779822 0
      vertex 7.25 21.999038105676657 0
      vertex 11.439339828220179 21.760660171779822 0
    endloop
  endfacet
  facet normal 0 0 -1
    outer loop
      vertex 7.799038105676658 21.45 0
      vertex 7.560660171779821 21.760660171779822 0
      vertex 11.200961894323342 21.45 0
    endloop
  endfacet
  facet normal 0 0 -1
    outer loop
      vertex 6.8882285676537816 22.148888739433602 0
      vertex 11.75 21.999038105676657 0
      vertex 7.25 21.999038105676657 0
    endloop
  endfacet
  facet normal 0 0 -1
    outer loop
      vertex 11.130286784730378 18.08504501565528 0
      vertex 7.799038105676658 19.95 0
      vertex 11.375 18.248557158514988 0
    endloop
  endfacet
  facet normal 0 0 -1
    outer loop
      vertex 7.799038105676658 19.95 0
      vertex 11.200961894323342 19.95 0
      vertex 11.439339828220179 19.639339828220177 0
    endloop
  endfacet
  facet normal 0 0 -1
    outer loop
      vertex 7.9488887394336025 20.31177143234622 0
      vertex 11.051111260566397 20.31177143234622 0
      vertex 11.200961894323342 19.95 0
    endloop
  endfacet
  facet normal 0 0 -1
    outer loop
      vertex 11.375 18.248557158514988 0
      vertex 7.799038105676658 19.95 0
      vertex 11.439339828220179 19.639339828220177 0
    endloop
  endfacet
  facet normal 0 0 -1
    outer loop
      vertex 8 20.7 0
      vertex 11 20.7 0
      vertex 11.051111260566397 20.31177143234622 0
    endloop
  endfacet
  facet normal 0 0 -1
    outer loop
      vertex 7.9488887394336025 21.08822856765378 0
      vertex 11.051111260566397 21.08822856765378 0
      vertex 11 20.7 0
    endloop
  endfacet
  facet normal 0 0 -1
    outer loop
      vertex 7.799038105676658 21.45 0
      vertex 11.200961894323342 21.45 0
      vertex 11.051111260566397 21.08822856765378 0
    endloop
  endfacet
  facet normal 0 0 -1
    outer loop
      vertex 7.560660171779821 21.760660171779822 0
      vertex 11.439339828220179 21.760660171779822 0
      vertex 11.200961894323342 21.45 0
    endloop
  endfacet
  facet normal 0 0 -1
    outer loop
      vertex 11.375 18.248557158514988 0
      vertex 11.439339828220179 19.639339828220177 0
      vertex 11.75 19.40096189432334 0
    endloop
  endfacet
  facet normal 0 0 -1
    outer loop
      vertex 11.638962277178548 18.378728948150396 0
      vertex 11.75 19.40096189432334 0
      vertex 12.111771432346218 19.251111260566397 0
    endloop
  endfacet
  facet normal 0 0 -1
    outer loop
      vertex 11.917657148519329 18.473333109150403 0
      vertex 12.111771432346218 19.251111260566397 0
      vertex 12.206316067504885 18.530750938091074 0
    endloop
  endfacet
  facet normal 0 0 -1
    outer loop
      vertex 12.206316067504885 18.530750938091074 0
      vertex 12.111771432346218 19.251111260566397 0
      vertex 12.5 19.2 0
    endloop
  endfacet
  facet normal 0 0 -1
    outer loop
      vertex 12.206316067504885 18.530750938091074 0
      vertex 12.5 19.2 0
      vertex 12.5 18.55 0
    endloop
  endfacet
  facet normal 0 0 -1
    outer loop
      vertex 7.25 21.999038105676657 0
      vertex 11.75 21.999038105676657 0
      vertex 11.439339828220179 21.760660171779822 0
    endloop
  endfacet
  facet normal 0 0 -1
    outer loop
      vertex 6.8882285676537816 22.148888739433602 0
      vertex 12.111771432346218 22.148888739433602 0
      vertex 11.75 21.999038105676657 0
    endloop
  endfacet
  facet normal 0 0 -1
    outer loop
      vertex 0 25 0
      vertex 25 25 0
      vertex 6.5 22.2 0
    endloop
  endfacet
  facet normal 0 1 0
    outer loop
      vertex 0 25 0
      vertex 0 25 25
      vertex 25 25 0
    endloop
  endfacet
  facet normal -1 0 0
    outer loop
      vertex 0 0 0
      vertex 0 17.25 18
      vertex 0 25 25
    endloop
  endfacet
  facet normal -1 0 0
    outer loop
      vertex 0 7.75 21.6
      vertex 0 25 25
      vertex 0 17.25 21.6
    endloop
  endfacet
  facet normal 0 0 1
    outer loop
      vertex 1.5 1.5 25
      vertex 1.5 23.5 25
      vertex 0 25 25
    endloop
  endfacet
  facet normal -1 0 0
    outer loop
      vertex 0 17.25 18
      vertex 0 17.25 21.6
      vertex 0 25 25
    endloop
  endfacet
  facet normal 0 0 1
    outer loop
      vertex 0 25 25
      vertex 1.5 23.5 25
      vertex 25 25 25
    endloop
  endfacet
  facet normal 0 0 -1
    outer loop
      vertex 12.206316067504885 3.0692490619089274 0
      vertex 25 0 0
      vertex 11.917657148519329 3.126666890849597 0
    endloop
  endfacet
  facet normal 0 0 -1
    outer loop
      vertex 12.206316067504885 3.0692490619089274 0
      vertex 12.5 3.0500000000000007 0
      vertex 25 0 0
    endloop
  endfacet
  facet normal 0 0 -1
    outer loop
      vertex 12.5 3.0500000000000007 0
      vertex 12.793683932495115 3.0692490619089274 0
      vertex 25 0 0
    endloop
  endfacet
  facet normal 0 0 -1
    outer loop
      vertex 12.793683932495115 3.0692490619089274 0
      vertex 13.082342851480671 3.126666890849597 0
      vertex 25 0 0
    endloop
  endfacet
  facet normal 0 0 -1
    outer loop
      vertex 13.082342851480671 3.126666890849597 0
      vertex 13.361037722821452 3.2212710518496057 0
      vertex 25 0 0
    endloop
  endfacet
  facet normal 0 0 -1
    outer loop
      vertex 13.361037722821452 3.2212710518496057 0
      vertex 13.625 3.3514428414850137 0
      vertex 25 0 0
    endloop
  endfacet
  facet normal 0 0 -1
    outer loop
      vertex 13.625 3.3514428414850137 0
      vertex 13.869713215269622 3.5149549843447216 0
      vertex 25 0 0
    endloop
  endfacet
  facet normal 0 0 -1
    outer loop
      vertex 13.869713215269622 3.5149549843447216 0
      vertex 14.090990257669732 3.7090097423302684 0
      vertex 25 0 0
    endloop
  endfacet
  facet normal 0 0 -1
    outer loop
      vertex 14.090990257669732 3.7090097423302684 0
      vertex 14.285045015655278 3.930286784730379 0
      vertex 25 0 0
    endloop
  endfacet
  facet normal 0 0 -1
    outer loop
      vertex 14.285045015655278 3.930286784730379 0
      vertex 14.448557158514987 4.175000000000001 0
      vertex 25 0 0
    endloop
  endfacet
  facet normal 0 0 -1
    outer loop
      vertex 14.448557158514987 4.175000000000001 0
      vertex 14.578728948150395 4.438962277178549 0
      vertex 25 0 0
    endloop
  endfacet
  facet normal 0 0 -1
    outer loop
      vertex 14.578728948150395 4.438962277178549 0
      vertex 14.673333109150404 4.717657148519329 0
      vertex 25 0 0
    endloop
  endfacet
  facet normal 0 0 -1
    outer loop
      vertex 14.673333109150404 4.717657148519329 0
      vertex 14.730750938091074 5.006316067504884 0
      vertex 25 0 0
    endloop
  endfacet
  facet normal 0 0 -1
    outer loop
      vertex 14.730750938091074 5.006316067504884 0
      vertex 14.75 5.300000000000001 0
      vertex 25 0 0
    endloop
  endfacet
  facet normal 0 -1 0
    outer loop
      vertex 0 0 0
      vertex 25 0 0
      vertex 25 0 25
    endloop
  endfacet
  facet normal 0 0 -1
    outer loop
      vertex 13.625 7.248557158514988 0
      vertex 13.869713215269622 9.014954984344723 0
      vertex 13.869713215269622 7.08504501565528 0
    endloop
  endfacet
  facet normal 0 0 -1
    outer loop
      vertex 12.5 7.550000000000001 0
      vertex 12.793683932495115 8.569249061908927 0
      vertex 12.793683932495115 7.530750938091074 0
    endloop
  endfacet
  facet normal 0 0 -1
    outer loop
      vertex 12.5 7.550000000000001 0
      vertex 12.5 8.55 0
      vertex 12.793683932495115 8.569249061908927 0
    endloop
  endfacet
  facet normal 0 0 -1
    outer loop
      vertex 12.793683932495115 7.530750938091074 0
      vertex 12.793683932495115 8.569249061908927 0
      vertex 13.082342851480671 8.626666890849597 0
    endloop
  endfacet
  facet normal 0 0 -1
    outer loop
      vertex 12.793683932495115 7.530750938091074 0
      vertex 13.082342851480671 8.626666890849597 0
      vertex 13.082342851480671 7.4733331091504045 0
    endloop
  endfacet
  facet normal 0 0 -1
    outer loop
      vertex 13.082342851480671 7.4733331091504045 0
      vertex 13.361037722821452 8.721271051849605 0
      vertex 13.361037722821452 7.378728948150396 0
    endloop
  endfacet
  facet normal 0 0 -1
    outer loop
      vertex 13.082342851480671 7.4733331091504045 0
      vertex 13.082342851480671 8.626666890849597 0
      vertex 13.361037722821452 8.721271051849605 0
    endloop
  endfacet
  facet normal 0 0 -1
    outer loop
      vertex 13.361037722821452 7.378728948150396 0
      vertex 13.625 8.851442841485014 0
      vertex 13.625 7.248557158514988 0
    endloop
  endfacet
  facet normal 0 0 -1
    outer loop
      vertex 13.361037722821452 7.378728948150396 0
      vertex 13.361037722821452 8.721271051849605 0
      vertex 13.625 8.851442841485014 0
    endloop
  endfacet
  facet normal 0 0 -1
    outer loop
      vertex 13.625 7.248557158514988 0
      vertex 13.625 8.851442841485014 0
      vertex 13.869713215269622 9.014954984344723 0
    endloop
  endfacet
  facet normal 0 0 -1
    outer loop
      vertex 14.730750938091074 5.593683932495117 0
      vertex 14.673333109150404 5.882342851480672 0
      vertex 17.41765714851933 8.626666890849597 0
    endloop
  endfacet
  facet normal 0 0 -1
    outer loop
      vertex 14.578728948150395 6.161037722821453 0
      vertex 17.41765714851933 8.626666890849597 0
      vertex 14.673333109150404 5.882342851480672 0
    endloop
  endfacet
  facet normal 0 0 -1
    outer loop
      vertex 14.448557158514987 6.425000000000001 0
      vertex 14.285045015655278 6.669713215269622 0
      vertex 16.875 8.851442841485014 0
    endloop
  endfacet
  facet normal 0 0 -1
    outer loop
      vertex 14.090990257669732 6.890990257669733 0
      vertex 16.63028678473038 9.014954984344723 0
      vertex 14.285045015655278 6.669713215269622 0
    endloop
  endfacet
  facet normal 0 0 -1
    outer loop
      vertex 13.869713215269622 7.08504501565528 0
      vertex 16.63028678473038 9.014954984344723 0
      vertex 14.090990257669732 6.890990257669733 0
    endloop
  endfacet
  facet normal 0 0 -1
    outer loop
      vertex 14.578728948150395 6.161037722821453 0
      vertex 14.448557158514987 6.425000000000001 0
      vertex 17.13896227717855 8.721271051849605 0
    endloop
  endfacet
  facet normal 0 0 -1
    outer loop
      vertex 13.869713215269622 7.08504501565528 0
      vertex 13.869713215269622 9.014954984344723 0
      vertex 16.63028678473038 9.014954984344723 0
    endloop
  endfacet
  facet normal 0 0 -1
    outer loop
      vertex 13.869713215269622 9.014954984344723 0
      vertex 14.090990257669732 9.209009742330268 0
      vertex 16.63028678473038 9.014954984344723 0
    endloop
  endfacet
  facet normal 0 0 -1
    outer loop
      vertex 14.090990257669732 9.209009742330268 0
      vertex 14.285045015655278 9.430286784730379 0
      vertex 16.40900974233027 9.209009742330268 0
    endloop
  endfacet
  facet normal 0 0 -1
    outer loop
      vertex 14.285045015655278 9.430286784730379 0
      vertex 14.448557158514987 9.675 0
      vertex 16.214954984344722 9.430286784730379 0
    endloop
  endfacet
  facet normal 0 0 -1
    outer loop
      vertex 14.448557158514987 9.675 0
      vertex 14.578728948150395 9.938962277178549 0
      vertex 16.051442841485013 9.675 0
    endloop
  endfacet
  facet normal 0 0 -1
    outer loop
      vertex 14.578728948150395 9.938962277178549 0
      vertex 14.673333109150404 10.21765714851933 0
      vertex 15.921271051849605 9.938962277178549 0
    endloop
  endfacet
  facet normal 0 0 -1
    outer loop
      vertex 14.448557158514987 9.675 0
      vertex 16.051442841485013 9.675 0
      vertex 16.214954984344722 9.430286784730379 0
    endloop
  endfacet
  facet normal 0 0 -1
    outer loop
      vertex 14.578728948150395 9.938962277178549 0
      vertex 15.921271051849605 9.938962277178549 0
      vertex 16.051442841485013 9.675 0
    endloop
  endfacet
  facet normal 0 0 -1
    outer loop
      vertex 14.673333109150404 10.21765714851933 0
      vertex 15.826666890849596 10.21765714851933 0
      vertex 15.921271051849605 9.938962277178549 0
    endloop
  endfacet
  facet normal 0 0 -1
    outer loop
      vertex 14.673333109150404 10.21765714851933 0
      vertex 14.730750938091074 10.506316067504885 0
      vertex 15.826666890849596 10.21765714851933 0
    endloop
  endfacet
  facet normal 0 0 -1
    outer loop
      vertex 14.730750938091074 10.506316067504885 0
      vertex 14.75 10.8 0
      vertex 15.769249061908926 10.506316067504885 0
    endloop
  endfacet
  facet normal 0 0 -1
    outer loop
      vertex 14.75 10.8 0
      vertex 14.730750938091074 11.093683932495116 0
      vertex 15.75 10.8 0
    endloop
  endfacet
  facet normal 0 0 -1
    outer loop
      vertex 14.730750938091074 10.506316067504885 0
      vertex 15.769249061908926 10.506316067504885 0
      vertex 15.826666890849596 10.21765714851933 0
    endloop
  endfacet
  facet normal 0 0 -1
    outer loop
      vertex 14.75 10.8 0
      vertex 15.75 10.8 0
      vertex 15.769249061908926 10.506316067504885 0
    endloop
  endfacet
  facet normal 0 0 -1
    outer loop
      vertex 14.730750938091074 11.093683932495116 0
      vertex 14.673333109150404 11.382342851480672 0
      vertex 15.769249061908926 11.093683932495116 0
    endloop
  endfacet
  facet normal 0 0 -1
    outer loop
      vertex 14.578728948150395 11.661037722821453 0
      vertex 15.826666890849596 11.382342851480672 0
      vertex 14.673333109150404 11.382342851480672 0
    endloop
  endfacet
  facet normal 0 0 -1
    outer loop
      vertex 14.730750938091074 11.093683932495116 0
      vertex 15.769249061908926 11.093683932495116 0
      vertex 15.75 10.8 0
    endloop
  endfacet
  facet normal 0 0 -1
    outer loop
      vertex 14.673333109150404 11.382342851480672 0
      vertex 15.826666890849596 11.382342851480672 0
      vertex 15.769249061908926 11.093683932495116 0
    endloop
  endfacet
  facet normal 0 0 -1
    outer loop
      vertex 14.578728948150395 11.661037722821453 0
      vertex 15.921271051849605 11.661037722821453 0
      vertex 15.826666890849596 11.382342851480672 0
    endloop
  endfacet
  facet normal 0 0 -1
    outer loop
      vertex 14.578728948150395 11.661037722821453 0
      vertex 14.448557158514987 11.925 0
      vertex 15.921271051849605 11.661037722821453 0
    endloop
  endfacet
  facet normal 0 0 -1
    outer loop
      vertex 14.448557158514987 11.925 0
      vertex 16.051442841485013 11.925 0
      vertex 15.921271051849605 11.661037722821453 0
    endloop
  endfacet
  facet normal 0 0 -1
    outer loop
      vertex 14.448557158514987 11.925 0
      vertex 16.214954984344722 12.169713215269622 0
      vertex 16.051442841485013 11.925 0
    endloop
  endfacet
  facet normal 0 0 -1
    outer loop
      vertex 14.75 5.300000000000001 0
      vertex 14.730750938091074 5.593683932495117 0
      vertex 17.41765714851933 8.626666890849597 0
    endloop
  endfacet
  facet normal 0 0 -1
    outer loop
      vertex 14.285045015655278 6.669713215269622 0
      vertex 16.63028678473038 9.014954984344723 0
      vertex 16.875 8.851442841485014 0
    endloop
  endfacet
  facet normal 0 0 -1
    outer loop
      vertex 14.448557158514987 6.425000000000001 0
      vertex 16.875 8.851442841485014 0
      vertex 17.13896227717855 8.721271051849605 0
    endloop
  endfacet
  facet normal 0 0 -1
    outer loop
      vertex 14.578728948150395 6.161037722821453 0
      vertex 17.13896227717855 8.721271051849605 0
      vertex 17.41765714851933 8.626666890849597 0
    endloop
  endfacet
  facet normal 0 0 -1
    outer loop
      vertex 14.090990257669732 9.209009742330268 0
      vertex 16.40900974233027 9.209009742330268 0
      vertex 16.63028678473038 9.014954984344723 0
    endloop
  endfacet
  facet normal 0 0 -1
    outer loop
      vertex 14.285045015655278 9.430286784730379 0
      vertex 16.214954984344722 9.430286784730379 0
      vertex 16.40900974233027 9.209009742330268 0
    endloop
  endfacet
  facet normal 0 0 -1
    outer loop
      vertex 14.75 5.300000000000001 0
      vertex 17.41765714851933 8.626666890849597 0
      vertex 25 0 0
    endloop
  endfacet
  facet normal 0 0 -1
    outer loop
      vertex 17.706316067504883 8.569249061908927 0
      vertex 25 0 0
      vertex 17.41765714851933 8.626666890849597 0
    endloop
  endfacet
  facet normal 0 0 -1
    outer loop
      vertex 17.706316067504883 8.569249061908927 0
      vertex 18 8.55 0
      vertex 25 0 0
    endloop
  endfacet
  facet normal 0 0 -1
    outer loop
      vertex 18 8.55 0
      vertex 18.293683932495117 8.569249061908927 0
      vertex 25 0 0
    endloop
  endfacet
  facet normal 0 0 -1
    outer loop
      vertex 18.293683932495117 8.569249061908927 0
      vertex 18.58234285148067 8.626666890849597 0
      vertex 25 0 0
    endloop
  endfacet
  facet normal 0 0 -1
    outer loop
      vertex 18.58234285148067 8.626666890849597 0
      vertex 18.86103772282145 8.721271051849605 0
      vertex 25 0 0
    endloop
  endfacet
  facet normal 0 0 -1
    outer loop
      vertex 25 0 0
      vertex 18.86103772282145 8.721271051849605 0
      vertex 19.125 8.851442841485014 0
    endloop
  endfacet
  facet normal 0 0 -1
    outer loop
      vertex 25 0 0
      vertex 19.125 8.851442841485014 0
      vertex 19.36971321526962 9.014954984344723 0
    endloop
  endfacet
  facet normal 0 0 -1
    outer loop
      vertex 25 0 0
      vertex 19.36971321526962 9.014954984344723 0
      vertex 19.59099025766973 9.209009742330268 0
    endloop
  endfacet
  facet normal 0 0 -1
    outer loop
      vertex 25 0 0
      vertex 19.59099025766973 9.209009742330268 0
      vertex 19.785045015655278 9.430286784730379 0
    endloop
  endfacet
  facet normal 0 0 -1
    outer loop
      vertex 25 0 0
      vertex 19.785045015655278 9.430286784730379 0
      vertex 19.948557158514987 9.675 0
    endloop
  endfacet
  facet normal 0 0 -1
    outer loop
      vertex 25 0 0
      vertex 19.948557158514987 9.675 0
      vertex 20.078728948150395 9.938962277178549 0
    endloop
  endfacet
  facet normal 0 0 -1
    outer loop
      vertex 25 0 0
      vertex 20.078728948150395 9.938962277178549 0
      vertex 20.173333109150406 10.21765714851933 0
    endloop
  endfacet
  facet normal 0 0 -1
    outer loop
      vertex 25 0 0
      vertex 20.173333109150406 10.21765714851933 0
      vertex 20.230750938091074 10.506316067504885 0
    endloop
  endfacet
  facet normal 0 0 -1
    outer loop
      vertex 25 0 0
      vertex 20.230750938091074 10.506316067504885 0
      vertex 20.25 10.8 0
    endloop
  endfacet
  facet normal 0 0 -1
    outer loop
      vertex 25 0 0
      vertex 20.25 10.8 0
      vertex 20.230750938091074 11.093683932495116 0
    endloop
  endfacet
  facet normal 0 0 -1
    outer loop
      vertex 25 0 0
      vertex 20.230750938091074 11.093683932495116 0
      vertex 20.173333109150406 11.382342851480672 0
    endloop
  endfacet
  facet normal 0 0 -1
    outer loop
      vertex 25 0 0
      vertex 20.173333109150406 11.382342851480672 0
      vertex 20.078728948150395 11.661037722821453 0
    endloop
  endfacet
  facet normal 0 0 -1
    outer loop
      vertex 25 0 0
      vertex 20.078728948150395 11.661037722821453 0
      vertex 25 25 0
    endloop
  endfacet
  facet normal 1 0 0
    outer loop
      vertex 25 0 0
      vertex 25 25 0
      vertex 25 0 25
    endloop
  endfacet
  facet normal 0 0 1
    outer loop
      vertex 0 0 25
      vertex 25 0 25
      vertex 23.5 1.5 25
    endloop
  endfacet
  facet normal 0 0 1
    outer loop
      vertex 23.5 1.5 25
      vertex 25 0 25
      vertex 25 25 25
    endloop
  endfacet
  facet normal 0 0 -1
    outer loop
      vertex 12.5 13.05 0
      vertex 12.5 14.05 0
      vertex 12.793683932495115 14.069249061908927 0
    endloop
  endfacet
  facet normal 0 0 -1
    outer loop
      vertex 12.5 13.05 0
      vertex 12.793683932495115 14.069249061908927 0
      vertex 13.082342851480671 14.126666890849597 0
    endloop
  endfacet
  facet normal 0 0 -1
    outer loop
      vertex 12.5 13.05 0
      vertex 13.082342851480671 14.126666890849597 0
      vertex 13.361037722821452 14.221271051849605 0
    endloop
  endfacet
  facet normal 0 0 -1
    outer loop
      vertex 12.5 13.05 0
      vertex 13.361037722821452 14.221271051849605 0
      vertex 13.625 14.351442841485014 0
    endloop
  endfacet
  facet normal 0 0 -1
    outer loop
      vertex 12.5 13.05 0
      vertex 13.625 14.351442841485014 0
      vertex 13.869713215269622 14.514954984344723 0
    endloop
  endfacet
  facet normal 0 0 -1
    outer loop
      vertex 12.5 13.05 0
      vertex 13.869713215269622 14.514954984344723 0
      vertex 14.090990257669732 14.709009742330268 0
    endloop
  endfacet
  facet normal 0 0 -1
    outer loop
      vertex 12.5 13.05 0
      vertex 19.25 19.40096189432334 0
      vertex 12.793683932495115 13.030750938091074 0
    endloop
  endfacet
  facet normal 0 0 -1
    outer loop
      vertex 12.793683932495115 13.030750938091074 0
      vertex 19.560660171779823 19.639339828220177 0
      vertex 13.082342851480671 12.973333109150404 0
    endloop
  endfacet
  facet normal 0 0 -1
    outer loop
      vertex 12.5 13.05 0
      vertex 14.090990257669732 14.709009742330268 0
      vertex 19.25 19.40096189432334 0
    endloop
  endfacet
  facet normal 0 0 -1
    outer loop
      vertex 13.625 18.248557158514988 0
      vertex 17.439339828220177 19.639339828220177 0
      vertex 13.869713215269622 18.08504501565528 0
    endloop
  endfacet
  facet normal 0 0 -1
    outer loop
      vertex 13.869713215269622 18.08504501565528 0
      vertex 17.439339828220177 19.639339828220177 0
      vertex 14.090990257669732 17.89099025766973 0
    endloop
  endfacet
  facet normal 0 0 -1
    outer loop
      vertex 14.448557158514987 17.425 0
      vertex 14.285045015655278 17.66971321526962 0
      vertex 17.439339828220177 19.639339828220177 0
    endloop
  endfacet
  facet normal 0 0 -1
    outer loop
      vertex 14.578728948150395 17.16103772282145 0
      vertex 14.448557158514987 17.425 0
      vertex 17.439339828220177 19.639339828220177 0
    endloop
  endfacet
  facet normal 0 0 -1
    outer loop
      vertex 14.090990257669732 17.89099025766973 0
      vertex 17.439339828220177 19.639339828220177 0
      vertex 14.285045015655278 17.66971321526962 0
    endloop
  endfacet
  facet normal 0 0 -1
    outer loop
      vertex 14.090990257669732 14.709009742330268 0
      vertex 14.285045015655278 14.930286784730379 0
      vertex 19.25 19.40096189432334 0
    endloop
  endfacet
  facet normal 0 0 -1
    outer loop
      vertex 14.285045015655278 14.930286784730379 0
      vertex 14.448557158514987 15.175 0
      vertex 19.25 19.40096189432334 0
    endloop
  endfacet
  facet normal 0 0 -1
    outer loop
      vertex 14.448557158514987 15.175 0
      vertex 14.578728948150395 15.438962277178549 0
      vertex 18.88822856765378 19.251111260566397 0
    endloop
  endfacet
  facet normal 0 0 -1
    outer loop
      vertex 14.673333109150404 15.71765714851933 0
      vertex 14.730750938091074 16.006316067504883 0
      vertex 18.5 19.2 0
    endloop
  endfacet
  facet normal 0 0 -1
    outer loop
      vertex 14.730750938091074 16.006316067504883 0
      vertex 14.75 16.3 0
      vertex 18.5 19.2 0
    endloop
  endfacet
  facet normal 0 0 -1
    outer loop
      vertex 14.578728948150395 15.438962277178549 0
      vertex 14.673333109150404 15.71765714851933 0
      vertex 18.88822856765378 19.251111260566397 0
    endloop
  endfacet
  facet normal 0 0 -1
    outer loop
      vertex 13.082342851480671 12.973333109150404 0
      vertex 25 25 0
      vertex 13.361037722821452 12.878728948150396 0
    endloop
  endfacet
  facet normal 0 0 -1
    outer loop
      vertex 14.75 16.3 0
      vertex 14.730750938091074 16.593683932495118 0
      vertex 18.11177143234622 19.251111260566397 0
    endloop
  endfacet
  facet normal 0 0 -1
    outer loop
      vertex 14.730750938091074 16.593683932495118 0
      vertex 14.673333109150404 16.882342851480672 0
      vertex 18.11177143234622 19.251111260566397 0
    endloop
  endfacet
  facet normal 0 0 -1
    outer loop
      vertex 14.578728948150395 17.16103772282145 0
      vertex 17.75 19.40096189432334 0
      vertex 14.673333109150404 16.882342851480672 0
    endloop
  endfacet
  facet normal 0 0 -1
    outer loop
      vertex 14.578728948150395 17.16103772282145 0
      vertex 17.439339828220177 19.639339828220177 0
      vertex 17.75 19.40096189432334 0
    endloop
  endfacet
  facet normal 0 0 -1
    outer loop
      vertex 14.75 16.3 0
      vertex 18.11177143234622 19.251111260566397 0
      vertex 18.5 19.2 0
    endloop
  endfacet
  facet normal 0 0 -1
    outer loop
      vertex 14.673333109150404 16.882342851480672 0
      vertex 17.75 19.40096189432334 0
      vertex 18.11177143234622 19.251111260566397 0
    endloop
  endfacet
  facet normal 0 0 -1
    outer loop
      vertex 14.448557158514987 11.925 0
      vertex 14.285045015655278 12.169713215269622 0
      vertex 25 25 0
    endloop
  endfacet
  facet normal 0 0 -1
    outer loop
      vertex 13.625 12.748557158514988 0
      vertex 25 25 0
      vertex 13.869713215269622 12.585045015655279 0
    endloop
  endfacet
  facet normal 0 0 -1
    outer loop
      vertex 13.361037722821452 12.878728948150396 0
      vertex 25 25 0
      vertex 13.625 12.748557158514988 0
    endloop
  endfacet
  facet normal 0 0 -1
    outer loop
      vertex 14.090990257669732 12.390990257669733 0
      vertex 13.869713215269622 12.585045015655279 0
      vertex 25 25 0
    endloop
  endfacet
  facet normal 0 0 -1
    outer loop
      vertex 14.090990257669732 12.390990257669733 0
      vertex 25 25 0
      vertex 14.285045015655278 12.169713215269622 0
    endloop
  endfacet
  facet normal 0 0 -1
    outer loop
      vertex 14.448557158514987 11.925 0
      vertex 25 25 0
      vertex 16.214954984344722 12.169713215269622 0
    endloop
  endfacet
  facet normal 0 0 -1
    outer loop
      vertex 12.793683932495115 13.030750938091074 0
      vertex 19.25 19.40096189432334 0
      vertex 19.560660171779823 19.639339828220177 0
    endloop
  endfacet
  facet normal 0 0 -1
    outer loop
      vertex 14.448557158514987 15.175 0
      vertex 18.88822856765378 19.251111260566397 0
      vertex 19.25 19.40096189432334 0
    endloop
  endfacet
  facet normal 0 0 -1
    outer loop
      vertex 14.673333109150404 15.71765714851933 0
      vertex 18.5 19.2 0
      vertex 18.88822856765378 19.251111260566397 0
    endloop
  endfacet
  facet normal 0 0 -1
    outer loop
      vertex 12.5 18.55 0
      vertex 12.5 19.2 0
      vertex 12.888228567653782 19.251111260566397 0
    endloop
  endfacet
  facet normal 0 0 -1
    outer loop
      vertex 12.5 18.55 0
      vertex 12.888228567653782 19.251111260566397 0
      vertex 12.793683932495115 18.530750938091074 0
    endloop
  endfacet
  facet normal 0 0 -1
    outer loop
      vertex 12.793683932495115 18.530750938091074 0
      vertex 12.888228567653782 19.251111260566397 0
      vertex 13.082342851480671 18.473333109150403 0
    endloop
  endfacet
  facet normal 0 0 -1
    outer loop
      vertex 13.082342851480671 18.473333109150403 0
      vertex 12.888228567653782 19.251111260566397 0
      vertex 13.25 19.40096189432334 0
    endloop
  endfacet
  facet normal 0 0 -1
    outer loop
      vertex 13.082342851480671 18.473333109150403 0
      vertex 13.25 19.40096189432334 0
      vertex 13.361037722821452 18.378728948150396 0
    endloop
  endfacet
  facet normal 0 0 -1
    outer loop
      vertex 13.361037722821452 18.378728948150396 0
      vertex 13.25 19.40096189432334 0
      vertex 13.560660171779821 19.639339828220177 0
    endloop
  endfacet
  facet normal 0 0 -1
    outer loop
      vertex 13.625 18.248557158514988 0
      vertex 13.361037722821452 18.378728948150396 0
      vertex 13.560660171779821 19.639339828220177 0
    endloop
  endfacet
  facet normal 0 0 -1
    outer loop
      vertex 13.625 18.248557158514988 0
      vertex 13.560660171779821 19.639339828220177 0
      vertex 17.439339828220177 19.639339828220177 0
    endloop
  endfacet
  facet normal 0 0 -1
    outer loop
      vertex 13.560660171779821 19.639339828220177 0
      vertex 13.799038105676658 19.95 0
      vertex 17.439339828220177 19.639339828220177 0
    endloop
  endfacet
  facet normal 0 0 -1
    outer loop
      vertex 13.799038105676658 19.95 0
      vertex 13.948888739433603 20.31177143234622 0
      vertex 17.200961894323342 19.95 0
    endloop
  endfacet
  facet normal 0 0 -1
    outer loop
      vertex 13.560660171779821 21.760660171779822 0
      vertex 13.25 21.999038105676657 0
      vertex 17.439339828220177 21.760660171779822 0
    endloop
  endfacet
  facet normal 0 0 -1
    outer loop
      vertex 13.948888739433603 20.31177143234622 0
      vertex 14 20.7 0
      vertex 17.051111260566397 20.31177143234622 0
    endloop
  endfacet
  facet normal 0 0 -1
    outer loop
      vertex 14 20.7 0
      vertex 13.948888739433603 21.08822856765378 0
      vertex 17 20.7 0
    endloop
  endfacet
  facet normal 0 0 -1
    outer loop
      vertex 13.948888739433603 21.08822856765378 0
      vertex 13.799038105676658 21.45 0
      vertex 17.051111260566397 21.08822856765378 0
    endloop
  endfacet
  facet normal 0 0 -1
    outer loop
      vertex 13.560660171779821 21.760660171779822 0
      vertex 17.200961894323342 21.45 0
      vertex 13.799038105676658 21.45 0
    endloop
  endfacet
  facet normal 0 0 -1
    outer loop
      vertex 6.5 22.2 0
      vertex 25 25 0
      vertex 6.8882285676537816 22.148888739433602 0
    endloop
  endfacet
  facet normal 0 0 -1
    outer loop
      vertex 12.888228567653782 22.148888739433602 0
      vertex 17.75 21.999038105676657 0
      vertex 13.25 21.999038105676657 0
    endloop
  endfacet
  facet normal 0 0 -1
    outer loop
      vertex 6.8882285676537816 22.148888739433602 0
      vertex 25 25 0
      vertex 12.111771432346218 22.148888739433602 0
    endloop
  endfacet
  facet normal 0 0 -1
    outer loop
      vertex 13.799038105676658 19.95 0
      vertex 17.200961894323342 19.95 0
      vertex 17.439339828220177 19.639339828220177 0
    endloop
  endfacet
  facet normal 0 0 -1
    outer loop
      vertex 13.948888739433603 20.31177143234622 0
      vertex 17.051111260566397 20.31177143234622 0
      vertex 17.200961894323342 19.95 0
    endloop
  endfacet
  facet normal 0 0 -1
    outer loop
      vertex 13.948888739433603 21.08822856765378 0
      vertex 17.051111260566397 21.08822856765378 0
      vertex 17 20.7 0
    endloop
  endfacet
  facet normal 0 0 -1
    outer loop
      vertex 14 20.7 0
      vertex 17 20.7 0
      vertex 17.051111260566397 20.31177143234622 0
    endloop
  endfacet
  facet normal 0 0 -1
    outer loop
      vertex 13.799038105676658 21.45 0
      vertex 17.200961894323342 21.45 0
      vertex 17.051111260566397 21.08822856765378 0
    endloop
  endfacet
  facet normal 0 0 -1
    outer loop
      vertex 13.560660171779821 21.760660171779822 0
      vertex 17.439339828220177 21.760660171779822 0
      vertex 17.200961894323342 21.45 0
    endloop
  endfacet
  facet normal 0 0 -1
    outer loop
      vertex 13.25 21.999038105676657 0
      vertex 17.75 21.999038105676657 0
      vertex 17.439339828220177 21.760660171779822 0
    endloop
  endfacet
  facet normal 0 0 -1
    outer loop
      vertex 12.888228567653782 22.148888739433602 0
      vertex 18.11177143234622 22.148888739433602 0
      vertex 17.75 21.999038105676657 0
    endloop
  endfacet
  facet normal 0 0 -1
    outer loop
      vertex 12.111771432346218 22.148888739433602 0
      vertex 25 25 0
      vertex 12.5 22.2 0
    endloop
  endfacet
  facet normal 0 0 -1
    outer loop
      vertex 12.5 22.2 0
      vertex 25 25 0
      vertex 12.888228567653782 22.148888739433602 0
    endloop
  endfacet
  facet normal 0 0 -1
    outer loop
      vertex 12.888228567653782 22.148888739433602 0
      vertex 25 25 0
      vertex 18.11177143234622 22.148888739433602 0
    endloop
  endfacet
  facet normal 0 0 -1
    outer loop
      vertex 16.214954984344722 12.169713215269622 0
      vertex 25 25 0
      vertex 16.40900974233027 12.390990257669733 0
    endloop
  endfacet
  facet normal 0 0 -1
    outer loop
      vertex 16.40900974233027 12.390990257669733 0
      vertex 25 25 0
      vertex 16.63028678473038 12.585045015655279 0
    endloop
  endfacet
  facet normal 0 0 -1
    outer loop
      vertex 16.63028678473038 12.585045015655279 0
      vertex 25 25 0
      vertex 16.875 12.748557158514988 0
    endloop
  endfacet
  facet normal 0 0 -1
    outer loop
      vertex 16.875 12.748557158514988 0
      vertex 25 25 0
      vertex 17.13896227717855 12.878728948150396 0
    endloop
  endfacet
  facet normal 0 0 -1
    outer loop
      vertex 17.13896227717855 12.878728948150396 0
      vertex 25 25 0
      vertex 17.41765714851933 12.973333109150404 0
    endloop
  endfacet
  facet normal 0 0 -1
    outer loop
      vertex 17.41765714851933 12.973333109150404 0
      vertex 25 25 0
      vertex 17.706316067504883 13.030750938091074 0
    endloop
  endfacet
  facet normal 0 0 -1
    outer loop
      vertex 17.706316067504883 13.030750938091074 0
      vertex 25 25 0
      vertex 18 13.05 0
    endloop
  endfacet
  facet normal 0 0 -1
    outer loop
      vertex 18 13.05 0
      vertex 25 25 0
      vertex 18.293683932495117 13.030750938091074 0
    endloop
  endfacet
  facet normal 0 0 -1
    outer loop
      vertex 18.293683932495117 13.030750938091074 0
      vertex 25 25 0
      vertex 18.58234285148067 12.973333109150404 0
    endloop
  endfacet
  facet normal 0 0 -1
    outer loop
      vertex 18.58234285148067 12.973333109150404 0
      vertex 25 25 0
      vertex 18.86103772282145 12.878728948150396 0
    endloop
  endfacet
  facet normal 0 0 -1
    outer loop
      vertex 18.86103772282145 12.878728948150396 0
      vertex 25 25 0
      vertex 19.125 12.748557158514988 0
    endloop
  endfacet
  facet normal 0 0 -1
    outer loop
      vertex 20.078728948150395 11.661037722821453 0
      vertex 19.948557158514987 11.925 0
      vertex 25 25 0
    endloop
  endfacet
  facet normal 0 0 -1
    outer loop
      vertex 19.785045015655278 12.169713215269622 0
      vertex 25 25 0
      vertex 19.948557158514987 11.925 0
    endloop
  endfacet
  facet normal 0 0 -1
    outer loop
      vertex 19.125 12.748557158514988 0
      vertex 25 25 0
      vertex 19.36971321526962 12.585045015655279 0
    endloop
  endfacet
  facet normal 0 0 -1
    outer loop
      vertex 19.59099025766973 12.390990257669733 0
      vertex 25 25 0
      vertex 19.785045015655278 12.169713215269622 0
    endloop
  endfacet
  facet normal 0 0 -1
    outer loop
      vertex 19.59099025766973 12.390990257669733 0
      vertex 19.36971321526962 12.585045015655279 0
      vertex 25 25 0
    endloop
  endfacet
  facet normal 0 0 -1
    outer loop
      vertex 13.082342851480671 12.973333109150404 0
      vertex 19.560660171779823 19.639339828220177 0
      vertex 25 25 0
    endloop
  endfacet
  facet normal 0 0 -1
    outer loop
      vertex 19.560660171779823 19.639339828220177 0
      vertex 19.799038105676658 19.95 0
      vertex 25 25 0
    endloop
  endfacet
  facet normal 0 0 -1
    outer loop
      vertex 19.799038105676658 19.95 0
      vertex 19.948888739433603 20.31177143234622 0
      vertex 25 25 0
    endloop
  endfacet
  facet normal 0 0 -1
    outer loop
      vertex 18.11177143234622 22.148888739433602 0
      vertex 25 25 0
      vertex 18.5 22.2 0
    endloop
  endfacet
  facet normal 0 0 -1
    outer loop
      vertex 18.5 22.2 0
      vertex 25 25 0
      vertex 18.88822856765378 22.148888739433602 0
    endloop
  endfacet
  facet normal 0 0 -1
    outer loop
      vertex 18.88822856765378 22.148888739433602 0
      vertex 25 25 0
      vertex 19.25 21.999038105676657 0
    endloop
  endfacet
  facet normal 0 0 -1
    outer loop
      vertex 19.948888739433603 20.31177143234622 0
      vertex 20 20.7 0
      vertex 25 25 0
    endloop
  endfacet
  facet normal 0 0 -1
    outer loop
      vertex 20 20.7 0
      vertex 19.948888739433603 21.08822856765378 0
      vertex 25 25 0
    endloop
  endfacet
  facet normal 0 0 -1
    outer loop
      vertex 19.948888739433603 21.08822856765378 0
      vertex 19.799038105676658 21.45 0
      vertex 25 25 0
    endloop
  endfacet
  facet normal 0 0 -1
    outer loop
      vertex 19.560660171779823 21.760660171779822 0
      vertex 19.25 21.999038105676657 0
      vertex 25 25 0
    endloop
  endfacet
  facet normal 0 0 -1
    outer loop
      vertex 19.799038105676658 21.45 0
      vertex 19.560660171779823 21.760660171779822 0
      vertex 25 25 0
    endloop
  endfacet
  facet normal 0 1 0
    outer loop
      vertex 0 25 25
      vertex 25 25 25
      vertex 25 25 0
    endloop
  endfacet
  facet normal 0 0 1
    outer loop
      vertex 1.5 23.5 25
      vertex 23.5 23.5 25
      vertex 25 25 25
    endloop
  endfacet
  facet normal 1 0 0
    outer loop
      vertex 25 0 25
      vertex 25 25 0
      vertex 25 25 25
    endloop
  endfacet
  facet normal 0 0 1
    outer loop
      vertex 23.5 1.5 25
      vertex 25 25 25
      vertex 23.5 23.5 25
    endloop
  endfacet
  facet normal 0 0 1
    outer loop
      vertex 1.5 1.5 1.5
      vertex 1.5857864376269049 1.5857864376269049 1.5
      vertex 1.5 1.697585499787947 1.5
    endloop
  endfacet
  facet normal 0 0 1
    outer loop
      vertex 1.5 1.5 1.5
      vertex 1.697585499787947 1.5 1.5
      vertex 1.5857864376269049 1.5857864376269049 1.5
    endloop
  endfacet
  facet normal 0 0 1
    outer loop
      vertex 2.168508420739842 2.6555849108714193 1.5
      vertex 2.363603896932107 3.636396103067893 1.5
      vertex 2.1 3 1.5
    endloop
  endfacet
  facet normal 0 0 1
    outer loop
      vertex 2.6555849108714193 2.168508420739842 1.5
      vertex 3 2.1 1.5
      vertex 3.3000000000000007 2.6000000000000005 1.5
    endloop
  endfacet
  facet normal 0 0 1
    outer loop
      vertex 2.6555849108714193 2.168508420739842 1.5
      vertex 2.8050252531694175 2.8050252531694175 1.5
      vertex 2.363603896932107 2.363603896932107 1.5
    endloop
  endfacet
  facet normal 0 0 1
    outer loop
      vertex 2.363603896932107 2.363603896932107 1.5
      vertex 2.8050252531694175 2.8050252531694175 1.5
      vertex 2.6532843272421 3.032121597344438 1.5
    endloop
  endfacet
  facet normal 0 0 1
    outer loop
      vertex 2.363603896932107 2.363603896932107 1.5
      vertex 2.6532843272421 3.032121597344438 1.5
      vertex 2.6000000000000005 3.3000000000000007 1.5
    endloop
  endfacet
  facet normal 0 0 1
    outer loop
      vertex 2.168508420739842 2.6555849108714193 1.5
      vertex 2.363603896932107 2.363603896932107 1.5
      vertex 2.6555849108714193 3.831491579260158 1.5
    endloop
  endfacet
  facet normal 0 0 1
    outer loop
      vertex 2.363603896932107 2.363603896932107 1.5
      vertex 2.6000000000000005 3.3000000000000007 1.5
      vertex 2.6532843272421 3.5678784026555634 1.5
    endloop
  endfacet
  facet normal 0 0 1
    outer loop
      vertex 2.6555849108714193 2.168508420739842 1.5
      vertex 3.032121597344438 2.6532843272421 1.5
      vertex 2.8050252531694175 2.8050252531694175 1.5
    endloop
  endfacet
  facet normal 0 0 1
    outer loop
      vertex 2.6555849108714193 2.168508420739842 1.5
      vertex 3.3000000000000007 2.6000000000000005 1.5
      vertex 3.032121597344438 2.6532843272421 1.5
    endloop
  endfacet
  facet normal 0 0 1
    outer loop
      vertex 2.1 3 1.5
      vertex 2.363603896932107 3.636396103067893 1.5
      vertex 2.168508420739842 3.3444150891285807 1.5
    endloop
  endfacet
  facet normal 0 0 1
    outer loop
      vertex 2.168508420739842 2.6555849108714193 1.5
      vertex 2.6555849108714193 3.831491579260158 1.5
      vertex 2.363603896932107 3.636396103067893 1.5
    endloop
  endfacet
  facet normal 0 0 1
    outer loop
      vertex 2.363603896932107 2.363603896932107 1.5
      vertex 2.6532843272421 3.5678784026555634 1.5
      vertex 2.6555849108714193 3.831491579260158 1.5
    endloop
  endfacet
  facet normal 0 0 1
    outer loop
      vertex 2.6555849108714193 3.831491579260158 1.5
      vertex 2.6532843272421 3.5678784026555634 1.5
      vertex 2.8050252531694175 3.794974746830584 1.5
    endloop
  endfacet
  facet normal 0 0 1
    outer loop
      vertex 2.6555849108714193 3.831491579260158 1.5
      vertex 2.8050252531694175 3.794974746830584 1.5
      vertex 2.9461868257280392 3.88929589410935 1.5
    endloop
  endfacet
  facet normal 0 0 1
    outer loop
      vertex 3 2.1 1.5
      vertex 3.3444150891285807 2.168508420739842 1.5
      vertex 3.636396103067893 2.363603896932107 1.5
    endloop
  endfacet
  facet normal 0 0 1
    outer loop
      vertex 3 2.1 1.5
      vertex 3.5678784026555634 2.6532843272421 1.5
      vertex 3.3000000000000007 2.6000000000000005 1.5
    endloop
  endfacet
  facet normal 0 0 1
    outer loop
      vertex 3 2.1 1.5
      vertex 3.636396103067893 2.363603896932107 1.5
      vertex 3.831491579260158 2.6555849108714193 1.5
    endloop
  endfacet
  facet normal 0 0 1
    outer loop
      vertex 3 2.1 1.5
      vertex 3.831491579260158 2.6555849108714193 1.5
      vertex 3.5678784026555634 2.6532843272421 1.5
    endloop
  endfacet
  facet normal 0 0 1
    outer loop
      vertex 3.831491579260158 2.6555849108714193 1.5
      vertex 3.794974746830584 2.8050252531694175 1.5
      vertex 3.5678784026555634 2.6532843272421 1.5
    endloop
  endfacet
  facet normal 0 0 1
    outer loop
      vertex 3.831491579260158 2.6555849108714193 1.5
      vertex 3.88929589410935 2.946186825728039 1.5
      vertex 3.794974746830584 2.8050252531694175 1.5
    endloop
  endfacet
  facet normal 0 0 1
    outer loop
      vertex 3.5176380902050415 4.931851652578136 1.5
      vertex 4 4.732050807568877 1.5
      vertex 5.875 8.851442841485014 1.5
    endloop
  endfacet
  facet normal 0 0 1
    outer loop
      vertex 4.414213562373095 4.414213562373095 1.5
      vertex 6.706316067504884 8.569249061908927 1.5
      vertex 4 4.732050807568877 1.5
    endloop
  endfacet
  facet normal 1 0 0
    outer loop
      vertex 1.5 1.5 1.5
      vertex 1.5 1.697585499787947 1.5
      vertex 1.5 1.697585499787947 23.5
    endloop
  endfacet
  facet normal 0 1 0
    outer loop
      vertex 1.5 1.5 1.5
      vertex 1.5 1.5 25
      vertex 1.697585499787947 1.5 1.5
    endloop
  endfacet
  facet normal 0 0 1
    outer loop
      vertex 2 4.732050807568877 1.5
      vertex 2.4823619097949585 4.931851652578136 1.5
      vertex 4.75 10.8 1.5
    endloop
  endfacet
  facet normal 0 0 1
    outer loop
      vertex 1.5 4.302414500212053 1.5
      vertex 1.5857864376269049 4.414213562373095 1.5
      vertex 1.5857864376269049 20.585786437626904 1.5
    endloop
  endfacet
  facet normal 0 0 1
    outer loop
      vertex 1.5857864376269049 4.414213562373095 1.5
      vertex 2 4.732050807568877 1.5
      vertex 2 20.26794919243112 1.5
    endloop
  endfacet
  facet normal 0 0 1
    outer loop
      vertex 2 4.732050807568877 1.5
      vertex 4.75 10.8 1.5
      vertex 2 20.26794919243112 1.5
    endloop
  endfacet
  facet normal 0 0 1
    outer loop
      vertex 2.4823619097949585 4.931851652578136 1.5
      vertex 3 5 1.5
      vertex 4.75 10.8 1.5
    endloop
  endfacet
  facet normal 0 0 1
    outer loop
      vertex 3 5 1.5
      vertex 3.5176380902050415 4.931851652578136 1.5
      vertex 5.051442841485013 9.675 1.5
    endloop
  endfacet
  facet normal 0 0 1
    outer loop
      vertex 3 5 1.5
      vertex 4.921271051849605 9.938962277178549 1.5
      vertex 4.826666890849596 10.21765714851933 1.5
    endloop
  endfacet
  facet normal 0 0 1
    outer loop
      vertex 3 5 1.5
      vertex 4.826666890849596 10.21765714851933 1.5
      vertex 4.769249061908926 10.506316067504885 1.5
    endloop
  endfacet
  facet normal 0 0 1
    outer loop
      vertex 3.5176380902050415 4.931851652578136 1.5
      vertex 5.214954984344721 9.430286784730379 1.5
      vertex 5.051442841485013 9.675 1.5
    endloop
  endfacet
  facet normal 0 0 1
    outer loop
      vertex 3 5 1.5
      vertex 5.051442841485013 9.675 1.5
      vertex 4.921271051849605 9.938962277178549 1.5
    endloop
  endfacet
  facet normal 0 0 1
    outer loop
      vertex 3 5 1.5
      vertex 4.769249061908926 10.506316067504885 1.5
      vertex 4.75 10.8 1.5
    endloop
  endfacet
  facet normal 0 0 1
    outer loop
      vertex 3.5176380902050415 4.931851652578136 1.5
      vertex 5.630286784730378 9.014954984344723 1.5
      vertex 5.409009742330268 9.209009742330268 1.5
    endloop
  endfacet
  facet normal 0 0 1
    outer loop
      vertex 3.5176380902050415 4.931851652578136 1.5
      vertex 5.875 8.851442841485014 1.5
      vertex 5.630286784730378 9.014954984344723 1.5
    endloop
  endfacet
  facet normal 0 0 1
    outer loop
      vertex 4 4.732050807568877 1.5
      vertex 6.138962277178548 8.721271051849605 1.5
      vertex 5.875 8.851442841485014 1.5
    endloop
  endfacet
  facet normal 0 0 1
    outer loop
      vertex 4 4.732050807568877 1.5
      vertex 6.417657148519329 8.626666890849597 1.5
      vertex 6.138962277178548 8.721271051849605 1.5
    endloop
  endfacet
  facet normal 0 0 1
    outer loop
      vertex 4 4.732050807568877 1.5
      vertex 6.706316067504884 8.569249061908927 1.5
      vertex 6.417657148519329 8.626666890849597 1.5
    endloop
  endfacet
  facet normal 0 0 1
    outer loop
      vertex 4.414213562373095 4.414213562373095 1.5
      vertex 7 8.55 1.5
      vertex 6.706316067504884 8.569249061908927 1.5
    endloop
  endfacet
  facet normal 0 0 1
    outer loop
      vertex 4.414213562373095 4.414213562373095 1.5
      vertex 7.293683932495116 8.569249061908927 1.5
      vertex 7 8.55 1.5
    endloop
  endfacet
  facet normal 0 0 1
    outer loop
      vertex 3.5176380902050415 4.931851652578136 1.5
      vertex 5.409009742330268 9.209009742330268 1.5
      vertex 5.214954984344721 9.430286784730379 1.5
    endloop
  endfacet
  facet normal 1 0 0
    outer loop
      vertex 1.5 4.302414500212053 1.5
      vertex 1.5 20.697585499787948 1.5
      vertex 1.5 7.75 18
    endloop
  endfacet
  facet normal 0 0 1
    outer loop
      vertex 4.302414500212053 1.5 1.5
      vertex 12.206316067504885 3.0692490619089274 1.5
      vertex 4.414213562373095 1.5857864376269049 1.5
    endloop
  endfacet
  facet normal 0 0 1
    outer loop
      vertex 4.414213562373095 1.5857864376269049 1.5
      vertex 11.917657148519329 3.126666890849597 1.5
      vertex 4.732050807568877 2 1.5
    endloop
  endfacet
  facet normal 0 0 1
    outer loop
      vertex 4.732050807568877 2 1.5
      vertex 10.551442841485013 4.175000000000001 1.5
      vertex 4.931851652578136 2.4823619097949585 1.5
    endloop
  endfacet
  facet normal 0 0 1
    outer loop
      vertex 4.732050807568877 2 1.5
      vertex 11.130286784730378 3.5149549843447216 1.5
      vertex 10.909009742330268 3.7090097423302684 1.5
    endloop
  endfacet
  facet normal 0 0 1
    outer loop
      vertex 4.732050807568877 2 1.5
      vertex 11.375 3.3514428414850137 1.5
      vertex 11.130286784730378 3.5149549843447216 1.5
    endloop
  endfacet
  facet normal 0 0 1
    outer loop
      vertex 4.732050807568877 2 1.5
      vertex 11.638962277178548 3.2212710518496057 1.5
      vertex 11.375 3.3514428414850137 1.5
    endloop
  endfacet
  facet normal 0 0 1
    outer loop
      vertex 4.931851652578136 2.4823619097949585 1.5
      vertex 10.269249061908926 5.006316067504884 1.5
      vertex 5 3 1.5
    endloop
  endfacet
  facet normal 0 0 1
    outer loop
      vertex 5 3 1.5
      vertex 10.909009742330268 6.890990257669733 1.5
      vertex 4.931851652578136 3.5176380902050415 1.5
    endloop
  endfacet
  facet normal 0 0 1
    outer loop
      vertex 4.414213562373095 4.414213562373095 1.5
      vertex 4.732050807568877 4 1.5
      vertex 10.326666890849596 10.21765714851933 1.5
    endloop
  endfacet
  facet normal 0 0 1
    outer loop
      vertex 4.931851652578136 3.5176380902050415 1.5
      vertex 11.130286784730378 9.014954984344723 1.5
      vertex 4.732050807568877 4 1.5
    endloop
  endfacet
  facet normal 0 0 1
    outer loop
      vertex 4.931851652578136 2.4823619097949585 1.5
      vertex 10.421271051849605 4.438962277178549 1.5
      vertex 10.326666890849596 4.717657148519329 1.5
    endloop
  endfacet
  facet normal 0 0 1
    outer loop
      vertex 4.931851652578136 2.4823619097949585 1.5
      vertex 10.326666890849596 4.717657148519329 1.5
      vertex 10.269249061908926 5.006316067504884 1.5
    endloop
  endfacet
  facet normal 0 0 1
    outer loop
      vertex 5 3 1.5
      vertex 10.269249061908926 5.006316067504884 1.5
      vertex 10.25 5.300000000000001 1.5
    endloop
  endfacet
  facet normal 0 0 1
    outer loop
      vertex 5 3 1.5
      vertex 10.25 5.300000000000001 1.5
      vertex 10.269249061908926 5.593683932495117 1.5
    endloop
  endfacet
  facet normal 0 0 1
    outer loop
      vertex 4.732050807568877 2 1.5
      vertex 10.909009742330268 3.7090097423302684 1.5
      vertex 10.714954984344722 3.930286784730379 1.5
    endloop
  endfacet
  facet normal 0 0 1
    outer loop
      vertex 4.732050807568877 2 1.5
      vertex 10.714954984344722 3.930286784730379 1.5
      vertex 10.551442841485013 4.175000000000001 1.5
    endloop
  endfacet
  facet normal 0 0 1
    outer loop
      vertex 4.931851652578136 2.4823619097949585 1.5
      vertex 10.551442841485013 4.175000000000001 1.5
      vertex 10.421271051849605 4.438962277178549 1.5
    endloop
  endfacet
  facet normal 0 0 1
    outer loop
      vertex 5 3 1.5
      vertex 10.269249061908926 5.593683932495117 1.5
      vertex 10.326666890849596 5.882342851480672 1.5
    endloop
  endfacet
  facet normal 0 0 1
    outer loop
      vertex 5 3 1.5
      vertex 10.326666890849596 5.882342851480672 1.5
      vertex 10.421271051849605 6.161037722821453 1.5
    endloop
  endfacet
  facet normal 0 0 1
    outer loop
      vertex 5 3 1.5
      vertex 10.421271051849605 6.161037722821453 1.5
      vertex 10.551442841485013 6.425000000000001 1.5
    endloop
  endfacet
  facet normal 0 0 1
    outer loop
      vertex 5 3 1.5
      vertex 10.551442841485013 6.425000000000001 1.5
      vertex 10.714954984344722 6.669713215269622 1.5
    endloop
  endfacet
  facet normal 0 0 1
    outer loop
      vertex 5 3 1.5
      vertex 10.714954984344722 6.669713215269622 1.5
      vertex 10.909009742330268 6.890990257669733 1.5
    endloop
  endfacet
  facet normal 0 0 1
    outer loop
      vertex 4.414213562373095 1.5857864376269049 1.5
      vertex 12.206316067504885 3.0692490619089274 1.5
      vertex 11.917657148519329 3.126666890849597 1.5
    endloop
  endfacet
  facet normal 0 0 1
    outer loop
      vertex 4.732050807568877 2 1.5
      vertex 11.917657148519329 3.126666890849597 1.5
      vertex 11.638962277178548 3.2212710518496057 1.5
    endloop
  endfacet
  facet normal 0 0 1
    outer loop
      vertex 4.302414500212053 1.5 1.5
      vertex 20.697585499787948 1.5 1.5
      vertex 12.206316067504885 3.0692490619089274 1.5
    endloop
  endfacet
  facet normal 0 1 0
    outer loop
      vertex 4.302414500212053 1.5 1.5
      vertex 4.302414500212053 1.5 23.5
      vertex 20.697585499787948 1.5 1.5
    endloop
  endfacet
  facet normal 0 0 1
    outer loop
      vertex 4.414213562373095 4.414213562373095 1.5
      vertex 7.582342851480671 8.626666890849597 1.5
      vertex 7.293683932495116 8.569249061908927 1.5
    endloop
  endfacet
  facet normal 0 0 1
    outer loop
      vertex 4.414213562373095 4.414213562373095 1.5
      vertex 7.861037722821452 8.721271051849605 1.5
      vertex 7.582342851480671 8.626666890849597 1.5
    endloop
  endfacet
  facet normal 0 0 1
    outer loop
      vertex 4.414213562373095 4.414213562373095 1.5
      vertex 8.125 8.851442841485014 1.5
      vertex 7.861037722821452 8.721271051849605 1.5
    endloop
  endfacet
  facet normal 0 0 1
    outer loop
      vertex 4.414213562373095 4.414213562373095 1.5
      vertex 8.369713215269622 9.014954984344723 1.5
      vertex 8.125 8.851442841485014 1.5
    endloop
  endfacet
  facet normal 0 0 1
    outer loop
      vertex 4.414213562373095 4.414213562373095 1.5
      vertex 8.590990257669732 9.209009742330268 1.5
      vertex 8.369713215269622 9.014954984344723 1.5
    endloop
  endfacet
  facet normal 0 0 1
    outer loop
      vertex 4.414213562373095 4.414213562373095 1.5
      vertex 10.25 10.8 1.5
      vertex 8.590990257669732 9.209009742330268 1.5
    endloop
  endfacet
  facet normal 0 0 1
    outer loop
      vertex 4.931851652578136 3.5176380902050415 1.5
      vertex 11.638962277178548 8.721271051849605 1.5
      vertex 11.375 8.851442841485014 1.5
    endloop
  endfacet
  facet normal 0 0 1
    outer loop
      vertex 4.732050807568877 4 1.5
      vertex 11.130286784730378 9.014954984344723 1.5
      vertex 10.909009742330268 9.209009742330268 1.5
    endloop
  endfacet
  facet normal 0 0 1
    outer loop
      vertex 4.732050807568877 4 1.5
      vertex 10.909009742330268 9.209009742330268 1.5
      vertex 10.714954984344722 9.430286784730379 1.5
    endloop
  endfacet
  facet normal 0 0 1
    outer loop
      vertex 4.732050807568877 4 1.5
      vertex 10.714954984344722 9.430286784730379 1.5
      vertex 10.551442841485013 9.675 1.5
    endloop
  endfacet
  facet normal 0 0 1
    outer loop
      vertex 4.931851652578136 3.5176380902050415 1.5
      vertex 11.375 8.851442841485014 1.5
      vertex 11.130286784730378 9.014954984344723 1.5
    endloop
  endfacet
  facet normal 0 0 1
    outer loop
      vertex 4.732050807568877 4 1.5
      vertex 10.551442841485013 9.675 1.5
      vertex 10.421271051849605 9.938962277178549 1.5
    endloop
  endfacet
  facet normal 0 0 1
    outer loop
      vertex 4.732050807568877 4 1.5
      vertex 10.421271051849605 9.938962277178549 1.5
      vertex 10.326666890849596 10.21765714851933 1.5
    endloop
  endfacet
  facet normal 0 0 1
    outer loop
      vertex 4.414213562373095 4.414213562373095 1.5
      vertex 10.326666890849596 10.21765714851933 1.5
      vertex 10.269249061908926 10.506316067504885 1.5
    endloop
  endfacet
  facet normal 0 0 1
    outer loop
      vertex 4.414213562373095 4.414213562373095 1.5
      vertex 10.269249061908926 10.506316067504885 1.5
      vertex 10.25 10.8 1.5
    endloop
  endfacet
  facet normal 0 0 1
    outer loop
      vertex 8.590990257669732 9.209009742330268 1.5
      vertex 10.25 10.8 1.5
      vertex 8.785045015655278 9.430286784730379 1.5
    endloop
  endfacet
  facet normal 0 0 1
    outer loop
      vertex 8.785045015655278 9.430286784730379 1.5
      vertex 10.25 10.8 1.5
      vertex 8.948557158514987 9.675 1.5
    endloop
  endfacet
  facet normal 0 0 1
    outer loop
      vertex 4.931851652578136 3.5176380902050415 1.5
      vertex 10.909009742330268 6.890990257669733 1.5
      vertex 12.793683932495115 8.569249061908927 1.5
    endloop
  endfacet
  facet normal 0 0 1
    outer loop
      vertex 4.931851652578136 3.5176380902050415 1.5
      vertex 11.917657148519329 8.626666890849597 1.5
      vertex 11.638962277178548 8.721271051849605 1.5
    endloop
  endfacet
  facet normal 0 0 1
    outer loop
      vertex 4.931851652578136 3.5176380902050415 1.5
      vertex 12.206316067504885 8.569249061908927 1.5
      vertex 11.917657148519329 8.626666890849597 1.5
    endloop
  endfacet
  facet normal 0 0 1
    outer loop
      vertex 4.931851652578136 3.5176380902050415 1.5
      vertex 12.5 8.55 1.5
      vertex 12.206316067504885 8.569249061908927 1.5
    endloop
  endfacet
  facet normal 0 0 1
    outer loop
      vertex 4.931851652578136 3.5176380902050415 1.5
      vertex 12.793683932495115 8.569249061908927 1.5
      vertex 12.5 8.55 1.5
    endloop
  endfacet
  facet normal 0 0 1
    outer loop
      vertex 10.909009742330268 6.890990257669733 1.5
      vertex 11.130286784730378 7.08504501565528 1.5
      vertex 12.793683932495115 8.569249061908927 1.5
    endloop
  endfacet
  facet normal 0 0 1
    outer loop
      vertex 11.130286784730378 7.08504501565528 1.5
      vertex 11.375 7.248557158514988 1.5
      vertex 12.793683932495115 8.569249061908927 1.5
    endloop
  endfacet
  facet normal 0 0 1
    outer loop
      vertex 11.375 7.248557158514988 1.5
      vertex 11.638962277178548 7.378728948150396 1.5
      vertex 12.793683932495115 8.569249061908927 1.5
    endloop
  endfacet
  facet normal 0 0 1
    outer loop
      vertex 11.638962277178548 7.378728948150396 1.5
      vertex 11.917657148519329 7.4733331091504045 1.5
      vertex 12.793683932495115 8.569249061908927 1.5
    endloop
  endfacet
  facet normal 0 0 1
    outer loop
      vertex 11.917657148519329 7.4733331091504045 1.5
      vertex 12.206316067504885 7.530750938091074 1.5
      vertex 12.793683932495115 8.569249061908927 1.5
    endloop
  endfacet
  facet normal 0 0 1
    outer loop
      vertex 8.948557158514987 9.675 1.5
      vertex 10.25 10.8 1.5
      vertex 9.078728948150395 9.938962277178549 1.5
    endloop
  endfacet
  facet normal 0 0 1
    outer loop
      vertex 9.078728948150395 9.938962277178549 1.5
      vertex 10.25 10.8 1.5
      vertex 10.269249061908926 11.093683932495116 1.5
    endloop
  endfacet
  facet normal 0 0 1
    outer loop
      vertex 9.078728948150395 9.938962277178549 1.5
      vertex 10.269249061908926 11.093683932495116 1.5
      vertex 10.326666890849596 11.382342851480672 1.5
    endloop
  endfacet
  facet normal 0 0 1
    outer loop
      vertex 9.078728948150395 9.938962277178549 1.5
      vertex 10.326666890849596 11.382342851480672 1.5
      vertex 10.421271051849605 11.661037722821453 1.5
    endloop
  endfacet
  facet normal 0 0 1
    outer loop
      vertex 9.078728948150395 9.938962277178549 1.5
      vertex 10.421271051849605 11.661037722821453 1.5
      vertex 10.551442841485013 11.925 1.5
    endloop
  endfacet
  facet normal 0 0 1
    outer loop
      vertex 9.078728948150395 9.938962277178549 1.5
      vertex 11.638962277178548 14.221271051849605 1.5
      vertex 9.173333109150404 10.21765714851933 1.5
    endloop
  endfacet
  facet normal 0 0 1
    outer loop
      vertex 9.078728948150395 9.938962277178549 1.5
      vertex 10.551442841485013 11.925 1.5
      vertex 10.714954984344722 12.169713215269622 1.5
    endloop
  endfacet
  facet normal 0 0 1
    outer loop
      vertex 9.173333109150404 10.21765714851933 1.5
      vertex 11.638962277178548 14.221271051849605 1.5
      vertex 9.230750938091074 10.506316067504885 1.5
    endloop
  endfacet
  facet normal 0 0 1
    outer loop
      vertex 9.230750938091074 10.506316067504885 1.5
      vertex 11.638962277178548 14.221271051849605 1.5
      vertex 9.25 10.8 1.5
    endloop
  endfacet
  facet normal 0 0 1
    outer loop
      vertex 9.25 10.8 1.5
      vertex 11.638962277178548 14.221271051849605 1.5
      vertex 9.230750938091074 11.093683932495116 1.5
    endloop
  endfacet
  facet normal 0 0 1
    outer loop
      vertex 9.230750938091074 11.093683932495116 1.5
      vertex 11.638962277178548 14.221271051849605 1.5
      vertex 9.173333109150404 11.382342851480672 1.5
    endloop
  endfacet
  facet normal 0 0 1
    outer loop
      vertex 9.173333109150404 11.382342851480672 1.5
      vertex 11.638962277178548 14.221271051849605 1.5
      vertex 9.078728948150395 11.661037722821453 1.5
    endloop
  endfacet
  facet normal 0 0 1
    outer loop
      vertex 9.078728948150395 9.938962277178549 1.5
      vertex 10.714954984344722 12.169713215269622 1.5
      vertex 11.638962277178548 14.221271051849605 1.5
    endloop
  endfacet
  facet normal 1 0 0
    outer loop
      vertex 1.5 1.5 1.5
      vertex 1.5 1.697585499787947 23.5
      vertex 1.5 1.5 25
    endloop
  endfacet
  facet normal 0 1 0
    outer loop
      vertex 1.697585499787947 1.5 1.5
      vertex 1.5 1.5 25
      vertex 1.697585499787947 1.5 23.5
    endloop
  endfacet
  facet normal 1 0 0
    outer loop
      vertex 1.5 4.302414500212053 1.5
      vertex 1.5 7.75 21.6
      vertex 1.5 4.302414500212053 22.5
    endloop
  endfacet
  facet normal 1 0 0
    outer loop
      vertex 1.5 1.5 25
      vertex 1.5 1.697585499787947 23.5
      vertex 1.5 3.5 23.5
    endloop
  endfacet
  facet normal 1 0 0
    outer loop
      vertex 1.5 7.75 21.6
      vertex 1.5 6.116933184310974 22.5
      vertex 1.5 4.302414500212053 22.5
    endloop
  endfacet
  facet normal 1 0 0
    outer loop
      vertex 1.5 4.302414500212053 1.5
      vertex 1.5 7.75 18
      vertex 1.5 7.75 21.6
    endloop
  endfacet
  facet normal 1 0 0
    outer loop
      vertex 1.5 1.5 25
      vertex 1.5 3.5 23.5
      vertex 1.5 21.5 23.5
    endloop
  endfacet
  facet normal 1 0 0
    outer loop
      vertex 1.5 7.75 21.6
      vertex 1.5 17.25 21.6
      vertex 1.5 6.116933184310974 22.5
    endloop
  endfacet
  facet normal 0 1 0
    outer loop
      vertex 1.5 1.5 25
      vertex 23.5 1.5 25
      vertex 1.697585499787947 1.5 23.5
    endloop
  endfacet
  facet normal 0 1 0
    outer loop
      vertex 1.697585499787947 1.5 23.5
      vertex 23.5 1.5 25
      vertex 4.302414500212053 1.5 23.5
    endloop
  endfacet
  facet normal 0 0 1
    outer loop
      vertex 1.5 4.302414500212053 1.5
      vertex 1.5857864376269049 20.585786437626904 1.5
      vertex 1.5 20.697585499787948 1.5
    endloop
  endfacet
  facet normal 0 0 1
    outer loop
      vertex 1.5857864376269049 4.414213562373095 1.5
      vertex 2 20.26794919243112 1.5
      vertex 1.5857864376269049 20.585786437626904 1.5
    endloop
  endfacet
  facet normal 0 0 1
    outer loop
      vertex 4.75 10.8 1.5
      vertex 2.4823619097949585 20.068148347421864 1.5
      vertex 2 20.26794919243112 1.5
    endloop
  endfacet
  facet normal 0 0 1
    outer loop
      vertex 4.75 10.8 1.5
      vertex 4.769249061908926 11.093683932495116 1.5
      vertex 5 20.7 1.5
    endloop
  endfacet
  facet normal 0 0 1
    outer loop
      vertex 4.769249061908926 11.093683932495116 1.5
      vertex 4.826666890849596 11.382342851480672 1.5
      vertex 5 20.7 1.5
    endloop
  endfacet
  facet normal 0 0 1
    outer loop
      vertex 4.826666890849596 11.382342851480672 1.5
      vertex 4.921271051849605 11.661037722821453 1.5
      vertex 5 20.7 1.5
    endloop
  endfacet
  facet normal 0 0 1
    outer loop
      vertex 4.921271051849605 11.661037722821453 1.5
      vertex 5.051442841485013 11.925 1.5
      vertex 5.0511112605663975 20.31177143234622 1.5
    endloop
  endfacet
  facet normal 0 0 1
    outer loop
      vertex 5.051442841485013 11.925 1.5
      vertex 5.214954984344721 12.169713215269622 1.5
      vertex 5.0511112605663975 20.31177143234622 1.5
    endloop
  endfacet
  facet normal 0 0 1
    outer loop
      vertex 5.214954984344721 12.169713215269622 1.5
      vertex 5.409009742330268 12.390990257669733 1.5
      vertex 5.200961894323342 19.95 1.5
    endloop
  endfacet
  facet normal 0 0 1
    outer loop
      vertex 5.409009742330268 12.390990257669733 1.5
      vertex 5.630286784730378 12.585045015655279 1.5
      vertex 5.439339828220179 19.639339828220177 1.5
    endloop
  endfacet
  facet normal 0 0 1
    outer loop
      vertex 5.630286784730378 12.585045015655279 1.5
      vertex 5.875 12.748557158514988 1.5
      vertex 5.439339828220179 19.639339828220177 1.5
    endloop
  endfacet
  facet normal 0 0 1
    outer loop
      vertex 5.875 12.748557158514988 1.5
      vertex 6.138962277178548 12.878728948150396 1.5
      vertex 5.439339828220179 19.639339828220177 1.5
    endloop
  endfacet
  facet normal 0 0 1
    outer loop
      vertex 6.138962277178548 12.878728948150396 1.5
      vertex 6.417657148519329 12.973333109150404 1.5
      vertex 5.75 19.40096189432334 1.5
    endloop
  endfacet
  facet normal 0 0 1
    outer loop
      vertex 4.75 10.8 1.5
      vertex 3 20 1.5
      vertex 2.4823619097949585 20.068148347421864 1.5
    endloop
  endfacet
  facet normal 0 0 1
    outer loop
      vertex 4.75 10.8 1.5
      vertex 3.5176380902050415 20.068148347421864 1.5
      vertex 3 20 1.5
    endloop
  endfacet
  facet normal 0 0 1
    outer loop
      vertex 4.75 10.8 1.5
      vertex 4 20.26794919243112 1.5
      vertex 3.5176380902050415 20.068148347421864 1.5
    endloop
  endfacet
  facet normal 0 0 1
    outer loop
      vertex 4.75 10.8 1.5
      vertex 4.414213562373095 20.585786437626904 1.5
      vertex 4 20.26794919243112 1.5
    endloop
  endfacet
  facet normal 0 0 1
    outer loop
      vertex 4.75 10.8 1.5
      vertex 5 20.7 1.5
      vertex 4.414213562373095 20.585786437626904 1.5
    endloop
  endfacet
  facet normal 0 0 1
    outer loop
      vertex 4.921271051849605 11.661037722821453 1.5
      vertex 5.0511112605663975 20.31177143234622 1.5
      vertex 5 20.7 1.5
    endloop
  endfacet
  facet normal 0 0 1
    outer loop
      vertex 5.214954984344721 12.169713215269622 1.5
      vertex 5.200961894323342 19.95 1.5
      vertex 5.0511112605663975 20.31177143234622 1.5
    endloop
  endfacet
  facet normal 0 0 1
    outer loop
      vertex 5.409009742330268 12.390990257669733 1.5
      vertex 5.439339828220179 19.639339828220177 1.5
      vertex 5.200961894323342 19.95 1.5
    endloop
  endfacet
  facet normal 0 0 1
    outer loop
      vertex 6.138962277178548 12.878728948150396 1.5
      vertex 5.75 19.40096189432334 1.5
      vertex 5.439339828220179 19.639339828220177 1.5
    endloop
  endfacet
  facet normal 0 0 1
    outer loop
      vertex 2.168508420739842 21.65558491087142 1.5
      vertex 2.6000000000000005 21.7 1.5
      vertex 2.1 22 1.5
    endloop
  endfacet
  facet normal 0 0 1
    outer loop
      vertex 2.168508420739842 21.65558491087142 1.5
      vertex 2.363603896932107 21.36360389693211 1.5
      vertex 2.6532843272421 21.432121597344437 1.5
    endloop
  endfacet
  facet normal 0 0 1
    outer loop
      vertex 2.363603896932107 21.36360389693211 1.5
      vertex 2.6555849108714193 21.16850842073984 1.5
      vertex 2.8050252531694175 21.205025253169417 1.5
    endloop
  endfacet
  facet normal 0 0 1
    outer loop
      vertex 2.363603896932107 21.36360389693211 1.5
      vertex 2.8050252531694175 21.205025253169417 1.5
      vertex 2.6532843272421 21.432121597344437 1.5
    endloop
  endfacet
  facet normal 0 0 1
    outer loop
      vertex 2.168508420739842 21.65558491087142 1.5
      vertex 2.6532843272421 21.432121597344437 1.5
      vertex 2.6000000000000005 21.7 1.5
    endloop
  endfacet
  facet normal 0 0 1
    outer loop
      vertex 2.6555849108714193 21.16850842073984 1.5
      vertex 2.946186825728039 21.11070410589065 1.5
      vertex 2.8050252531694175 21.205025253169417 1.5
    endloop
  endfacet
  facet normal 0 0 1
    outer loop
      vertex 1.5 23.302414500212052 1.5
      vertex 1.5857864376269049 23.414213562373096 1.5
      vertex 1.5 23.5 1.5
    endloop
  endfacet
  facet normal 0 0 1
    outer loop
      vertex 2.1 22 1.5
      vertex 2.6532843272421 21.96787840265556 1.5
      vertex 2.168508420739842 22.34441508912858 1.5
    endloop
  endfacet
  facet normal 0 0 1
    outer loop
      vertex 2.1 22 1.5
      vertex 2.6000000000000005 21.7 1.5
      vertex 2.6532843272421 21.96787840265556 1.5
    endloop
  endfacet
  facet normal 0 0 1
    outer loop
      vertex 2.168508420739842 22.34441508912858 1.5
      vertex 2.6532843272421 21.96787840265556 1.5
      vertex 2.8050252531694175 22.19497474683058 1.5
    endloop
  endfacet
  facet normal 0 0 1
    outer loop
      vertex 2.168508420739842 22.34441508912858 1.5
      vertex 2.8050252531694175 22.19497474683058 1.5
      vertex 2.363603896932107 22.63639610306789 1.5
    endloop
  endfacet
  facet normal 0 0 1
    outer loop
      vertex 2.363603896932107 22.63639610306789 1.5
      vertex 2.8050252531694175 22.19497474683058 1.5
      vertex 3.032121597344438 22.3467156727579 1.5
    endloop
  endfacet
  facet normal 0 0 1
    outer loop
      vertex 2.363603896932107 22.63639610306789 1.5
      vertex 3.032121597344438 22.3467156727579 1.5
      vertex 3.3000000000000007 22.4 1.5
    endloop
  endfacet
  facet normal 0 0 1
    outer loop
      vertex 2.363603896932107 22.63639610306789 1.5
      vertex 3.831491579260158 22.34441508912858 1.5
      vertex 2.6555849108714193 22.83149157926016 1.5
    endloop
  endfacet
  facet normal 0 0 1
    outer loop
      vertex 2.363603896932107 22.63639610306789 1.5
      vertex 3.3000000000000007 22.4 1.5
      vertex 3.5678784026555634 22.3467156727579 1.5
    endloop
  endfacet
  facet normal 0 0 1
    outer loop
      vertex 2.6555849108714193 22.83149157926016 1.5
      vertex 3.636396103067893 22.63639610306789 1.5
      vertex 3 22.9 1.5
    endloop
  endfacet
  facet normal 0 0 1
    outer loop
      vertex 1.5 23.5 1.5
      vertex 1.5857864376269049 23.414213562373096 1.5
      vertex 1.6975854997879458 23.5 1.5
    endloop
  endfacet
  facet normal 0 0 1
    outer loop
      vertex 4.414213562373095 20.585786437626904 1.5
      vertex 5 20.7 1.5
      vertex 4.732050807568877 21 1.5
    endloop
  endfacet
  facet normal 0 0 1
    outer loop
      vertex 5 20.7 1.5
      vertex 5.0511112605663975 21.08822856765378 1.5
      vertex 4.732050807568877 21 1.5
    endloop
  endfacet
  facet normal 0 0 1
    outer loop
      vertex 4.732050807568877 21 1.5
      vertex 5.0511112605663975 21.08822856765378 1.5
      vertex 4.931851652578136 21.48236190979496 1.5
    endloop
  endfacet
  facet normal 0 0 1
    outer loop
      vertex 5.0511112605663975 21.08822856765378 1.5
      vertex 5.200961894323342 21.45 1.5
      vertex 4.931851652578136 21.48236190979496 1.5
    endloop
  endfacet
  facet normal 0 0 1
    outer loop
      vertex 4.931851652578136 21.48236190979496 1.5
      vertex 5.200961894323342 21.45 1.5
      vertex 5.439339828220179 21.760660171779822 1.5
    endloop
  endfacet
  facet normal 0 0 1
    outer loop
      vertex 4.931851652578136 21.48236190979496 1.5
      vertex 5.439339828220179 21.760660171779822 1.5
      vertex 5 22 1.5
    endloop
  endfacet
  facet normal 0 0 1
    outer loop
      vertex 2.363603896932107 22.63639610306789 1.5
      vertex 3.5678784026555634 22.3467156727579 1.5
      vertex 3.831491579260158 22.34441508912858 1.5
    endloop
  endfacet
  facet normal 0 0 1
    outer loop
      vertex 2.6555849108714193 22.83149157926016 1.5
      vertex 3.831491579260158 22.34441508912858 1.5
      vertex 3.636396103067893 22.63639610306789 1.5
    endloop
  endfacet
  facet normal 0 0 1
    outer loop
      vertex 3.831491579260158 22.34441508912858 1.5
      vertex 3.794974746830584 22.19497474683058 1.5
      vertex 3.88929589410935 22.053813174271962 1.5
    endloop
  endfacet
  facet normal 0 0 1
    outer loop
      vertex 3.831491579260158 22.34441508912858 1.5
      vertex 3.5678784026555634 22.3467156727579 1.5
      vertex 3.794974746830584 22.19497474683058 1.5
    endloop
  endfacet
  facet normal 0 0 1
    outer loop
      vertex 3 22.9 1.5
      vertex 3.636396103067893 22.63639610306789 1.5
      vertex 3.3444150891285807 22.83149157926016 1.5
    endloop
  endfacet
  facet normal 0 0 1
    outer loop
      vertex 5.439339828220179 21.760660171779822 1.5
      vertex 5.75 21.999038105676657 1.5
      vertex 5 22 1.5
    endloop
  endfacet
  facet normal 0 0 1
    outer loop
      vertex 5 22 1.5
      vertex 6.1117714323462184 22.148888739433602 1.5
      vertex 4.931851652578136 22.51763809020504 1.5
    endloop
  endfacet
  facet normal 0 0 1
    outer loop
      vertex 5 22 1.5
      vertex 5.75 21.999038105676657 1.5
      vertex 6.1117714323462184 22.148888739433602 1.5
    endloop
  endfacet
  facet normal 0 0 1
    outer loop
      vertex 4.931851652578136 22.51763809020504 1.5
      vertex 6.1117714323462184 22.148888739433602 1.5
      vertex 6.5 22.2 1.5
    endloop
  endfacet
  facet normal 1 0 0
    outer loop
      vertex 1.5 23.302414500212052 1.5
      vertex 1.5 23.5 1.5
      vertex 1.5 23.302414500212052 23.5
    endloop
  endfacet
  facet normal 0 -1 0
    outer loop
      vertex 1.5 23.5 1.5
      vertex 1.6975854997879458 23.5 1.5
      vertex 1.6975854997879458 23.5 23.5
    endloop
  endfacet
  facet normal 0 0 1
    outer loop
      vertex 5.75 19.40096189432334 1.5
      vertex 6.417657148519329 12.973333109150404 1.5
      vertex 6.706316067504884 13.030750938091074 1.5
    endloop
  endfacet
  facet normal 0 0 1
    outer loop
      vertex 5.75 19.40096189432334 1.5
      vertex 6.706316067504884 13.030750938091074 1.5
      vertex 7 13.05 1.5
    endloop
  endfacet
  facet normal 0 0 1
    outer loop
      vertex 5.75 19.40096189432334 1.5
      vertex 7 13.05 1.5
      vertex 7.293683932495116 13.030750938091074 1.5
    endloop
  endfacet
  facet normal 0 0 1
    outer loop
      vertex 7.293683932495116 13.030750938091074 1.5
      vertex 7.582342851480671 12.973333109150404 1.5
      vertex 10.269249061908926 16.006316067504883 1.5
    endloop
  endfacet
  facet normal 0 0 1
    outer loop
      vertex 7.582342851480671 12.973333109150404 1.5
      vertex 7.861037722821452 12.878728948150396 1.5
      vertex 10.326666890849596 15.71765714851933 1.5
    endloop
  endfacet
  facet normal 0 0 1
    outer loop
      vertex 7.861037722821452 12.878728948150396 1.5
      vertex 8.125 12.748557158514988 1.5
      vertex 10.421271051849605 15.438962277178549 1.5
    endloop
  endfacet
  facet normal 0 0 1
    outer loop
      vertex 8.125 12.748557158514988 1.5
      vertex 8.369713215269622 12.585045015655279 1.5
      vertex 10.551442841485013 15.175 1.5
    endloop
  endfacet
  facet normal 0 0 1
    outer loop
      vertex 8.590990257669732 12.390990257669733 1.5
      vertex 10.714954984344722 14.930286784730379 1.5
      vertex 8.369713215269622 12.585045015655279 1.5
    endloop
  endfacet
  facet normal 0 0 1
    outer loop
      vertex 5.75 19.40096189432334 1.5
      vertex 7.293683932495116 13.030750938091074 1.5
      vertex 10.269249061908926 16.006316067504883 1.5
    endloop
  endfacet
  facet normal 0 0 1
    outer loop
      vertex 5.75 19.40096189432334 1.5
      vertex 10.25 16.3 1.5
      vertex 6.1117714323462184 19.251111260566397 1.5
    endloop
  endfacet
  facet normal 0 0 1
    outer loop
      vertex 6.1117714323462184 19.251111260566397 1.5
      vertex 10.25 16.3 1.5
      vertex 6.5 19.2 1.5
    endloop
  endfacet
  facet normal 0 0 1
    outer loop
      vertex 10.269249061908926 16.593683932495118 1.5
      vertex 6.8882285676537816 19.251111260566397 1.5
      vertex 6.5 19.2 1.5
    endloop
  endfacet
  facet normal 0 0 1
    outer loop
      vertex 10.326666890849596 16.882342851480672 1.5
      vertex 7.25 19.40096189432334 1.5
      vertex 6.8882285676537816 19.251111260566397 1.5
    endloop
  endfacet
  facet normal 0 0 1
    outer loop
      vertex 5.75 19.40096189432334 1.5
      vertex 10.269249061908926 16.006316067504883 1.5
      vertex 10.25 16.3 1.5
    endloop
  endfacet
  facet normal 0 0 1
    outer loop
      vertex 10.25 16.3 1.5
      vertex 10.269249061908926 16.593683932495118 1.5
      vertex 6.5 19.2 1.5
    endloop
  endfacet
  facet normal 0 0 1
    outer loop
      vertex 10.269249061908926 16.593683932495118 1.5
      vertex 10.326666890849596 16.882342851480672 1.5
      vertex 6.8882285676537816 19.251111260566397 1.5
    endloop
  endfacet
  facet normal 0 0 1
    outer loop
      vertex 10.326666890849596 16.882342851480672 1.5
      vertex 10.421271051849605 17.16103772282145 1.5
      vertex 7.25 19.40096189432334 1.5
    endloop
  endfacet
  facet normal 0 0 1
    outer loop
      vertex 8.948557158514987 11.925 1.5
      vertex 11.130286784730378 14.514954984344723 1.5
      vertex 8.785045015655278 12.169713215269622 1.5
    endloop
  endfacet
  facet normal 0 0 1
    outer loop
      vertex 8.590990257669732 12.390990257669733 1.5
      vertex 8.785045015655278 12.169713215269622 1.5
      vertex 10.909009742330268 14.709009742330268 1.5
    endloop
  endfacet
  facet normal 0 0 1
    outer loop
      vertex 9.078728948150395 11.661037722821453 1.5
      vertex 11.375 14.351442841485014 1.5
      vertex 8.948557158514987 11.925 1.5
    endloop
  endfacet
  facet normal 0 0 1
    outer loop
      vertex 8.590990257669732 12.390990257669733 1.5
      vertex 10.909009742330268 14.709009742330268 1.5
      vertex 10.714954984344722 14.930286784730379 1.5
    endloop
  endfacet
  facet normal 0 0 1
    outer loop
      vertex 8.948557158514987 11.925 1.5
      vertex 11.375 14.351442841485014 1.5
      vertex 11.130286784730378 14.514954984344723 1.5
    endloop
  endfacet
  facet normal 0 0 1
    outer loop
      vertex 8.785045015655278 12.169713215269622 1.5
      vertex 11.130286784730378 14.514954984344723 1.5
      vertex 10.909009742330268 14.709009742330268 1.5
    endloop
  endfacet
  facet normal 0 0 1
    outer loop
      vertex 9.078728948150395 11.661037722821453 1.5
      vertex 11.638962277178548 14.221271051849605 1.5
      vertex 11.375 14.351442841485014 1.5
    endloop
  endfacet
  facet normal 0 0 1
    outer loop
      vertex 7.861037722821452 12.878728948150396 1.5
      vertex 10.421271051849605 15.438962277178549 1.5
      vertex 10.326666890849596 15.71765714851933 1.5
    endloop
  endfacet
  facet normal 0 0 1
    outer loop
      vertex 8.125 12.748557158514988 1.5
      vertex 10.551442841485013 15.175 1.5
      vertex 10.421271051849605 15.438962277178549 1.5
    endloop
  endfacet
  facet normal 0 0 1
    outer loop
      vertex 8.369713215269622 12.585045015655279 1.5
      vertex 10.714954984344722 14.930286784730379 1.5
      vertex 10.551442841485013 15.175 1.5
    endloop
  endfacet
  facet normal 0 0 1
    outer loop
      vertex 7.582342851480671 12.973333109150404 1.5
      vertex 10.326666890849596 15.71765714851933 1.5
      vertex 10.269249061908926 16.006316067504883 1.5
    endloop
  endfacet
  facet normal 0 0 1
    outer loop
      vertex 10.714954984344722 12.169713215269622 1.5
      vertex 10.909009742330268 12.390990257669733 1.5
      vertex 11.638962277178548 14.221271051849605 1.5
    endloop
  endfacet
  facet normal 0 0 1
    outer loop
      vertex 10.909009742330268 12.390990257669733 1.5
      vertex 11.130286784730378 12.585045015655279 1.5
      vertex 11.638962277178548 14.221271051849605 1.5
    endloop
  endfacet
  facet normal 0 0 1
    outer loop
      vertex 11.130286784730378 12.585045015655279 1.5
      vertex 11.375 12.748557158514988 1.5
      vertex 11.638962277178548 14.221271051849605 1.5
    endloop
  endfacet
  facet normal 0 0 1
    outer loop
      vertex 11.375 12.748557158514988 1.5
      vertex 11.638962277178548 12.878728948150396 1.5
      vertex 11.638962277178548 14.221271051849605 1.5
    endloop
  endfacet
  facet normal 0 0 1
    outer loop
      vertex 11.638962277178548 12.878728948150396 1.5
      vertex 11.917657148519329 12.973333109150404 1.5
      vertex 11.638962277178548 14.221271051849605 1.5
    endloop
  endfacet
  facet normal 0 0 1
    outer loop
      vertex 11.917657148519329 12.973333109150404 1.5
      vertex 12.206316067504885 13.030750938091074 1.5
      vertex 11.917657148519329 14.126666890849597 1.5
    endloop
  endfacet
  facet normal 0 0 1
    outer loop
      vertex 11.917657148519329 12.973333109150404 1.5
      vertex 11.917657148519329 14.126666890849597 1.5
      vertex 11.638962277178548 14.221271051849605 1.5
    endloop
  endfacet
  facet normal 0 0 1
    outer loop
      vertex 12.206316067504885 13.030750938091074 1.5
      vertex 12.5 13.05 1.5
      vertex 12.206316067504885 14.069249061908927 1.5
    endloop
  endfacet
  facet normal 0 0 1
    outer loop
      vertex 12.206316067504885 13.030750938091074 1.5
      vertex 12.206316067504885 14.069249061908927 1.5
      vertex 11.917657148519329 14.126666890849597 1.5
    endloop
  endfacet
  facet normal 0 0 1
    outer loop
      vertex 12.206316067504885 14.069249061908927 1.5
      vertex 12.5 13.05 1.5
      vertex 12.5 14.05 1.5
    endloop
  endfacet
  facet normal 0 0 1
    outer loop
      vertex 10.421271051849605 17.16103772282145 1.5
      vertex 10.551442841485013 17.425 1.5
      vertex 7.25 19.40096189432334 1.5
    endloop
  endfacet
  facet normal 0 0 1
    outer loop
      vertex 10.551442841485013 17.425 1.5
      vertex 10.714954984344722 17.66971321526962 1.5
      vertex 7.560660171779821 19.639339828220177 1.5
    endloop
  endfacet
  facet normal 0 0 1
    outer loop
      vertex 10.714954984344722 17.66971321526962 1.5
      vertex 10.909009742330268 17.89099025766973 1.5
      vertex 7.799038105676658 19.95 1.5
    endloop
  endfacet
  facet normal 0 0 1
    outer loop
      vertex 10.909009742330268 17.89099025766973 1.5
      vertex 11.130286784730378 18.08504501565528 1.5
      vertex 7.799038105676658 19.95 1.5
    endloop
  endfacet
  facet normal 0 0 1
    outer loop
      vertex 10.551442841485013 17.425 1.5
      vertex 7.560660171779821 19.639339828220177 1.5
      vertex 7.25 19.40096189432334 1.5
    endloop
  endfacet
  facet normal 0 0 1
    outer loop
      vertex 10.714954984344722 17.66971321526962 1.5
      vertex 7.799038105676658 19.95 1.5
      vertex 7.560660171779821 19.639339828220177 1.5
    endloop
  endfacet
  facet normal 0 0 1
    outer loop
      vertex 7.799038105676658 19.95 1.5
      vertex 11.051111260566397 20.31177143234622 1.5
      vertex 7.9488887394336025 20.31177143234622 1.5
    endloop
  endfacet
  facet normal 0 0 1
    outer loop
      vertex 7.9488887394336025 20.31177143234622 1.5
      vertex 11 20.7 1.5
      vertex 8 20.7 1.5
    endloop
  endfacet
  facet normal 0 0 1
    outer loop
      vertex 8 20.7 1.5
      vertex 11.051111260566397 21.08822856765378 1.5
      vertex 7.9488887394336025 21.08822856765378 1.5
    endloop
  endfacet
  facet normal 0 0 1
    outer loop
      vertex 7.799038105676658 21.45 1.5
      vertex 7.9488887394336025 21.08822856765378 1.5
      vertex 11.200961894323342 21.45 1.5
    endloop
  endfacet
  facet normal 0 0 1
    outer loop
      vertex 7.799038105676658 21.45 1.5
      vertex 11.439339828220179 21.760660171779822 1.5
      vertex 7.560660171779821 21.760660171779822 1.5
    endloop
  endfacet
  facet normal 0 0 1
    outer loop
      vertex 6.8882285676537816 22.148888739433602 1.5
      vertex 7.25 21.999038105676657 1.5
      vertex 12.111771432346218 22.148888739433602 1.5
    endloop
  endfacet
  facet normal 0 0 1
    outer loop
      vertex 7.560660171779821 21.760660171779822 1.5
      vertex 11.75 21.999038105676657 1.5
      vertex 7.25 21.999038105676657 1.5
    endloop
  endfacet
  facet normal 0 0 1
    outer loop
      vertex 11.130286784730378 18.08504501565528 1.5
      vertex 11.375 18.248557158514988 1.5
      vertex 7.799038105676658 19.95 1.5
    endloop
  endfacet
  facet normal 0 0 1
    outer loop
      vertex 11.375 18.248557158514988 1.5
      vertex 11.200961894323342 19.95 1.5
      vertex 7.799038105676658 19.95 1.5
    endloop
  endfacet
  facet normal 0 0 1
    outer loop
      vertex 7.799038105676658 19.95 1.5
      vertex 11.200961894323342 19.95 1.5
      vertex 11.051111260566397 20.31177143234622 1.5
    endloop
  endfacet
  facet normal 0 0 1
    outer loop
      vertex 7.9488887394336025 20.31177143234622 1.5
      vertex 11.051111260566397 20.31177143234622 1.5
      vertex 11 20.7 1.5
    endloop
  endfacet
  facet normal 0 0 1
    outer loop
      vertex 8 20.7 1.5
      vertex 11 20.7 1.5
      vertex 11.051111260566397 21.08822856765378 1.5
    endloop
  endfacet
  facet normal 0 0 1
    outer loop
      vertex 7.9488887394336025 21.08822856765378 1.5
      vertex 11.051111260566397 21.08822856765378 1.5
      vertex 11.200961894323342 21.45 1.5
    endloop
  endfacet
  facet normal 0 0 1
    outer loop
      vertex 7.799038105676658 21.45 1.5
      vertex 11.200961894323342 21.45 1.5
      vertex 11.439339828220179 21.760660171779822 1.5
    endloop
  endfacet
  facet normal 0 0 1
    outer loop
      vertex 7.560660171779821 21.760660171779822 1.5
      vertex 11.439339828220179 21.760660171779822 1.5
      vertex 11.75 21.999038105676657 1.5
    endloop
  endfacet
  facet normal 0 0 1
    outer loop
      vertex 11.375 18.248557158514988 1.5
      vertex 11.638962277178548 18.378728948150396 1.5
      vertex 11.439339828220179 19.639339828220177 1.5
    endloop
  endfacet
  facet normal 0 0 1
    outer loop
      vertex 11.638962277178548 18.378728948150396 1.5
      vertex 11.75 19.40096189432334 1.5
      vertex 11.439339828220179 19.639339828220177 1.5
    endloop
  endfacet
  facet normal 0 0 1
    outer loop
      vertex 11.375 18.248557158514988 1.5
      vertex 11.439339828220179 19.639339828220177 1.5
      vertex 11.200961894323342 19.95 1.5
    endloop
  endfacet
  facet normal 0 0 1
    outer loop
      vertex 11.638962277178548 18.378728948150396 1.5
      vertex 11.917657148519329 18.473333109150403 1.5
      vertex 11.75 19.40096189432334 1.5
    endloop
  endfacet
  facet normal 0 0 1
    outer loop
      vertex 11.917657148519329 18.473333109150403 1.5
      vertex 12.206316067504885 18.530750938091074 1.5
      vertex 11.75 19.40096189432334 1.5
    endloop
  endfacet
  facet normal 0 0 1
    outer loop
      vertex 12.206316067504885 18.530750938091074 1.5
      vertex 12.111771432346218 19.251111260566397 1.5
      vertex 11.75 19.40096189432334 1.5
    endloop
  endfacet
  facet normal 0 0 1
    outer loop
      vertex 12.206316067504885 18.530750938091074 1.5
      vertex 12.5 18.55 1.5
      vertex 12.111771432346218 19.251111260566397 1.5
    endloop
  endfacet
  facet normal 0 0 1
    outer loop
      vertex 12.111771432346218 19.251111260566397 1.5
      vertex 12.5 18.55 1.5
      vertex 12.5 19.2 1.5
    endloop
  endfacet
  facet normal 0 0 1
    outer loop
      vertex 4.931851652578136 22.51763809020504 1.5
      vertex 20.697585499787944 23.5 1.5
      vertex 4.732050807568877 23 1.5
    endloop
  endfacet
  facet normal 0 0 1
    outer loop
      vertex 4.414213562373095 23.414213562373096 1.5
      vertex 4.732050807568877 23 1.5
      vertex 20.697585499787944 23.5 1.5
    endloop
  endfacet
  facet normal 0 0 1
    outer loop
      vertex 7.25 21.999038105676657 1.5
      vertex 11.75 21.999038105676657 1.5
      vertex 12.111771432346218 22.148888739433602 1.5
    endloop
  endfacet
  facet normal 0 0 1
    outer loop
      vertex 6.8882285676537816 22.148888739433602 1.5
      vertex 12.111771432346218 22.148888739433602 1.5
      vertex 12.5 22.2 1.5
    endloop
  endfacet
  facet normal 0 0 1
    outer loop
      vertex 4.931851652578136 22.51763809020504 1.5
      vertex 6.5 22.2 1.5
      vertex 20.697585499787944 23.5 1.5
    endloop
  endfacet
  facet normal 0 0 1
    outer loop
      vertex 4.414213562373095 23.414213562373096 1.5
      vertex 20.697585499787944 23.5 1.5
      vertex 4.302414500212054 23.5 1.5
    endloop
  endfacet
  facet normal 0 0 1
    outer loop
      vertex 6.5 22.2 1.5
      vertex 6.8882285676537816 22.148888739433602 1.5
      vertex 20.585786437626904 23.414213562373096 1.5
    endloop
  endfacet
  facet normal 1 0 0
    outer loop
      vertex 1.5 7.75 18
      vertex 1.5 20.697585499787948 1.5
      vertex 1.5 17.25 18
    endloop
  endfacet
  facet normal 1 0 0
    outer loop
      vertex 1.5 17.25 21.6
      vertex 1.5 20.697585499787948 22.5
      vertex 1.5 6.116933184310974 22.5
    endloop
  endfacet
  facet normal 1 0 0
    outer loop
      vertex 1.5 1.5 25
      vertex 1.5 21.5 23.5
      vertex 1.5 23.302414500212052 23.5
    endloop
  endfacet
  facet normal 1 0 0
    outer loop
      vertex 1.5 17.25 18
      vertex 1.5 20.697585499787948 22.5
      vertex 1.5 17.25 21.6
    endloop
  endfacet
  facet normal 1 0 0
    outer loop
      vertex 1.5 1.5 25
      vertex 1.5 23.302414500212052 23.5
      vertex 1.5 23.5 25
    endloop
  endfacet
  facet normal 1 0 0
    outer loop
      vertex 1.5 20.697585499787948 1.5
      vertex 1.5 20.697585499787948 22.5
      vertex 1.5 17.25 18
    endloop
  endfacet
  facet normal 1 0 0
    outer loop
      vertex 1.5 23.5 1.5
      vertex 1.5 23.5 25
      vertex 1.5 23.302414500212052 23.5
    endloop
  endfacet
  facet normal 0 -1 0
    outer loop
      vertex 1.5 23.5 1.5
      vertex 1.6975854997879458 23.5 23.5
      vertex 1.5 23.5 25
    endloop
  endfacet
  facet normal 0 -1 0
    outer loop
      vertex 1.5 23.5 25
      vertex 1.6975854997879458 23.5 23.5
      vertex 4.302414500212054 23.5 23.5
    endloop
  endfacet
  facet normal 0 -1 0
    outer loop
      vertex 4.302414500212054 23.5 1.5
      vertex 20.697585499787944 23.5 23.5
      vertex 4.302414500212054 23.5 23.5
    endloop
  endfacet
  facet normal 0 -1 0
    outer loop
      vertex 1.5 23.5 25
      vertex 4.302414500212054 23.5 23.5
      vertex 20.697585499787944 23.5 23.5
    endloop
  endfacet
  facet normal 0 0 1
    outer loop
      vertex 12.206316067504885 3.0692490619089274 1.5
      vertex 20.26794919243112 2 1.5
      vertex 12.5 3.0500000000000007 1.5
    endloop
  endfacet
  facet normal 0 0 1
    outer loop
      vertex 12.5 3.0500000000000007 1.5
      vertex 20.26794919243112 2 1.5
      vertex 12.793683932495115 3.0692490619089274 1.5
    endloop
  endfacet
  facet normal 0 0 1
    outer loop
      vertex 12.793683932495115 3.0692490619089274 1.5
      vertex 20.26794919243112 2 1.5
      vertex 13.082342851480671 3.126666890849597 1.5
    endloop
  endfacet
  facet normal 0 0 1
    outer loop
      vertex 13.082342851480671 3.126666890849597 1.5
      vertex 20.068148347421864 2.4823619097949585 1.5
      vertex 13.361037722821452 3.2212710518496057 1.5
    endloop
  endfacet
  facet normal 0 0 1
    outer loop
      vertex 13.361037722821452 3.2212710518496057 1.5
      vertex 20.068148347421864 2.4823619097949585 1.5
      vertex 13.625 3.3514428414850137 1.5
    endloop
  endfacet
  facet normal 0 0 1
    outer loop
      vertex 13.625 3.3514428414850137 1.5
      vertex 20.068148347421864 2.4823619097949585 1.5
      vertex 13.869713215269622 3.5149549843447216 1.5
    endloop
  endfacet
  facet normal 0 0 1
    outer loop
      vertex 12.206316067504885 3.0692490619089274 1.5
      vertex 20.585786437626904 1.5857864376269049 1.5
      vertex 20.26794919243112 2 1.5
    endloop
  endfacet
  facet normal 0 0 1
    outer loop
      vertex 12.206316067504885 3.0692490619089274 1.5
      vertex 20.697585499787948 1.5 1.5
      vertex 20.585786437626904 1.5857864376269049 1.5
    endloop
  endfacet
  facet normal 0 0 1
    outer loop
      vertex 13.082342851480671 3.126666890849597 1.5
      vertex 20.26794919243112 2 1.5
      vertex 20.068148347421864 2.4823619097949585 1.5
    endloop
  endfacet
  facet normal 0 0 1
    outer loop
      vertex 13.869713215269622 3.5149549843447216 1.5
      vertex 20.068148347421864 2.4823619097949585 1.5
      vertex 14.090990257669732 3.7090097423302684 1.5
    endloop
  endfacet
  facet normal 0 0 1
    outer loop
      vertex 14.090990257669732 3.7090097423302684 1.5
      vertex 20.068148347421864 2.4823619097949585 1.5
      vertex 14.285045015655278 3.930286784730379 1.5
    endloop
  endfacet
  facet normal 0 0 1
    outer loop
      vertex 14.285045015655278 3.930286784730379 1.5
      vertex 20.068148347421864 2.4823619097949585 1.5
      vertex 14.448557158514987 4.175000000000001 1.5
    endloop
  endfacet
  facet normal 0 0 1
    outer loop
      vertex 14.448557158514987 4.175000000000001 1.5
      vertex 20 3 1.5
      vertex 14.578728948150395 4.438962277178549 1.5
    endloop
  endfacet
  facet normal 0 0 1
    outer loop
      vertex 14.578728948150395 4.438962277178549 1.5
      vertex 20 3 1.5
      vertex 14.673333109150404 4.717657148519329 1.5
    endloop
  endfacet
  facet normal 0 0 1
    outer loop
      vertex 14.673333109150404 4.717657148519329 1.5
      vertex 20 3 1.5
      vertex 14.730750938091074 5.006316067504884 1.5
    endloop
  endfacet
  facet normal 0 0 1
    outer loop
      vertex 14.730750938091074 5.006316067504884 1.5
      vertex 20.068148347421864 3.5176380902050415 1.5
      vertex 14.75 5.300000000000001 1.5
    endloop
  endfacet
  facet normal 0 0 1
    outer loop
      vertex 14.578728948150395 6.161037722821453 1.5
      vertex 20.068148347421864 3.5176380902050415 1.5
      vertex 14.448557158514987 6.425000000000001 1.5
    endloop
  endfacet
  facet normal 0 0 1
    outer loop
      vertex 14.448557158514987 6.425000000000001 1.5
      vertex 20.068148347421864 3.5176380902050415 1.5
      vertex 14.285045015655278 6.669713215269622 1.5
    endloop
  endfacet
  facet normal 0 0 1
    outer loop
      vertex 14.75 5.300000000000001 1.5
      vertex 20.068148347421864 3.5176380902050415 1.5
      vertex 14.730750938091074 5.593683932495117 1.5
    endloop
  endfacet
  facet normal 0 0 1
    outer loop
      vertex 14.730750938091074 5.593683932495117 1.5
      vertex 20.068148347421864 3.5176380902050415 1.5
      vertex 14.673333109150404 5.882342851480672 1.5
    endloop
  endfacet
  facet normal 0 0 1
    outer loop
      vertex 14.578728948150395 6.161037722821453 1.5
      vertex 14.673333109150404 5.882342851480672 1.5
      vertex 20.068148347421864 3.5176380902050415 1.5
    endloop
  endfacet
  facet normal 0 0 1
    outer loop
      vertex 14.448557158514987 4.175000000000001 1.5
      vertex 20.068148347421864 2.4823619097949585 1.5
      vertex 20 3 1.5
    endloop
  endfacet
  facet normal 0 0 1
    outer loop
      vertex 14.730750938091074 5.006316067504884 1.5
      vertex 20 3 1.5
      vertex 20.068148347421864 3.5176380902050415 1.5
    endloop
  endfacet
  facet normal 0 0 1
    outer loop
      vertex 14.285045015655278 6.669713215269622 1.5
      vertex 20.068148347421864 3.5176380902050415 1.5
      vertex 20.26794919243112 4 1.5
    endloop
  endfacet
  facet normal 0 0 1
    outer loop
      vertex 13.082342851480671 7.4733331091504045 1.5
      vertex 13.361037722821452 7.378728948150396 1.5
      vertex 12.793683932495115 8.569249061908927 1.5
    endloop
  endfacet
  facet normal 0 0 1
    outer loop
      vertex 13.361037722821452 7.378728948150396 1.5
      vertex 13.625 7.248557158514988 1.5
      vertex 12.793683932495115 8.569249061908927 1.5
    endloop
  endfacet
  facet normal 0 0 1
    outer loop
      vertex 13.625 7.248557158514988 1.5
      vertex 13.869713215269622 7.08504501565528 1.5
      vertex 12.793683932495115 8.569249061908927 1.5
    endloop
  endfacet
  facet normal 0 0 1
    outer loop
      vertex 13.869713215269622 7.08504501565528 1.5
      vertex 14.090990257669732 6.890990257669733 1.5
      vertex 12.793683932495115 8.569249061908927 1.5
    endloop
  endfacet
  facet normal 0 0 1
    outer loop
      vertex 12.793683932495115 8.569249061908927 1.5
      vertex 14.090990257669732 6.890990257669733 1.5
      vertex 14.285045015655278 6.669713215269622 1.5
    endloop
  endfacet
  facet normal 0 0 1
    outer loop
      vertex 12.206316067504885 7.530750938091074 1.5
      vertex 12.5 7.550000000000001 1.5
      vertex 12.793683932495115 8.569249061908927 1.5
    endloop
  endfacet
  facet normal 0 0 1
    outer loop
      vertex 12.5 7.550000000000001 1.5
      vertex 12.793683932495115 7.530750938091074 1.5
      vertex 12.793683932495115 8.569249061908927 1.5
    endloop
  endfacet
  facet normal 0 0 1
    outer loop
      vertex 12.793683932495115 7.530750938091074 1.5
      vertex 13.082342851480671 7.4733331091504045 1.5
      vertex 12.793683932495115 8.569249061908927 1.5
    endloop
  endfacet
  facet normal 0 0 1
    outer loop
      vertex 12.793683932495115 8.569249061908927 1.5
      vertex 20.26794919243112 4 1.5
      vertex 13.082342851480671 8.626666890849597 1.5
    endloop
  endfacet
  facet normal 0 0 1
    outer loop
      vertex 13.082342851480671 8.626666890849597 1.5
      vertex 20.26794919243112 4 1.5
      vertex 13.361037722821452 8.721271051849605 1.5
    endloop
  endfacet
  facet normal 0 0 1
    outer loop
      vertex 13.361037722821452 8.721271051849605 1.5
      vertex 16.875 8.851442841485014 1.5
      vertex 13.625 8.851442841485014 1.5
    endloop
  endfacet
  facet normal 0 0 1
    outer loop
      vertex 13.625 8.851442841485014 1.5
      vertex 16.63028678473038 9.014954984344723 1.5
      vertex 13.869713215269622 9.014954984344723 1.5
    endloop
  endfacet
  facet normal 0 0 1
    outer loop
      vertex 13.869713215269622 9.014954984344723 1.5
      vertex 16.40900974233027 9.209009742330268 1.5
      vertex 14.090990257669732 9.209009742330268 1.5
    endloop
  endfacet
  facet normal 0 0 1
    outer loop
      vertex 14.090990257669732 9.209009742330268 1.5
      vertex 16.214954984344722 9.430286784730379 1.5
      vertex 14.285045015655278 9.430286784730379 1.5
    endloop
  endfacet
  facet normal 0 0 1
    outer loop
      vertex 14.090990257669732 9.209009742330268 1.5
      vertex 16.40900974233027 9.209009742330268 1.5
      vertex 16.214954984344722 9.430286784730379 1.5
    endloop
  endfacet
  facet normal 0 0 1
    outer loop
      vertex 14.285045015655278 9.430286784730379 1.5
      vertex 16.051442841485013 9.675 1.5
      vertex 14.448557158514987 9.675 1.5
    endloop
  endfacet
  facet normal 0 0 1
    outer loop
      vertex 14.448557158514987 9.675 1.5
      vertex 15.921271051849605 9.938962277178549 1.5
      vertex 14.578728948150395 9.938962277178549 1.5
    endloop
  endfacet
  facet normal 0 0 1
    outer loop
      vertex 14.578728948150395 9.938962277178549 1.5
      vertex 15.826666890849596 10.21765714851933 1.5
      vertex 14.673333109150404 10.21765714851933 1.5
    endloop
  endfacet
  facet normal 0 0 1
    outer loop
      vertex 14.285045015655278 9.430286784730379 1.5
      vertex 16.214954984344722 9.430286784730379 1.5
      vertex 16.051442841485013 9.675 1.5
    endloop
  endfacet
  facet normal 0 0 1
    outer loop
      vertex 14.448557158514987 9.675 1.5
      vertex 16.051442841485013 9.675 1.5
      vertex 15.921271051849605 9.938962277178549 1.5
    endloop
  endfacet
  facet normal 0 0 1
    outer loop
      vertex 14.578728948150395 9.938962277178549 1.5
      vertex 15.921271051849605 9.938962277178549 1.5
      vertex 15.826666890849596 10.21765714851933 1.5
    endloop
  endfacet
  facet normal 0 0 1
    outer loop
      vertex 14.673333109150404 10.21765714851933 1.5
      vertex 15.769249061908926 10.506316067504885 1.5
      vertex 14.730750938091074 10.506316067504885 1.5
    endloop
  endfacet
  facet normal 0 0 1
    outer loop
      vertex 14.730750938091074 10.506316067504885 1.5
      vertex 15.75 10.8 1.5
      vertex 14.75 10.8 1.5
    endloop
  endfacet
  facet normal 0 0 1
    outer loop
      vertex 14.673333109150404 10.21765714851933 1.5
      vertex 15.826666890849596 10.21765714851933 1.5
      vertex 15.769249061908926 10.506316067504885 1.5
    endloop
  endfacet
  facet normal 0 0 1
    outer loop
      vertex 14.730750938091074 10.506316067504885 1.5
      vertex 15.769249061908926 10.506316067504885 1.5
      vertex 15.75 10.8 1.5
    endloop
  endfacet
  facet normal 0 0 1
    outer loop
      vertex 14.75 10.8 1.5
      vertex 15.75 10.8 1.5
      vertex 15.769249061908926 11.093683932495116 1.5
    endloop
  endfacet
  facet normal 0 0 1
    outer loop
      vertex 14.75 10.8 1.5
      vertex 15.769249061908926 11.093683932495116 1.5
      vertex 14.730750938091074 11.093683932495116 1.5
    endloop
  endfacet
  facet normal 0 0 1
    outer loop
      vertex 14.730750938091074 11.093683932495116 1.5
      vertex 15.826666890849596 11.382342851480672 1.5
      vertex 14.673333109150404 11.382342851480672 1.5
    endloop
  endfacet
  facet normal 0 0 1
    outer loop
      vertex 14.578728948150395 11.661037722821453 1.5
      vertex 14.673333109150404 11.382342851480672 1.5
      vertex 15.921271051849605 11.661037722821453 1.5
    endloop
  endfacet
  facet normal 0 0 1
    outer loop
      vertex 14.730750938091074 11.093683932495116 1.5
      vertex 15.769249061908926 11.093683932495116 1.5
      vertex 15.826666890849596 11.382342851480672 1.5
    endloop
  endfacet
  facet normal 0 0 1
    outer loop
      vertex 14.673333109150404 11.382342851480672 1.5
      vertex 15.826666890849596 11.382342851480672 1.5
      vertex 15.921271051849605 11.661037722821453 1.5
    endloop
  endfacet
  facet normal 0 0 1
    outer loop
      vertex 14.578728948150395 11.661037722821453 1.5
      vertex 16.051442841485013 11.925 1.5
      vertex 14.448557158514987 11.925 1.5
    endloop
  endfacet
  facet normal 0 0 1
    outer loop
      vertex 14.448557158514987 11.925 1.5
      vertex 16.214954984344722 12.169713215269622 1.5
      vertex 14.285045015655278 12.169713215269622 1.5
    endloop
  endfacet
  facet normal 0 0 1
    outer loop
      vertex 14.578728948150395 11.661037722821453 1.5
      vertex 15.921271051849605 11.661037722821453 1.5
      vertex 16.051442841485013 11.925 1.5
    endloop
  endfacet
  facet normal 0 0 1
    outer loop
      vertex 14.448557158514987 11.925 1.5
      vertex 16.051442841485013 11.925 1.5
      vertex 16.214954984344722 12.169713215269622 1.5
    endloop
  endfacet
  facet normal 0 0 1
    outer loop
      vertex 12.793683932495115 8.569249061908927 1.5
      vertex 14.285045015655278 6.669713215269622 1.5
      vertex 20.26794919243112 4 1.5
    endloop
  endfacet
  facet normal 0 0 1
    outer loop
      vertex 13.361037722821452 8.721271051849605 1.5
      vertex 20.26794919243112 4 1.5
      vertex 17.13896227717855 8.721271051849605 1.5
    endloop
  endfacet
  facet normal 0 0 1
    outer loop
      vertex 13.361037722821452 8.721271051849605 1.5
      vertex 17.13896227717855 8.721271051849605 1.5
      vertex 16.875 8.851442841485014 1.5
    endloop
  endfacet
  facet normal 0 0 1
    outer loop
      vertex 13.625 8.851442841485014 1.5
      vertex 16.875 8.851442841485014 1.5
      vertex 16.63028678473038 9.014954984344723 1.5
    endloop
  endfacet
  facet normal 0 0 1
    outer loop
      vertex 13.869713215269622 9.014954984344723 1.5
      vertex 16.63028678473038 9.014954984344723 1.5
      vertex 16.40900974233027 9.209009742330268 1.5
    endloop
  endfacet
  facet normal 0 0 1
    outer loop
      vertex 17.13896227717855 8.721271051849605 1.5
      vertex 21 4.732050807568877 1.5
      vertex 17.41765714851933 8.626666890849597 1.5
    endloop
  endfacet
  facet normal 0 0 1
    outer loop
      vertex 17.706316067504883 8.569249061908927 1.5
      vertex 17.41765714851933 8.626666890849597 1.5
      vertex 21 4.732050807568877 1.5
    endloop
  endfacet
  facet normal 0 0 1
    outer loop
      vertex 21.65558491087142 2.168508420739842 1.5
      vertex 22 2.1 1.5
      vertex 21.36360389693211 2.363603896932107 1.5
    endloop
  endfacet
  facet normal 0 0 1
    outer loop
      vertex 21.16850842073984 2.6555849108714193 1.5
      vertex 21.432121597344437 2.6532843272421 1.5
      vertex 21.205025253169417 2.8050252531694175 1.5
    endloop
  endfacet
  facet normal 0 0 1
    outer loop
      vertex 21.16850842073984 2.6555849108714193 1.5
      vertex 21.205025253169417 2.8050252531694175 1.5
      vertex 21.11070410589065 2.9461868257280397 1.5
    endloop
  endfacet
  facet normal 0 0 1
    outer loop
      vertex 21.16850842073984 2.6555849108714193 1.5
      vertex 21.36360389693211 2.363603896932107 1.5
      vertex 22.34441508912858 2.168508420739842 1.5
    endloop
  endfacet
  facet normal 0 0 1
    outer loop
      vertex 21.16850842073984 2.6555849108714193 1.5
      vertex 22.63639610306789 2.363603896932107 1.5
      vertex 21.432121597344437 2.6532843272421 1.5
    endloop
  endfacet
  facet normal 0 0 1
    outer loop
      vertex 17.13896227717855 8.721271051849605 1.5
      vertex 20.26794919243112 4 1.5
      vertex 20.585786437626904 4.414213562373095 1.5
    endloop
  endfacet
  facet normal 0 0 1
    outer loop
      vertex 17.13896227717855 8.721271051849605 1.5
      vertex 20.585786437626904 4.414213562373095 1.5
      vertex 21 4.732050807568877 1.5
    endloop
  endfacet
  facet normal 0 0 1
    outer loop
      vertex 18.293683932495117 8.569249061908927 1.5
      vertex 21 4.732050807568877 1.5
      vertex 21.48236190979496 4.931851652578136 1.5
    endloop
  endfacet
  facet normal 0 0 1
    outer loop
      vertex 23.302414500212052 1.5 1.5
      vertex 23.5 1.5 1.5
      vertex 23.414213562373096 1.5857864376269049 1.5
    endloop
  endfacet
  facet normal 0 0 1
    outer loop
      vertex 21.36360389693211 2.363603896932107 1.5
      vertex 22 2.1 1.5
      vertex 22.34441508912858 2.168508420739842 1.5
    endloop
  endfacet
  facet normal 0 0 1
    outer loop
      vertex 22.63639610306789 2.363603896932107 1.5
      vertex 21.7 2.6000000000000005 1.5
      vertex 21.432121597344437 2.6532843272421 1.5
    endloop
  endfacet
  facet normal 0 0 1
    outer loop
      vertex 21.16850842073984 2.6555849108714193 1.5
      vertex 22.34441508912858 2.168508420739842 1.5
      vertex 22.63639610306789 2.363603896932107 1.5
    endloop
  endfacet
  facet normal 0 0 1
    outer loop
      vertex 22.63639610306789 2.363603896932107 1.5
      vertex 21.96787840265556 2.6532843272421 1.5
      vertex 21.7 2.6000000000000005 1.5
    endloop
  endfacet
  facet normal 0 0 1
    outer loop
      vertex 22.63639610306789 2.363603896932107 1.5
      vertex 22.19497474683058 2.8050252531694175 1.5
      vertex 21.96787840265556 2.6532843272421 1.5
    endloop
  endfacet
  facet normal 0 0 1
    outer loop
      vertex 22.63639610306789 2.363603896932107 1.5
      vertex 22.83149157926016 2.6555849108714193 1.5
      vertex 22.19497474683058 2.8050252531694175 1.5
    endloop
  endfacet
  facet normal 0 0 1
    outer loop
      vertex 22.83149157926016 2.6555849108714193 1.5
      vertex 22.3467156727579 3.032121597344438 1.5
      vertex 22.19497474683058 2.8050252531694175 1.5
    endloop
  endfacet
  facet normal 0 0 1
    outer loop
      vertex 22.83149157926016 2.6555849108714193 1.5
      vertex 22.4 3.3000000000000007 1.5
      vertex 22.3467156727579 3.032121597344438 1.5
    endloop
  endfacet
  facet normal 0 0 1
    outer loop
      vertex 22.83149157926016 2.6555849108714193 1.5
      vertex 22.9 3 1.5
      vertex 22.4 3.3000000000000007 1.5
    endloop
  endfacet
  facet normal 0 0 1
    outer loop
      vertex 23.414213562373096 1.5857864376269049 1.5
      vertex 23.5 1.5 1.5
      vertex 23.5 1.6975854997879458 1.5
    endloop
  endfacet
  facet normal 0 0 1
    outer loop
      vertex 22.34441508912858 3.831491579260158 1.5
      vertex 22.05381317427196 3.8892958941093503 1.5
      vertex 22.19497474683058 3.794974746830584 1.5
    endloop
  endfacet
  facet normal 0 0 1
    outer loop
      vertex 22.9 3 1.5
      vertex 22.3467156727579 3.5678784026555634 1.5
      vertex 22.4 3.3000000000000007 1.5
    endloop
  endfacet
  facet normal 0 0 1
    outer loop
      vertex 22.9 3 1.5
      vertex 22.34441508912858 3.831491579260158 1.5
      vertex 22.3467156727579 3.5678784026555634 1.5
    endloop
  endfacet
  facet normal 0 0 1
    outer loop
      vertex 22.9 3 1.5
      vertex 22.63639610306789 3.636396103067893 1.5
      vertex 22.34441508912858 3.831491579260158 1.5
    endloop
  endfacet
  facet normal 0 0 1
    outer loop
      vertex 22.34441508912858 3.831491579260158 1.5
      vertex 22.19497474683058 3.794974746830584 1.5
      vertex 22.3467156727579 3.5678784026555634 1.5
    endloop
  endfacet
  facet normal 0 0 1
    outer loop
      vertex 22.9 3 1.5
      vertex 22.83149157926016 3.3444150891285807 1.5
      vertex 22.63639610306789 3.636396103067893 1.5
    endloop
  endfacet
  facet normal 0 1 0
    outer loop
      vertex 23.302414500212052 1.5 1.5
      vertex 23.302414500212052 1.5 23.5
      vertex 23.5 1.5 1.5
    endloop
  endfacet
  facet normal -1 0 0
    outer loop
      vertex 23.5 1.5 1.5
      vertex 23.5 1.5 25
      vertex 23.5 1.6975854997879458 1.5
    endloop
  endfacet
  facet normal 0 0 1
    outer loop
      vertex 17.706316067504883 8.569249061908927 1.5
      vertex 21 4.732050807568877 1.5
      vertex 18 8.55 1.5
    endloop
  endfacet
  facet normal 0 0 1
    outer loop
      vertex 18 8.55 1.5
      vertex 21 4.732050807568877 1.5
      vertex 18.293683932495117 8.569249061908927 1.5
    endloop
  endfacet
  facet normal 0 0 1
    outer loop
      vertex 18.293683932495117 8.569249061908927 1.5
      vertex 21.48236190979496 4.931851652578136 1.5
      vertex 18.58234285148067 8.626666890849597 1.5
    endloop
  endfacet
  facet normal 0 0 1
    outer loop
      vertex 18.58234285148067 8.626666890849597 1.5
      vertex 21.48236190979496 4.931851652578136 1.5
      vertex 18.86103772282145 8.721271051849605 1.5
    endloop
  endfacet
  facet normal 0 0 1
    outer loop
      vertex 21.48236190979496 4.931851652578136 1.5
      vertex 19.125 8.851442841485014 1.5
      vertex 18.86103772282145 8.721271051849605 1.5
    endloop
  endfacet
  facet normal 0 0 1
    outer loop
      vertex 21.48236190979496 4.931851652578136 1.5
      vertex 19.36971321526962 9.014954984344723 1.5
      vertex 19.125 8.851442841485014 1.5
    endloop
  endfacet
  facet normal 0 0 1
    outer loop
      vertex 21.48236190979496 4.931851652578136 1.5
      vertex 22 5 1.5
      vertex 19.36971321526962 9.014954984344723 1.5
    endloop
  endfacet
  facet normal 0 0 1
    outer loop
      vertex 22 5 1.5
      vertex 19.59099025766973 9.209009742330268 1.5
      vertex 19.36971321526962 9.014954984344723 1.5
    endloop
  endfacet
  facet normal 0 0 1
    outer loop
      vertex 22 5 1.5
      vertex 22.51763809020504 4.931851652578136 1.5
      vertex 19.948557158514987 9.675 1.5
    endloop
  endfacet
  facet normal 0 0 1
    outer loop
      vertex 22 5 1.5
      vertex 19.785045015655278 9.430286784730379 1.5
      vertex 19.59099025766973 9.209009742330268 1.5
    endloop
  endfacet
  facet normal 0 0 1
    outer loop
      vertex 22 5 1.5
      vertex 19.948557158514987 9.675 1.5
      vertex 19.785045015655278 9.430286784730379 1.5
    endloop
  endfacet
  facet normal 0 0 1
    outer loop
      vertex 22.51763809020504 4.931851652578136 1.5
      vertex 20.078728948150395 9.938962277178549 1.5
      vertex 19.948557158514987 9.675 1.5
    endloop
  endfacet
  facet normal 0 0 1
    outer loop
      vertex 22.51763809020504 4.931851652578136 1.5
      vertex 20.173333109150406 10.21765714851933 1.5
      vertex 20.078728948150395 9.938962277178549 1.5
    endloop
  endfacet
  facet normal 0 0 1
    outer loop
      vertex 22.51763809020504 4.931851652578136 1.5
      vertex 20.230750938091074 10.506316067504885 1.5
      vertex 20.173333109150406 10.21765714851933 1.5
    endloop
  endfacet
  facet normal 0 0 1
    outer loop
      vertex 22.51763809020504 4.931851652578136 1.5
      vertex 20.25 10.8 1.5
      vertex 20.230750938091074 10.506316067504885 1.5
    endloop
  endfacet
  facet normal 0 0 1
    outer loop
      vertex 22.51763809020504 4.931851652578136 1.5
      vertex 20.230750938091074 11.093683932495116 1.5
      vertex 20.25 10.8 1.5
    endloop
  endfacet
  facet normal 0 0 1
    outer loop
      vertex 22.51763809020504 4.931851652578136 1.5
      vertex 20.173333109150406 11.382342851480672 1.5
      vertex 20.230750938091074 11.093683932495116 1.5
    endloop
  endfacet
  facet normal 0 0 1
    outer loop
      vertex 22.51763809020504 4.931851652578136 1.5
      vertex 23 4.732050807568877 1.5
      vertex 20.173333109150406 11.382342851480672 1.5
    endloop
  endfacet
  facet normal 0 0 1
    outer loop
      vertex 23.414213562373096 4.414213562373095 1.5
      vertex 23 20.26794919243112 1.5
      vertex 23 4.732050807568877 1.5
    endloop
  endfacet
  facet normal 0 0 1
    outer loop
      vertex 23 4.732050807568877 1.5
      vertex 23 20.26794919243112 1.5
      vertex 20.173333109150406 11.382342851480672 1.5
    endloop
  endfacet
  facet normal 0 0 1
    outer loop
      vertex 23.414213562373096 4.414213562373095 1.5
      vertex 23.5 4.302414500212054 1.5
      vertex 23.5 20.697585499787944 1.5
    endloop
  endfacet
  facet normal -1 0 0
    outer loop
      vertex 23.5 4.302414500212054 1.5
      vertex 23.5 5.047649545647322 22.5
      vertex 23.5 20.697585499787944 1.5
    endloop
  endfacet
  facet normal 0 1 0
    outer loop
      vertex 4.302414500212053 1.5 23.5
      vertex 20.697585499787948 1.5 23.5
      vertex 20.697585499787948 1.5 1.5
    endloop
  endfacet
  facet normal 0 1 0
    outer loop
      vertex 4.302414500212053 1.5 23.5
      vertex 23.5 1.5 25
      vertex 20.697585499787948 1.5 23.5
    endloop
  endfacet
  facet normal 0 1 0
    outer loop
      vertex 23.5 1.5 1.5
      vertex 23.302414500212052 1.5 23.5
      vertex 23.5 1.5 25
    endloop
  endfacet
  facet normal -1 0 0
    outer loop
      vertex 23.5 1.6975854997879458 1.5
      vertex 23.5 1.5 25
      vertex 23.5 1.6975854997879458 23.5
    endloop
  endfacet
  facet normal -1 0 0
    outer loop
      vertex 23.5 4.302414500212054 1.5
      vertex 23.5 4.302414500212054 22.5
      vertex 23.5 5.047649545647322 22.5
    endloop
  endfacet
  facet normal 0 1 0
    outer loop
      vertex 20.697585499787948 1.5 23.5
      vertex 23.5 1.5 25
      vertex 23.302414500212052 1.5 23.5
    endloop
  endfacet
  facet normal -1 0 0
    outer loop
      vertex 23.5 1.5 25
      vertex 23.5 23.5 25
      vertex 23.5 1.6975854997879458 23.5
    endloop
  endfacet
  facet normal -1 0 0
    outer loop
      vertex 23.5 1.6975854997879458 23.5
      vertex 23.5 23.5 25
      vertex 23.5 3.5 23.5
    endloop
  endfacet
  facet normal 0 0 1
    outer loop
      vertex 12.5 13.05 1.5
      vertex 12.793683932495115 14.069249061908927 1.5
      vertex 12.5 14.05 1.5
    endloop
  endfacet
  facet normal 0 0 1
    outer loop
      vertex 12.5 13.05 1.5
      vertex 13.082342851480671 14.126666890849597 1.5
      vertex 12.793683932495115 14.069249061908927 1.5
    endloop
  endfacet
  facet normal 0 0 1
    outer loop
      vertex 12.5 13.05 1.5
      vertex 13.361037722821452 14.221271051849605 1.5
      vertex 13.082342851480671 14.126666890849597 1.5
    endloop
  endfacet
  facet normal 0 0 1
    outer loop
      vertex 12.5 13.05 1.5
      vertex 13.625 14.351442841485014 1.5
      vertex 13.361037722821452 14.221271051849605 1.5
    endloop
  endfacet
  facet normal 0 0 1
    outer loop
      vertex 12.5 13.05 1.5
      vertex 13.869713215269622 14.514954984344723 1.5
      vertex 13.625 14.351442841485014 1.5
    endloop
  endfacet
  facet normal 0 0 1
    outer loop
      vertex 12.5 13.05 1.5
      vertex 14.090990257669732 14.709009742330268 1.5
      vertex 13.869713215269622 14.514954984344723 1.5
    endloop
  endfacet
  facet normal 0 0 1
    outer loop
      vertex 12.5 13.05 1.5
      vertex 12.793683932495115 13.030750938091074 1.5
      vertex 19.25 19.40096189432334 1.5
    endloop
  endfacet
  facet normal 0 0 1
    outer loop
      vertex 12.793683932495115 13.030750938091074 1.5
      vertex 13.082342851480671 12.973333109150404 1.5
      vertex 19.25 19.40096189432334 1.5
    endloop
  endfacet
  facet normal 0 0 1
    outer loop
      vertex 13.082342851480671 18.473333109150403 1.5
      vertex 13.361037722821452 18.378728948150396 1.5
      vertex 12.888228567653782 19.251111260566397 1.5
    endloop
  endfacet
  facet normal 0 0 1
    outer loop
      vertex 13.625 18.248557158514988 1.5
      vertex 13.25 19.40096189432334 1.5
      vertex 13.361037722821452 18.378728948150396 1.5
    endloop
  endfacet
  facet normal 0 0 1
    outer loop
      vertex 12.5 13.05 1.5
      vertex 19.25 19.40096189432334 1.5
      vertex 14.090990257669732 14.709009742330268 1.5
    endloop
  endfacet
  facet normal 0 0 1
    outer loop
      vertex 13.625 18.248557158514988 1.5
      vertex 13.869713215269622 18.08504501565528 1.5
      vertex 17.439339828220177 19.639339828220177 1.5
    endloop
  endfacet
  facet normal 0 0 1
    outer loop
      vertex 13.869713215269622 18.08504501565528 1.5
      vertex 14.090990257669732 17.89099025766973 1.5
      vertex 17.439339828220177 19.639339828220177 1.5
    endloop
  endfacet
  facet normal 0 0 1
    outer loop
      vertex 14.448557158514987 17.425 1.5
      vertex 17.439339828220177 19.639339828220177 1.5
      vertex 14.285045015655278 17.66971321526962 1.5
    endloop
  endfacet
  facet normal 0 0 1
    outer loop
      vertex 14.578728948150395 17.16103772282145 1.5
      vertex 17.439339828220177 19.639339828220177 1.5
      vertex 14.448557158514987 17.425 1.5
    endloop
  endfacet
  facet normal 0 0 1
    outer loop
      vertex 14.090990257669732 17.89099025766973 1.5
      vertex 14.285045015655278 17.66971321526962 1.5
      vertex 17.439339828220177 19.639339828220177 1.5
    endloop
  endfacet
  facet normal 0 0 1
    outer loop
      vertex 13.082342851480671 12.973333109150404 1.5
      vertex 13.361037722821452 12.878728948150396 1.5
      vertex 20.585786437626904 20.585786437626904 1.5
    endloop
  endfacet
  facet normal 0 0 1
    outer loop
      vertex 13.361037722821452 12.878728948150396 1.5
      vertex 13.625 12.748557158514988 1.5
      vertex 20.585786437626904 20.585786437626904 1.5
    endloop
  endfacet
  facet normal 0 0 1
    outer loop
      vertex 14.090990257669732 12.390990257669733 1.5
      vertex 20.585786437626904 20.585786437626904 1.5
      vertex 13.869713215269622 12.585045015655279 1.5
    endloop
  endfacet
  facet normal 0 0 1
    outer loop
      vertex 14.090990257669732 12.390990257669733 1.5
      vertex 14.285045015655278 12.169713215269622 1.5
      vertex 20.585786437626904 20.585786437626904 1.5
    endloop
  endfacet
  facet normal 0 0 1
    outer loop
      vertex 13.625 12.748557158514988 1.5
      vertex 13.869713215269622 12.585045015655279 1.5
      vertex 20.585786437626904 20.585786437626904 1.5
    endloop
  endfacet
  facet normal 0 0 1
    outer loop
      vertex 14.285045015655278 12.169713215269622 1.5
      vertex 16.214954984344722 12.169713215269622 1.5
      vertex 20.585786437626904 20.585786437626904 1.5
    endloop
  endfacet
  facet normal 0 0 1
    outer loop
      vertex 16.214954984344722 12.169713215269622 1.5
      vertex 16.40900974233027 12.390990257669733 1.5
      vertex 21 20.26794919243112 1.5
    endloop
  endfacet
  facet normal 0 0 1
    outer loop
      vertex 16.40900974233027 12.390990257669733 1.5
      vertex 16.63028678473038 12.585045015655279 1.5
      vertex 21 20.26794919243112 1.5
    endloop
  endfacet
  facet normal 0 0 1
    outer loop
      vertex 16.63028678473038 12.585045015655279 1.5
      vertex 16.875 12.748557158514988 1.5
      vertex 21 20.26794919243112 1.5
    endloop
  endfacet
  facet normal 0 0 1
    outer loop
      vertex 16.875 12.748557158514988 1.5
      vertex 17.13896227717855 12.878728948150396 1.5
      vertex 21 20.26794919243112 1.5
    endloop
  endfacet
  facet normal 0 0 1
    outer loop
      vertex 17.13896227717855 12.878728948150396 1.5
      vertex 17.41765714851933 12.973333109150404 1.5
      vertex 21 20.26794919243112 1.5
    endloop
  endfacet
  facet normal 0 0 1
    outer loop
      vertex 14.090990257669732 14.709009742330268 1.5
      vertex 19.25 19.40096189432334 1.5
      vertex 14.285045015655278 14.930286784730379 1.5
    endloop
  endfacet
  facet normal 0 0 1
    outer loop
      vertex 14.285045015655278 14.930286784730379 1.5
      vertex 19.25 19.40096189432334 1.5
      vertex 14.448557158514987 15.175 1.5
    endloop
  endfacet
  facet normal 0 0 1
    outer loop
      vertex 14.448557158514987 15.175 1.5
      vertex 18.88822856765378 19.251111260566397 1.5
      vertex 14.578728948150395 15.438962277178549 1.5
    endloop
  endfacet
  facet normal 0 0 1
    outer loop
      vertex 14.673333109150404 15.71765714851933 1.5
      vertex 18.5 19.2 1.5
      vertex 14.730750938091074 16.006316067504883 1.5
    endloop
  endfacet
  facet normal 0 0 1
    outer loop
      vertex 14.730750938091074 16.006316067504883 1.5
      vertex 18.11177143234622 19.251111260566397 1.5
      vertex 14.75 16.3 1.5
    endloop
  endfacet
  facet normal 0 0 1
    outer loop
      vertex 14.578728948150395 15.438962277178549 1.5
      vertex 18.88822856765378 19.251111260566397 1.5
      vertex 14.673333109150404 15.71765714851933 1.5
    endloop
  endfacet
  facet normal 0 0 1
    outer loop
      vertex 14.75 16.3 1.5
      vertex 18.11177143234622 19.251111260566397 1.5
      vertex 14.730750938091074 16.593683932495118 1.5
    endloop
  endfacet
  facet normal 0 0 1
    outer loop
      vertex 14.730750938091074 16.593683932495118 1.5
      vertex 17.75 19.40096189432334 1.5
      vertex 14.673333109150404 16.882342851480672 1.5
    endloop
  endfacet
  facet normal 0 0 1
    outer loop
      vertex 14.578728948150395 17.16103772282145 1.5
      vertex 14.673333109150404 16.882342851480672 1.5
      vertex 17.75 19.40096189432334 1.5
    endloop
  endfacet
  facet normal 0 0 1
    outer loop
      vertex 14.578728948150395 17.16103772282145 1.5
      vertex 17.75 19.40096189432334 1.5
      vertex 17.439339828220177 19.639339828220177 1.5
    endloop
  endfacet
  facet normal 0 0 1
    outer loop
      vertex 14.730750938091074 16.006316067504883 1.5
      vertex 18.5 19.2 1.5
      vertex 18.11177143234622 19.251111260566397 1.5
    endloop
  endfacet
  facet normal 0 0 1
    outer loop
      vertex 14.730750938091074 16.593683932495118 1.5
      vertex 18.11177143234622 19.251111260566397 1.5
      vertex 17.75 19.40096189432334 1.5
    endloop
  endfacet
  facet normal 0 0 1
    outer loop
      vertex 13.082342851480671 12.973333109150404 1.5
      vertex 19.560660171779823 19.639339828220177 1.5
      vertex 19.25 19.40096189432334 1.5
    endloop
  endfacet
  facet normal 0 0 1
    outer loop
      vertex 14.448557158514987 15.175 1.5
      vertex 19.25 19.40096189432334 1.5
      vertex 18.88822856765378 19.251111260566397 1.5
    endloop
  endfacet
  facet normal 0 0 1
    outer loop
      vertex 13.082342851480671 12.973333109150404 1.5
      vertex 20.585786437626904 20.585786437626904 1.5
      vertex 19.560660171779823 19.639339828220177 1.5
    endloop
  endfacet
  facet normal 0 0 1
    outer loop
      vertex 14.673333109150404 15.71765714851933 1.5
      vertex 18.88822856765378 19.251111260566397 1.5
      vertex 18.5 19.2 1.5
    endloop
  endfacet
  facet normal 0 0 1
    outer loop
      vertex 12.5 18.55 1.5
      vertex 12.793683932495115 18.530750938091074 1.5
      vertex 12.5 19.2 1.5
    endloop
  endfacet
  facet normal 0 0 1
    outer loop
      vertex 12.793683932495115 18.530750938091074 1.5
      vertex 12.888228567653782 19.251111260566397 1.5
      vertex 12.5 19.2 1.5
    endloop
  endfacet
  facet normal 0 0 1
    outer loop
      vertex 12.793683932495115 18.530750938091074 1.5
      vertex 13.082342851480671 18.473333109150403 1.5
      vertex 12.888228567653782 19.251111260566397 1.5
    endloop
  endfacet
  facet normal 0 0 1
    outer loop
      vertex 13.361037722821452 18.378728948150396 1.5
      vertex 13.25 19.40096189432334 1.5
      vertex 12.888228567653782 19.251111260566397 1.5
    endloop
  endfacet
  facet normal 0 0 1
    outer loop
      vertex 13.625 18.248557158514988 1.5
      vertex 13.560660171779821 19.639339828220177 1.5
      vertex 13.25 19.40096189432334 1.5
    endloop
  endfacet
  facet normal 0 0 1
    outer loop
      vertex 13.625 18.248557158514988 1.5
      vertex 17.439339828220177 19.639339828220177 1.5
      vertex 13.560660171779821 19.639339828220177 1.5
    endloop
  endfacet
  facet normal 0 0 1
    outer loop
      vertex 13.560660171779821 19.639339828220177 1.5
      vertex 17.200961894323342 19.95 1.5
      vertex 13.799038105676658 19.95 1.5
    endloop
  endfacet
  facet normal 0 0 1
    outer loop
      vertex 13.799038105676658 19.95 1.5
      vertex 17.051111260566397 20.31177143234622 1.5
      vertex 13.948888739433603 20.31177143234622 1.5
    endloop
  endfacet
  facet normal 0 0 1
    outer loop
      vertex 13.948888739433603 20.31177143234622 1.5
      vertex 17 20.7 1.5
      vertex 14 20.7 1.5
    endloop
  endfacet
  facet normal 0 0 1
    outer loop
      vertex 14 20.7 1.5
      vertex 17.051111260566397 21.08822856765378 1.5
      vertex 13.948888739433603 21.08822856765378 1.5
    endloop
  endfacet
  facet normal 0 0 1
    outer loop
      vertex 13.948888739433603 21.08822856765378 1.5
      vertex 17.200961894323342 21.45 1.5
      vertex 13.799038105676658 21.45 1.5
    endloop
  endfacet
  facet normal 0 0 1
    outer loop
      vertex 13.560660171779821 21.760660171779822 1.5
      vertex 13.799038105676658 21.45 1.5
      vertex 17.439339828220177 21.760660171779822 1.5
    endloop
  endfacet
  facet normal 0 0 1
    outer loop
      vertex 6.8882285676537816 22.148888739433602 1.5
      vertex 12.5 22.2 1.5
      vertex 20.585786437626904 23.414213562373096 1.5
    endloop
  endfacet
  facet normal 0 0 1
    outer loop
      vertex 12.5 22.2 1.5
      vertex 12.888228567653782 22.148888739433602 1.5
      vertex 18.5 22.2 1.5
    endloop
  endfacet
  facet normal 0 0 1
    outer loop
      vertex 12.888228567653782 22.148888739433602 1.5
      vertex 13.25 21.999038105676657 1.5
      vertex 18.11177143234622 22.148888739433602 1.5
    endloop
  endfacet
  facet normal 0 0 1
    outer loop
      vertex 13.560660171779821 21.760660171779822 1.5
      vertex 17.75 21.999038105676657 1.5
      vertex 13.25 21.999038105676657 1.5
    endloop
  endfacet
  facet normal 0 0 1
    outer loop
      vertex 13.560660171779821 19.639339828220177 1.5
      vertex 17.439339828220177 19.639339828220177 1.5
      vertex 17.200961894323342 19.95 1.5
    endloop
  endfacet
  facet normal 0 0 1
    outer loop
      vertex 13.799038105676658 19.95 1.5
      vertex 17.200961894323342 19.95 1.5
      vertex 17.051111260566397 20.31177143234622 1.5
    endloop
  endfacet
  facet normal 0 0 1
    outer loop
      vertex 13.948888739433603 20.31177143234622 1.5
      vertex 17.051111260566397 20.31177143234622 1.5
      vertex 17 20.7 1.5
    endloop
  endfacet
  facet normal 0 0 1
    outer loop
      vertex 14 20.7 1.5
      vertex 17 20.7 1.5
      vertex 17.051111260566397 21.08822856765378 1.5
    endloop
  endfacet
  facet normal 0 0 1
    outer loop
      vertex 13.948888739433603 21.08822856765378 1.5
      vertex 17.051111260566397 21.08822856765378 1.5
      vertex 17.200961894323342 21.45 1.5
    endloop
  endfacet
  facet normal 0 0 1
    outer loop
      vertex 13.799038105676658 21.45 1.5
      vertex 17.200961894323342 21.45 1.5
      vertex 17.439339828220177 21.760660171779822 1.5
    endloop
  endfacet
  facet normal 0 0 1
    outer loop
      vertex 13.560660171779821 21.760660171779822 1.5
      vertex 17.439339828220177 21.760660171779822 1.5
      vertex 17.75 21.999038105676657 1.5
    endloop
  endfacet
  facet normal 0 0 1
    outer loop
      vertex 13.25 21.999038105676657 1.5
      vertex 17.75 21.999038105676657 1.5
      vertex 18.11177143234622 22.148888739433602 1.5
    endloop
  endfacet
  facet normal 0 0 1
    outer loop
      vertex 6.5 22.2 1.5
      vertex 20.585786437626904 23.414213562373096 1.5
      vertex 20.697585499787944 23.5 1.5
    endloop
  endfacet
  facet normal 0 0 1
    outer loop
      vertex 12.888228567653782 22.148888739433602 1.5
      vertex 18.11177143234622 22.148888739433602 1.5
      vertex 18.5 22.2 1.5
    endloop
  endfacet
  facet normal 0 0 1
    outer loop
      vertex 12.5 22.2 1.5
      vertex 18.5 22.2 1.5
      vertex 20.585786437626904 23.414213562373096 1.5
    endloop
  endfacet
  facet normal 0 -1 0
    outer loop
      vertex 4.302414500212054 23.5 1.5
      vertex 20.697585499787944 23.5 1.5
      vertex 20.697585499787944 23.5 23.5
    endloop
  endfacet
  facet normal 0 0 1
    outer loop
      vertex 17.41765714851933 12.973333109150404 1.5
      vertex 17.706316067504883 13.030750938091074 1.5
      vertex 21.48236190979496 20.068148347421864 1.5
    endloop
  endfacet
  facet normal 0 0 1
    outer loop
      vertex 17.706316067504883 13.030750938091074 1.5
      vertex 18 13.05 1.5
      vertex 21.48236190979496 20.068148347421864 1.5
    endloop
  endfacet
  facet normal 0 0 1
    outer loop
      vertex 18 13.05 1.5
      vertex 18.293683932495117 13.030750938091074 1.5
      vertex 21.48236190979496 20.068148347421864 1.5
    endloop
  endfacet
  facet normal 0 0 1
    outer loop
      vertex 18.293683932495117 13.030750938091074 1.5
      vertex 18.58234285148067 12.973333109150404 1.5
      vertex 21.48236190979496 20.068148347421864 1.5
    endloop
  endfacet
  facet normal 0 0 1
    outer loop
      vertex 18.58234285148067 12.973333109150404 1.5
      vertex 18.86103772282145 12.878728948150396 1.5
      vertex 21.48236190979496 20.068148347421864 1.5
    endloop
  endfacet
  facet normal 0 0 1
    outer loop
      vertex 18.86103772282145 12.878728948150396 1.5
      vertex 19.125 12.748557158514988 1.5
      vertex 22 20 1.5
    endloop
  endfacet
  facet normal 0 0 1
    outer loop
      vertex 19.125 12.748557158514988 1.5
      vertex 19.36971321526962 12.585045015655279 1.5
      vertex 22 20 1.5
    endloop
  endfacet
  facet normal 0 0 1
    outer loop
      vertex 20.078728948150395 11.661037722821453 1.5
      vertex 22 20 1.5
      vertex 19.948557158514987 11.925 1.5
    endloop
  endfacet
  facet normal 0 0 1
    outer loop
      vertex 19.785045015655278 12.169713215269622 1.5
      vertex 19.948557158514987 11.925 1.5
      vertex 22 20 1.5
    endloop
  endfacet
  facet normal 0 0 1
    outer loop
      vertex 20.078728948150395 11.661037722821453 1.5
      vertex 20.173333109150406 11.382342851480672 1.5
      vertex 22.51763809020504 20.068148347421864 1.5
    endloop
  endfacet
  facet normal 0 0 1
    outer loop
      vertex 19.59099025766973 12.390990257669733 1.5
      vertex 22 20 1.5
      vertex 19.36971321526962 12.585045015655279 1.5
    endloop
  endfacet
  facet normal 0 0 1
    outer loop
      vertex 19.59099025766973 12.390990257669733 1.5
      vertex 19.785045015655278 12.169713215269622 1.5
      vertex 22 20 1.5
    endloop
  endfacet
  facet normal 0 0 1
    outer loop
      vertex 16.214954984344722 12.169713215269622 1.5
      vertex 21 20.26794919243112 1.5
      vertex 20.585786437626904 20.585786437626904 1.5
    endloop
  endfacet
  facet normal 0 0 1
    outer loop
      vertex 17.41765714851933 12.973333109150404 1.5
      vertex 21.48236190979496 20.068148347421864 1.5
      vertex 21 20.26794919243112 1.5
    endloop
  endfacet
  facet normal 0 0 1
    outer loop
      vertex 18.86103772282145 12.878728948150396 1.5
      vertex 22 20 1.5
      vertex 21.48236190979496 20.068148347421864 1.5
    endloop
  endfacet
  facet normal 0 0 1
    outer loop
      vertex 20.078728948150395 11.661037722821453 1.5
      vertex 22.51763809020504 20.068148347421864 1.5
      vertex 22 20 1.5
    endloop
  endfacet
  facet normal 0 0 1
    outer loop
      vertex 23.414213562373096 4.414213562373095 1.5
      vertex 23.414213562373096 20.585786437626904 1.5
      vertex 23 20.26794919243112 1.5
    endloop
  endfacet
  facet normal 0 0 1
    outer loop
      vertex 23.414213562373096 4.414213562373095 1.5
      vertex 23.5 20.697585499787944 1.5
      vertex 23.414213562373096 20.585786437626904 1.5
    endloop
  endfacet
  facet normal 0 0 1
    outer loop
      vertex 20.173333109150406 11.382342851480672 1.5
      vertex 23 20.26794919243112 1.5
      vertex 22.51763809020504 20.068148347421864 1.5
    endloop
  endfacet
  facet normal 0 0 1
    outer loop
      vertex 19.560660171779823 19.639339828220177 1.5
      vertex 20.585786437626904 20.585786437626904 1.5
      vertex 19.799038105676658 19.95 1.5
    endloop
  endfacet
  facet normal 0 0 1
    outer loop
      vertex 19.799038105676658 19.95 1.5
      vertex 20.585786437626904 20.585786437626904 1.5
      vertex 19.948888739433603 20.31177143234622 1.5
    endloop
  endfacet
  facet normal 0 0 1
    outer loop
      vertex 19.948888739433603 20.31177143234622 1.5
      vertex 20.585786437626904 20.585786437626904 1.5
      vertex 20 20.7 1.5
    endloop
  endfacet
  facet normal 0 0 1
    outer loop
      vertex 20 20.7 1.5
      vertex 20.26794919243112 21 1.5
      vertex 19.948888739433603 21.08822856765378 1.5
    endloop
  endfacet
  facet normal 0 0 1
    outer loop
      vertex 20 20.7 1.5
      vertex 20.585786437626904 20.585786437626904 1.5
      vertex 20.26794919243112 21 1.5
    endloop
  endfacet
  facet normal 0 0 1
    outer loop
      vertex 19.799038105676658 21.45 1.5
      vertex 20 22 1.5
      vertex 19.560660171779823 21.760660171779822 1.5
    endloop
  endfacet
  facet normal 0 0 1
    outer loop
      vertex 19.948888739433603 21.08822856765378 1.5
      vertex 20.26794919243112 21 1.5
      vertex 20.068148347421864 21.48236190979496 1.5
    endloop
  endfacet
  facet normal 0 0 1
    outer loop
      vertex 19.948888739433603 21.08822856765378 1.5
      vertex 20.068148347421864 21.48236190979496 1.5
      vertex 19.799038105676658 21.45 1.5
    endloop
  endfacet
  facet normal 0 0 1
    outer loop
      vertex 19.799038105676658 21.45 1.5
      vertex 20.068148347421864 21.48236190979496 1.5
      vertex 20 22 1.5
    endloop
  endfacet
  facet normal 0 0 1
    outer loop
      vertex 18.88822856765378 22.148888739433602 1.5
      vertex 19.25 21.999038105676657 1.5
      vertex 20.068148347421864 22.51763809020504 1.5
    endloop
  endfacet
  facet normal 0 0 1
    outer loop
      vertex 18.5 22.2 1.5
      vertex 18.88822856765378 22.148888739433602 1.5
      vertex 20.26794919243112 23 1.5
    endloop
  endfacet
  facet normal 0 0 1
    outer loop
      vertex 19.560660171779823 21.760660171779822 1.5
      vertex 20 22 1.5
      vertex 19.25 21.999038105676657 1.5
    endloop
  endfacet
  facet normal 0 0 1
    outer loop
      vertex 19.25 21.999038105676657 1.5
      vertex 20 22 1.5
      vertex 20.068148347421864 22.51763809020504 1.5
    endloop
  endfacet
  facet normal 0 0 1
    outer loop
      vertex 18.88822856765378 22.148888739433602 1.5
      vertex 20.068148347421864 22.51763809020504 1.5
      vertex 20.26794919243112 23 1.5
    endloop
  endfacet
  facet normal 0 0 1
    outer loop
      vertex 18.5 22.2 1.5
      vertex 20.26794919243112 23 1.5
      vertex 20.585786437626904 23.414213562373096 1.5
    endloop
  endfacet
  facet normal 0 0 1
    outer loop
      vertex 21.16850842073984 22.34441508912858 1.5
      vertex 21.11070410589065 22.053813174271962 1.5
      vertex 21.205025253169417 22.19497474683058 1.5
    endloop
  endfacet
  facet normal 0 0 1
    outer loop
      vertex 21.16850842073984 22.34441508912858 1.5
      vertex 21.205025253169417 22.19497474683058 1.5
      vertex 21.432121597344437 22.3467156727579 1.5
    endloop
  endfacet
  facet normal 0 0 1
    outer loop
      vertex 21.16850842073984 22.34441508912858 1.5
      vertex 21.65558491087142 22.83149157926016 1.5
      vertex 21.36360389693211 22.63639610306789 1.5
    endloop
  endfacet
  facet normal 0 0 1
    outer loop
      vertex 21.16850842073984 22.34441508912858 1.5
      vertex 21.432121597344437 22.3467156727579 1.5
      vertex 22 22.9 1.5
    endloop
  endfacet
  facet normal 0 0 1
    outer loop
      vertex 22 22.9 1.5
      vertex 21.432121597344437 22.3467156727579 1.5
      vertex 21.7 22.4 1.5
    endloop
  endfacet
  facet normal 0 0 1
    outer loop
      vertex 21.16850842073984 22.34441508912858 1.5
      vertex 22 22.9 1.5
      vertex 21.65558491087142 22.83149157926016 1.5
    endloop
  endfacet
  facet normal 0 0 1
    outer loop
      vertex 22.34441508912858 21.16850842073984 1.5
      vertex 22.19497474683058 21.205025253169417 1.5
      vertex 22.053813174271962 21.11070410589065 1.5
    endloop
  endfacet
  facet normal 0 0 1
    outer loop
      vertex 22.34441508912858 21.16850842073984 1.5
      vertex 22.3467156727579 21.432121597344437 1.5
      vertex 22.19497474683058 21.205025253169417 1.5
    endloop
  endfacet
  facet normal 0 0 1
    outer loop
      vertex 22.34441508912858 21.16850842073984 1.5
      vertex 22.63639610306789 22.63639610306789 1.5
      vertex 22.3467156727579 21.432121597344437 1.5
    endloop
  endfacet
  facet normal 0 0 1
    outer loop
      vertex 22.34441508912858 21.16850842073984 1.5
      vertex 22.63639610306789 21.36360389693211 1.5
      vertex 22.83149157926016 22.34441508912858 1.5
    endloop
  endfacet
  facet normal 0 0 1
    outer loop
      vertex 22.63639610306789 21.36360389693211 1.5
      vertex 22.83149157926016 21.65558491087142 1.5
      vertex 22.9 22 1.5
    endloop
  endfacet
  facet normal 0 0 1
    outer loop
      vertex 22.34441508912858 22.83149157926016 1.5
      vertex 21.7 22.4 1.5
      vertex 21.96787840265556 22.3467156727579 1.5
    endloop
  endfacet
  facet normal 0 0 1
    outer loop
      vertex 22.34441508912858 22.83149157926016 1.5
      vertex 21.96787840265556 22.3467156727579 1.5
      vertex 22.19497474683058 22.19497474683058 1.5
    endloop
  endfacet
  facet normal 0 0 1
    outer loop
      vertex 22.63639610306789 22.63639610306789 1.5
      vertex 22.4 21.7 1.5
      vertex 22.3467156727579 21.432121597344437 1.5
    endloop
  endfacet
  facet normal 0 0 1
    outer loop
      vertex 22.34441508912858 21.16850842073984 1.5
      vertex 22.83149157926016 22.34441508912858 1.5
      vertex 22.63639610306789 22.63639610306789 1.5
    endloop
  endfacet
  facet normal 0 0 1
    outer loop
      vertex 22.63639610306789 22.63639610306789 1.5
      vertex 22.3467156727579 21.96787840265556 1.5
      vertex 22.4 21.7 1.5
    endloop
  endfacet
  facet normal 0 0 1
    outer loop
      vertex 22.63639610306789 22.63639610306789 1.5
      vertex 22.19497474683058 22.19497474683058 1.5
      vertex 22.3467156727579 21.96787840265556 1.5
    endloop
  endfacet
  facet normal 0 0 1
    outer loop
      vertex 22.63639610306789 22.63639610306789 1.5
      vertex 22.34441508912858 22.83149157926016 1.5
      vertex 22.19497474683058 22.19497474683058 1.5
    endloop
  endfacet
  facet normal 0 0 1
    outer loop
      vertex 22 22.9 1.5
      vertex 21.7 22.4 1.5
      vertex 22.34441508912858 22.83149157926016 1.5
    endloop
  endfacet
  facet normal 0 0 1
    outer loop
      vertex 22.63639610306789 21.36360389693211 1.5
      vertex 22.9 22 1.5
      vertex 22.83149157926016 22.34441508912858 1.5
    endloop
  endfacet
  facet normal 0 0 1
    outer loop
      vertex 23.414213562373096 23.414213562373096 1.5
      vertex 23.5 23.5 1.5
      vertex 23.302414500212056 23.5 1.5
    endloop
  endfacet
  facet normal 0 0 1
    outer loop
      vertex 23.414213562373096 23.414213562373096 1.5
      vertex 23.5 23.302414500212056 1.5
      vertex 23.5 23.5 1.5
    endloop
  endfacet
  facet normal 0 -1 0
    outer loop
      vertex 23.302414500212056 23.5 1.5
      vertex 23.5 23.5 1.5
      vertex 23.5 23.5 25
    endloop
  endfacet
  facet normal -1 0 0
    outer loop
      vertex 23.5 23.302414500212056 1.5
      vertex 23.5 23.302414500212056 23.5
      vertex 23.5 23.5 1.5
    endloop
  endfacet
  facet normal 0 -1 0
    outer loop
      vertex 1.5 23.5 25
      vertex 20.697585499787944 23.5 23.5
      vertex 22.557227132168777 23.5 23.5
    endloop
  endfacet
  facet normal 0 -1 0
    outer loop
      vertex 1.5 23.5 25
      vertex 22.557227132168777 23.5 23.5
      vertex 23.5 23.5 25
    endloop
  endfacet
  facet normal -1 0 0
    outer loop
      vertex 23.5 20.697585499787944 1.5
      vertex 23.5 5.047649545647322 22.5
      vertex 23.5 20.697585499787944 22.5
    endloop
  endfacet
  facet normal -1 0 0
    outer loop
      vertex 23.5 23.5 25
      vertex 23.5 21.5 23.5
      vertex 23.5 3.5 23.5
    endloop
  endfacet
  facet normal 0 -1 0
    outer loop
      vertex 23.302414500212056 23.5 1.5
      vertex 23.5 23.5 25
      vertex 23.302414500212056 23.5 23.5
    endloop
  endfacet
  facet normal -1 0 0
    outer loop
      vertex 23.5 23.5 1.5
      vertex 23.5 23.302414500212056 23.5
      vertex 23.5 23.5 25
    endloop
  endfacet
  facet normal 0 -1 0
    outer loop
      vertex 22.557227132168777 23.5 23.5
      vertex 23.302414500212056 23.5 23.5
      vertex 23.5 23.5 25
    endloop
  endfacet
  facet normal -1 0 0
    outer loop
      vertex 23.5 23.302414500212056 23.5
      vertex 23.5 21.5 23.5
      vertex 23.5 23.5 25
    endloop
  endfacet
  facet normal 0 0 1
    outer loop
      vertex 0 7.75 18
      vertex 1.5 7.75 18
      vertex 0 17.25 18
    endloop
  endfacet
  facet normal 0 1 0
    outer loop
      vertex 0 7.75 18
      vertex 1.5 7.75 21.6
      vertex 1.5 7.75 18
    endloop
  endfacet
  facet normal 0 1 0
    outer loop
      vertex 0 7.75 18
      vertex 0 7.75 21.6
      vertex 1.5 7.75 21.6
    endloop
  endfacet
  facet normal 0 0 -1
    outer loop
      vertex 0 7.75 21.6
      vertex 1.5 17.25 21.6
      vertex 1.5 7.75 21.6
    endloop
  endfacet
  facet normal 0 0 1
    outer loop
      vertex 1.5 7.75 18
      vertex 1.5 17.25 18
      vertex 0 17.25 18
    endloop
  endfacet
  facet normal 0 0 -1
    outer loop
      vertex 0 7.75 21.6
      vertex 0 17.25 21.6
      vertex 1.5 17.25 21.6
    endloop
  endfacet
  facet normal 0 -1 0
    outer loop
      vertex 0 17.25 18
      vertex 1.5 17.25 18
      vertex 0 17.25 21.6
    endloop
  endfacet
  facet normal 0 -1 0
    outer loop
      vertex 1.5 17.25 18
      vertex 1.5 17.25 21.6
      vertex 0 17.25 21.6
    endloop
  endfacet
  facet normal -0.831469612302545 -0.5555702330196028 0
    outer loop
      vertex 2.6532843272421 3.032121597344438 2.5
      vertex 2.6532843272421 3.032121597344438 1.5
      vertex 2.8050252531694175 2.8050252531694175 1.5
    endloop
  endfacet
  facet normal -0.9807852804032304 -0.19509032201612847 0
    outer loop
      vertex 2.6532843272421 3.032121597344438 2.5
      vertex 2.6000000000000005 3.3000000000000007 2.5
      vertex 2.6532843272421 3.032121597344438 1.5
    endloop
  endfacet
  facet normal -0.5555702330196028 -0.831469612302545 0
    outer loop
      vertex 3.032121597344438 2.6532843272421 2.5
      vertex 2.8050252531694175 2.8050252531694175 1.5
      vertex 3.032121597344438 2.6532843272421 1.5
    endloop
  endfacet
  facet normal -0.19509032201612847 -0.9807852804032304 0
    outer loop
      vertex 3.032121597344438 2.6532843272421 2.5
      vertex 3.032121597344438 2.6532843272421 1.5
      vertex 3.3000000000000007 2.6000000000000005 2.5
    endloop
  endfacet
  facet normal -0.831469612302545 -0.5555702330196028 0
    outer loop
      vertex 2.8050252531694175 2.8050252531694175 2.5
      vertex 2.6532843272421 3.032121597344438 2.5
      vertex 2.8050252531694175 2.8050252531694175 1.5
    endloop
  endfacet
  facet normal -0.5555702330196028 -0.831469612302545 0
    outer loop
      vertex 2.8050252531694175 2.8050252531694175 2.5
      vertex 2.8050252531694175 2.8050252531694175 1.5
      vertex 3.032121597344438 2.6532843272421 2.5
    endloop
  endfacet
  facet normal 0 0 1
    outer loop
      vertex 2.8050252531694175 2.8050252531694175 2.5
      vertex 3.032121597344438 2.6532843272421 2.5
      vertex 2.8050252531694175 3.794974746830584 2.5
    endloop
  endfacet
  facet normal -0.9807852804032304 -0.19509032201612847 0
    outer loop
      vertex 2.6000000000000005 3.3000000000000007 2.5
      vertex 2.6000000000000005 3.3000000000000007 1.5
      vertex 2.6532843272421 3.032121597344438 1.5
    endloop
  endfacet
  facet normal -0.9807852804032304 0.19509032201612847 0
    outer loop
      vertex 2.6532843272421 3.5678784026555634 2.5
      vertex 2.6532843272421 3.5678784026555634 1.5
      vertex 2.6000000000000005 3.3000000000000007 1.5
    endloop
  endfacet
  facet normal -0.9807852804032304 0.19509032201612847 0
    outer loop
      vertex 2.6000000000000005 3.3000000000000007 2.5
      vertex 2.6532843272421 3.5678784026555634 2.5
      vertex 2.6000000000000005 3.3000000000000007 1.5
    endloop
  endfacet
  facet normal -0.831469612302545 0.5555702330196028 0
    outer loop
      vertex 2.6532843272421 3.5678784026555634 2.5
      vertex 2.8050252531694175 3.794974746830584 2.5
      vertex 2.6532843272421 3.5678784026555634 1.5
    endloop
  endfacet
  facet normal -0.831469612302545 0.5555702330196028 0
    outer loop
      vertex 2.8050252531694175 3.794974746830584 2.5
      vertex 2.8050252531694175 3.794974746830584 1.5
      vertex 2.6532843272421 3.5678784026555634 1.5
    endloop
  endfacet
  facet normal -0.5555702330196014 0.8314696123025458 0
    outer loop
      vertex 2.9461868257280392 3.88929589410935 1.5
      vertex 2.8050252531694175 3.794974746830584 1.5
      vertex 2.9461868257280392 3.88929589410935 2.5
    endloop
  endfacet
  facet normal -0.5555702330196014 0.8314696123025458 0
    outer loop
      vertex 2.8050252531694175 3.794974746830584 2.5
      vertex 2.9461868257280392 3.88929589410935 2.5
      vertex 2.8050252531694175 3.794974746830584 1.5
    endloop
  endfacet
  facet normal 0 0 1
    outer loop
      vertex 2.6532843272421 3.032121597344438 2.5
      vertex 2.6532843272421 3.5678784026555634 2.5
      vertex 2.6000000000000005 3.3000000000000007 2.5
    endloop
  endfacet
  facet normal 0 0 1
    outer loop
      vertex 2.8050252531694175 2.8050252531694175 2.5
      vertex 2.6532843272421 3.5678784026555634 2.5
      vertex 2.6532843272421 3.032121597344438 2.5
    endloop
  endfacet
  facet normal 0 0 1
    outer loop
      vertex 2.8050252531694175 2.8050252531694175 2.5
      vertex 2.8050252531694175 3.794974746830584 2.5
      vertex 2.6532843272421 3.5678784026555634 2.5
    endloop
  endfacet
  facet normal 0 0 1
    outer loop
      vertex 2.8050252531694175 3.794974746830584 2.5
      vertex 3.032121597344438 2.6532843272421 2.5
      vertex 2.9461868257280392 3.88929589410935 2.5
    endloop
  endfacet
  facet normal 0 0 1
    outer loop
      vertex 3.032121597344438 2.6532843272421 2.5
      vertex 3 3.9 2.5
      vertex 2.9461868257280392 3.88929589410935 2.5
    endloop
  endfacet
  facet normal -0.19509032201612847 -0.9807852804032304 0
    outer loop
      vertex 3.3000000000000007 2.6000000000000005 2.5
      vertex 3.032121597344438 2.6532843272421 1.5
      vertex 3.3000000000000007 2.6000000000000005 1.5
    endloop
  endfacet
  facet normal 0.19509032201612847 -0.9807852804032304 0
    outer loop
      vertex 3.5678784026555634 2.6532843272421 2.5
      vertex 3.3000000000000007 2.6000000000000005 1.5
      vertex 3.5678784026555634 2.6532843272421 1.5
    endloop
  endfacet
  facet normal 0.19509032201612847 -0.9807852804032304 0
    outer loop
      vertex 3.3000000000000007 2.6000000000000005 2.5
      vertex 3.3000000000000007 2.6000000000000005 1.5
      vertex 3.5678784026555634 2.6532843272421 2.5
    endloop
  endfacet
  facet normal 0.5555702330196028 -0.831469612302545 0
    outer loop
      vertex 3.5678784026555634 2.6532843272421 2.5
      vertex 3.5678784026555634 2.6532843272421 1.5
      vertex 3.794974746830584 2.8050252531694175 2.5
    endloop
  endfacet
  facet normal 0.5555702330196028 -0.831469612302545 0
    outer loop
      vertex 3.794974746830584 2.8050252531694175 2.5
      vertex 3.5678784026555634 2.6532843272421 1.5
      vertex 3.794974746830584 2.8050252531694175 1.5
    endloop
  endfacet
  facet normal 0.8314696123025449 -0.5555702330196026 0
    outer loop
      vertex 3.794974746830584 2.8050252531694175 2.5
      vertex 3.794974746830584 2.8050252531694175 1.5
      vertex 3.88929589410935 2.946186825728039 1.5
    endloop
  endfacet
  facet normal 0.8314696123025449 -0.5555702330196026 4.8450100546589154e-18
    outer loop
      vertex 3.794974746830584 2.8050252531694175 2.5
      vertex 3.88929589410935 2.946186825728039 1.5
      vertex 3.88929589410935 2.946186825728039 2.5
    endloop
  endfacet
  facet normal 0 0 1
    outer loop
      vertex 3.032121597344438 2.6532843272421 2.5
      vertex 3.3000000000000007 2.6000000000000005 2.5
      vertex 3.3444150891285807 3.831491579260158 2.5
    endloop
  endfacet
  facet normal 0 0 1
    outer loop
      vertex 3.3000000000000007 2.6000000000000005 2.5
      vertex 3.5678784026555634 2.6532843272421 2.5
      vertex 3.3444150891285807 3.831491579260158 2.5
    endloop
  endfacet
  facet normal 0 0 1
    outer loop
      vertex 3.5678784026555634 2.6532843272421 2.5
      vertex 3.794974746830584 2.8050252531694175 2.5
      vertex 3.636396103067893 3.636396103067893 2.5
    endloop
  endfacet
  facet normal 0 0 1
    outer loop
      vertex 3.794974746830584 2.8050252531694175 2.5
      vertex 3.88929589410935 2.946186825728039 2.5
      vertex 3.831491579260158 3.3444150891285807 2.5
    endloop
  endfacet
  facet normal 0 0 1
    outer loop
      vertex 3.831491579260158 3.3444150891285807 2.5
      vertex 3.88929589410935 2.946186825728039 2.5
      vertex 3.9 3 2.5
    endloop
  endfacet
  facet normal 0 0 1
    outer loop
      vertex 3.032121597344438 2.6532843272421 2.5
      vertex 3.3444150891285807 3.831491579260158 2.5
      vertex 3 3.9 2.5
    endloop
  endfacet
  facet normal 0 0 1
    outer loop
      vertex 3.5678784026555634 2.6532843272421 2.5
      vertex 3.636396103067893 3.636396103067893 2.5
      vertex 3.3444150891285807 3.831491579260158 2.5
    endloop
  endfacet
  facet normal 0 0 1
    outer loop
      vertex 3.794974746830584 2.8050252531694175 2.5
      vertex 3.831491579260158 3.3444150891285807 2.5
      vertex 3.636396103067893 3.636396103067893 2.5
    endloop
  endfacet
  facet normal -0.831469612302545 -0.5555702330196028 0
    outer loop
      vertex 2.6532843272421 21.432121597344437 2.5
      vertex 2.6532843272421 21.432121597344437 1.5
      vertex 2.8050252531694175 21.205025253169417 1.5
    endloop
  endfacet
  facet normal -0.9807852804032302 -0.19509032201612905 0
    outer loop
      vertex 2.6000000000000005 21.7 2.5
      vertex 2.6000000000000005 21.7 1.5
      vertex 2.6532843272421 21.432121597344437 1.5
    endloop
  endfacet
  facet normal -0.9807852804032302 -0.19509032201612905 0
    outer loop
      vertex 2.6532843272421 21.432121597344437 2.5
      vertex 2.6000000000000005 21.7 2.5
      vertex 2.6532843272421 21.432121597344437 1.5
    endloop
  endfacet
  facet normal -0.9807852804032302 0.19509032201612905 0
    outer loop
      vertex 2.6000000000000005 21.7 2.5
      vertex 2.6532843272421 21.96787840265556 2.5
      vertex 2.6000000000000005 21.7 1.5
    endloop
  endfacet
  facet normal -0.5555702330196026 -0.8314696123025449 0
    outer loop
      vertex 2.8050252531694175 21.205025253169417 2.5
      vertex 2.8050252531694175 21.205025253169417 1.5
      vertex 2.946186825728039 21.11070410589065 1.5
    endloop
  endfacet
  facet normal -0.831469612302545 -0.5555702330196028 -7.866059593416938e-18
    outer loop
      vertex 2.6532843272421 21.432121597344437 2.5
      vertex 2.8050252531694175 21.205025253169417 1.5
      vertex 2.8050252531694175 21.205025253169417 2.5
    endloop
  endfacet
  facet normal -0.5555702330196026 -0.8314696123025449 -4.8450100546589154e-18
    outer loop
      vertex 2.8050252531694175 21.205025253169417 2.5
      vertex 2.946186825728039 21.11070410589065 1.5
      vertex 2.946186825728039 21.11070410589065 2.5
    endloop
  endfacet
  facet normal 0 0 1
    outer loop
      vertex 2.6532843272421 21.432121597344437 2.5
      vertex 2.8050252531694175 21.205025253169417 2.5
      vertex 2.6532843272421 21.96787840265556 2.5
    endloop
  endfacet
  facet normal 0 0 1
    outer loop
      vertex 2.6532843272421 21.432121597344437 2.5
      vertex 2.6532843272421 21.96787840265556 2.5
      vertex 2.6000000000000005 21.7 2.5
    endloop
  endfacet
  facet normal 0 0 1
    outer loop
      vertex 2.8050252531694175 22.19497474683058 2.5
      vertex 2.946186825728039 21.11070410589065 2.5
      vertex 3 21.1 2.5
    endloop
  endfacet
  facet normal 0 0 1
    outer loop
      vertex 2.8050252531694175 21.205025253169417 2.5
      vertex 2.946186825728039 21.11070410589065 2.5
      vertex 2.8050252531694175 22.19497474683058 2.5
    endloop
  endfacet
  facet normal 0 0 1
    outer loop
      vertex 2.8050252531694175 21.205025253169417 2.5
      vertex 2.8050252531694175 22.19497474683058 2.5
      vertex 2.6532843272421 21.96787840265556 2.5
    endloop
  endfacet
  facet normal -0.9807852804032302 0.19509032201612905 0
    outer loop
      vertex 2.6532843272421 21.96787840265556 2.5
      vertex 2.6532843272421 21.96787840265556 1.5
      vertex 2.6000000000000005 21.7 1.5
    endloop
  endfacet
  facet normal -0.831469612302545 0.5555702330196028 0
    outer loop
      vertex 2.6532843272421 21.96787840265556 2.5
      vertex 2.8050252531694175 22.19497474683058 2.5
      vertex 2.6532843272421 21.96787840265556 1.5
    endloop
  endfacet
  facet normal -0.831469612302545 0.5555702330196028 0
    outer loop
      vertex 2.8050252531694175 22.19497474683058 2.5
      vertex 2.8050252531694175 22.19497474683058 1.5
      vertex 2.6532843272421 21.96787840265556 1.5
    endloop
  endfacet
  facet normal -0.5555702330196016 0.8314696123025457 0
    outer loop
      vertex 2.8050252531694175 22.19497474683058 2.5
      vertex 3.032121597344438 22.3467156727579 1.5
      vertex 2.8050252531694175 22.19497474683058 1.5
    endloop
  endfacet
  facet normal -0.19509032201613005 0.9807852804032302 0
    outer loop
      vertex 3.032121597344438 22.3467156727579 2.5
      vertex 3.3000000000000007 22.4 1.5
      vertex 3.032121597344438 22.3467156727579 1.5
    endloop
  endfacet
  facet normal -0.5555702330196016 0.8314696123025457 -5.704656017094273e-18
    outer loop
      vertex 2.8050252531694175 22.19497474683058 2.5
      vertex 3.032121597344438 22.3467156727579 2.5
      vertex 3.032121597344438 22.3467156727579 1.5
    endloop
  endfacet
  facet normal 0 0 1
    outer loop
      vertex 2.8050252531694175 22.19497474683058 2.5
      vertex 3 21.1 2.5
      vertex 3.032121597344438 22.3467156727579 2.5
    endloop
  endfacet
  facet normal 0 0 1
    outer loop
      vertex 3.032121597344438 22.3467156727579 2.5
      vertex 3 21.1 2.5
      vertex 3.3000000000000007 22.4 2.5
    endloop
  endfacet
  facet normal 0 0 1
    outer loop
      vertex 3.3000000000000007 22.4 2.5
      vertex 3 21.1 2.5
      vertex 3.3444150891285807 21.16850842073984 2.5
    endloop
  endfacet
  facet normal 0 0 1
    outer loop
      vertex 3.5678784026555634 22.3467156727579 2.5
      vertex 3.3444150891285807 21.16850842073984 2.5
      vertex 3.636396103067893 21.36360389693211 2.5
    endloop
  endfacet
  facet normal 0 0 1
    outer loop
      vertex 3.794974746830584 22.19497474683058 2.5
      vertex 3.636396103067893 21.36360389693211 2.5
      vertex 3.831491579260158 21.65558491087142 2.5
    endloop
  endfacet
  facet normal 0.19509032201613005 0.9807852804032302 0
    outer loop
      vertex 3.3000000000000007 22.4 2.5
      vertex 3.5678784026555634 22.3467156727579 1.5
      vertex 3.3000000000000007 22.4 1.5
    endloop
  endfacet
  facet normal -0.19509032201613005 0.9807852804032302 -2.9460514583289834e-18
    outer loop
      vertex 3.032121597344438 22.3467156727579 2.5
      vertex 3.3000000000000007 22.4 2.5
      vertex 3.3000000000000007 22.4 1.5
    endloop
  endfacet
  facet normal 0.19509032201613005 0.9807852804032302 2.9460514583289834e-18
    outer loop
      vertex 3.3000000000000007 22.4 2.5
      vertex 3.5678784026555634 22.3467156727579 2.5
      vertex 3.5678784026555634 22.3467156727579 1.5
    endloop
  endfacet
  facet normal 0.8314696123025417 0.5555702330196074 0
    outer loop
      vertex 3.88929589410935 22.053813174271962 1.5
      vertex 3.794974746830584 22.19497474683058 1.5
      vertex 3.88929589410935 22.053813174271962 2.5
    endloop
  endfacet
  facet normal 0.5555702330196016 0.8314696123025457 5.704656017094273e-18
    outer loop
      vertex 3.5678784026555634 22.3467156727579 2.5
      vertex 3.794974746830584 22.19497474683058 2.5
      vertex 3.794974746830584 22.19497474683058 1.5
    endloop
  endfacet
  facet normal 0.8314696123025417 0.5555702330196074 0
    outer loop
      vertex 3.794974746830584 22.19497474683058 2.5
      vertex 3.88929589410935 22.053813174271962 2.5
      vertex 3.794974746830584 22.19497474683058 1.5
    endloop
  endfacet
  facet normal 0.5555702330196016 0.8314696123025457 0
    outer loop
      vertex 3.5678784026555634 22.3467156727579 2.5
      vertex 3.794974746830584 22.19497474683058 1.5
      vertex 3.5678784026555634 22.3467156727579 1.5
    endloop
  endfacet
  facet normal 0 0 1
    outer loop
      vertex 3.3000000000000007 22.4 2.5
      vertex 3.3444150891285807 21.16850842073984 2.5
      vertex 3.5678784026555634 22.3467156727579 2.5
    endloop
  endfacet
  facet normal 0 0 1
    outer loop
      vertex 3.5678784026555634 22.3467156727579 2.5
      vertex 3.636396103067893 21.36360389693211 2.5
      vertex 3.794974746830584 22.19497474683058 2.5
    endloop
  endfacet
  facet normal 0 0 1
    outer loop
      vertex 3.794974746830584 22.19497474683058 2.5
      vertex 3.831491579260158 21.65558491087142 2.5
      vertex 3.88929589410935 22.053813174271962 2.5
    endloop
  endfacet
  facet normal 0 0 1
    outer loop
      vertex 3.9 22 2.5
      vertex 3.88929589410935 22.053813174271962 2.5
      vertex 3.831491579260158 21.65558491087142 2.5
    endloop
  endfacet
  facet normal -0.5555702330196028 -0.831469612302545 0
    outer loop
      vertex 21.432121597344437 2.6532843272421 2.5
      vertex 21.205025253169417 2.8050252531694175 1.5
      vertex 21.432121597344437 2.6532843272421 1.5
    endloop
  endfacet
  facet normal -0.8314696123025466 -0.5555702330196003 0
    outer loop
      vertex 21.11070410589065 2.9461868257280397 1.5
      vertex 21.205025253169417 2.8050252531694175 1.5
      vertex 21.11070410589065 2.9461868257280397 2.5
    endloop
  endfacet
  facet normal -0.8314696123025466 -0.5555702330196003 0
    outer loop
      vertex 21.205025253169417 2.8050252531694175 2.5
      vertex 21.11070410589065 2.9461868257280397 2.5
      vertex 21.205025253169417 2.8050252531694175 1.5
    endloop
  endfacet
  facet normal -0.5555702330196028 -0.831469612302545 0
    outer loop
      vertex 21.205025253169417 2.8050252531694175 2.5
      vertex 21.205025253169417 2.8050252531694175 1.5
      vertex 21.432121597344437 2.6532843272421 2.5
    endloop
  endfacet
  facet normal -0.19509032201612905 -0.9807852804032302 0
    outer loop
      vertex 21.7 2.6000000000000005 2.5
      vertex 21.432121597344437 2.6532843272421 1.5
      vertex 21.7 2.6000000000000005 1.5
    endloop
  endfacet
  facet normal -0.19509032201612905 -0.9807852804032302 0
    outer loop
      vertex 21.432121597344437 2.6532843272421 2.5
      vertex 21.432121597344437 2.6532843272421 1.5
      vertex 21.7 2.6000000000000005 2.5
    endloop
  endfacet
  facet normal 0.19509032201612905 -0.9807852804032302 0
    outer loop
      vertex 21.7 2.6000000000000005 2.5
      vertex 21.7 2.6000000000000005 1.5
      vertex 21.96787840265556 2.6532843272421 2.5
    endloop
  endfacet
  facet normal 0 0 1
    outer loop
      vertex 21.1 3 2.5
      vertex 21.11070410589065 2.9461868257280397 2.5
      vertex 21.16850842073984 3.3444150891285807 2.5
    endloop
  endfacet
  facet normal 0 0 1
    outer loop
      vertex 21.205025253169417 2.8050252531694175 2.5
      vertex 21.16850842073984 3.3444150891285807 2.5
      vertex 21.11070410589065 2.9461868257280397 2.5
    endloop
  endfacet
  facet normal 0 0 1
    outer loop
      vertex 21.205025253169417 2.8050252531694175 2.5
      vertex 21.432121597344437 2.6532843272421 2.5
      vertex 21.36360389693211 3.636396103067893 2.5
    endloop
  endfacet
  facet normal 0 0 1
    outer loop
      vertex 21.432121597344437 2.6532843272421 2.5
      vertex 21.7 2.6000000000000005 2.5
      vertex 21.65558491087142 3.831491579260158 2.5
    endloop
  endfacet
  facet normal 0 0 1
    outer loop
      vertex 21.205025253169417 2.8050252531694175 2.5
      vertex 21.36360389693211 3.636396103067893 2.5
      vertex 21.16850842073984 3.3444150891285807 2.5
    endloop
  endfacet
  facet normal 0 0 1
    outer loop
      vertex 21.432121597344437 2.6532843272421 2.5
      vertex 21.65558491087142 3.831491579260158 2.5
      vertex 21.36360389693211 3.636396103067893 2.5
    endloop
  endfacet
  facet normal 0 0 1
    outer loop
      vertex 21.7 2.6000000000000005 2.5
      vertex 22 3.9 2.5
      vertex 21.65558491087142 3.831491579260158 2.5
    endloop
  endfacet
  facet normal 0.19509032201612905 -0.9807852804032302 0
    outer loop
      vertex 21.96787840265556 2.6532843272421 2.5
      vertex 21.7 2.6000000000000005 1.5
      vertex 21.96787840265556 2.6532843272421 1.5
    endloop
  endfacet
  facet normal 0.5555702330196028 -0.831469612302545 0
    outer loop
      vertex 21.96787840265556 2.6532843272421 2.5
      vertex 21.96787840265556 2.6532843272421 1.5
      vertex 22.19497474683058 2.8050252531694175 2.5
    endloop
  endfacet
  facet normal 0.5555702330196028 -0.831469612302545 0
    outer loop
      vertex 22.19497474683058 2.8050252531694175 2.5
      vertex 21.96787840265556 2.6532843272421 1.5
      vertex 22.19497474683058 2.8050252531694175 1.5
    endloop
  endfacet
  facet normal 0.8314696123025457 -0.5555702330196016 0
    outer loop
      vertex 22.19497474683058 2.8050252531694175 2.5
      vertex 22.19497474683058 2.8050252531694175 1.5
      vertex 22.3467156727579 3.032121597344438 1.5
    endloop
  endfacet
  facet normal 0.9807852804032302 -0.19509032201613005 0
    outer loop
      vertex 22.3467156727579 3.032121597344438 2.5
      vertex 22.3467156727579 3.032121597344438 1.5
      vertex 22.4 3.3000000000000007 1.5
    endloop
  endfacet
  facet normal 0.8314696123025457 -0.5555702330196016 -5.704656017094273e-18
    outer loop
      vertex 22.19497474683058 2.8050252531694175 2.5
      vertex 22.3467156727579 3.032121597344438 1.5
      vertex 22.3467156727579 3.032121597344438 2.5
    endloop
  endfacet
  facet normal 0 0 1
    outer loop
      vertex 21.7 2.6000000000000005 2.5
      vertex 21.96787840265556 2.6532843272421 2.5
      vertex 22 3.9 2.5
    endloop
  endfacet
  facet normal 0 0 1
    outer loop
      vertex 21.96787840265556 2.6532843272421 2.5
      vertex 22.19497474683058 2.8050252531694175 2.5
      vertex 22 3.9 2.5
    endloop
  endfacet
  facet normal 0.5555702330195996 0.8314696123025469 0
    outer loop
      vertex 22.19497474683058 3.794974746830584 2.5
      vertex 22.19497474683058 3.794974746830584 1.5
      vertex 22.05381317427196 3.8892958941093503 1.5
    endloop
  endfacet
  facet normal 0.5555702330195996 0.8314696123025469 -2.006664900629068e-18
    outer loop
      vertex 22.19497474683058 3.794974746830584 2.5
      vertex 22.05381317427196 3.8892958941093503 1.5
      vertex 22.05381317427196 3.8892958941093503 2.5
    endloop
  endfacet
  facet normal 0.8314696123025457 0.5555702330196016 0
    outer loop
      vertex 22.19497474683058 3.794974746830584 2.5
      vertex 22.3467156727579 3.5678784026555634 2.5
      vertex 22.19497474683058 3.794974746830584 1.5
    endloop
  endfacet
  facet normal 0.9807852804032302 0.19509032201613005 0
    outer loop
      vertex 22.4 3.3000000000000007 2.5
      vertex 22.4 3.3000000000000007 1.5
      vertex 22.3467156727579 3.5678784026555634 1.5
    endloop
  endfacet
  facet normal 0.9807852804032302 -0.19509032201613005 -2.9460514583289834e-18
    outer loop
      vertex 22.3467156727579 3.032121597344438 2.5
      vertex 22.4 3.3000000000000007 1.5
      vertex 22.4 3.3000000000000007 2.5
    endloop
  endfacet
  facet normal 0.9807852804032302 0.19509032201613005 2.9460514583289834e-18
    outer loop
      vertex 22.4 3.3000000000000007 2.5
      vertex 22.3467156727579 3.5678784026555634 1.5
      vertex 22.3467156727579 3.5678784026555634 2.5
    endloop
  endfacet
  facet normal 0.8314696123025457 0.5555702330196016 0
    outer loop
      vertex 22.3467156727579 3.5678784026555634 2.5
      vertex 22.3467156727579 3.5678784026555634 1.5
      vertex 22.19497474683058 3.794974746830584 1.5
    endloop
  endfacet
  facet normal 0 0 1
    outer loop
      vertex 22.19497474683058 2.8050252531694175 2.5
      vertex 22.3467156727579 3.032121597344438 2.5
      vertex 22.19497474683058 3.794974746830584 2.5
    endloop
  endfacet
  facet normal 0 0 1
    outer loop
      vertex 22.19497474683058 2.8050252531694175 2.5
      vertex 22.19497474683058 3.794974746830584 2.5
      vertex 22.05381317427196 3.8892958941093503 2.5
    endloop
  endfacet
  facet normal 0 0 1
    outer loop
      vertex 22.19497474683058 2.8050252531694175 2.5
      vertex 22.05381317427196 3.8892958941093503 2.5
      vertex 22 3.9 2.5
    endloop
  endfacet
  facet normal 0 0 1
    outer loop
      vertex 22.3467156727579 3.032121597344438 2.5
      vertex 22.4 3.3000000000000007 2.5
      vertex 22.3467156727579 3.5678784026555634 2.5
    endloop
  endfacet
  facet normal 0 0 1
    outer loop
      vertex 22.3467156727579 3.032121597344438 2.5
      vertex 22.3467156727579 3.5678784026555634 2.5
      vertex 22.19497474683058 3.794974746830584 2.5
    endloop
  endfacet
  facet normal 0 0 1
    outer loop
      vertex 21.205025253169417 22.19497474683058 2.5
      vertex 21.16850842073984 21.65558491087142 2.5
      vertex 21.36360389693211 21.36360389693211 2.5
    endloop
  endfacet
  facet normal 0 0 1
    outer loop
      vertex 21.432121597344437 22.3467156727579 2.5
      vertex 21.36360389693211 21.36360389693211 2.5
      vertex 21.65558491087142 21.16850842073984 2.5
    endloop
  endfacet
  facet normal 0 0 1
    outer loop
      vertex 21.96787840265556 22.3467156727579 2.5
      vertex 21.65558491087142 21.16850842073984 2.5
      vertex 22 21.1 2.5
    endloop
  endfacet
  facet normal -0.8314696123025417 0.5555702330196074 0
    outer loop
      vertex 21.205025253169417 22.19497474683058 2.5
      vertex 21.205025253169417 22.19497474683058 1.5
      vertex 21.11070410589065 22.053813174271962 1.5
    endloop
  endfacet
  facet normal -0.5555702330196016 0.8314696123025457 0
    outer loop
      vertex 21.205025253169417 22.19497474683058 2.5
      vertex 21.432121597344437 22.3467156727579 1.5
      vertex 21.205025253169417 22.19497474683058 1.5
    endloop
  endfacet
  facet normal -0.8314696123025417 0.5555702330196074 -1.1309573264694868e-18
    outer loop
      vertex 21.205025253169417 22.19497474683058 2.5
      vertex 21.11070410589065 22.053813174271962 1.5
      vertex 21.11070410589065 22.053813174271962 2.5
    endloop
  endfacet
  facet normal -0.5555702330196016 0.8314696123025457 -5.704656017094273e-18
    outer loop
      vertex 21.205025253169417 22.19497474683058 2.5
      vertex 21.432121597344437 22.3467156727579 2.5
      vertex 21.432121597344437 22.3467156727579 1.5
    endloop
  endfacet
  facet normal -0.19509032201613066 0.98078528040323 0
    outer loop
      vertex 21.432121597344437 22.3467156727579 2.5
      vertex 21.7 22.4 1.5
      vertex 21.432121597344437 22.3467156727579 1.5
    endloop
  endfacet
  facet normal 0.19509032201613066 0.98078528040323 0
    outer loop
      vertex 21.7 22.4 2.5
      vertex 21.96787840265556 22.3467156727579 1.5
      vertex 21.7 22.4 1.5
    endloop
  endfacet
  facet normal -0.19509032201613066 0.98078528040323 1.6169184002281312e-18
    outer loop
      vertex 21.432121597344437 22.3467156727579 2.5
      vertex 21.7 22.4 2.5
      vertex 21.7 22.4 1.5
    endloop
  endfacet
  facet normal 0 0 1
    outer loop
      vertex 21.16850842073984 21.65558491087142 2.5
      vertex 21.11070410589065 22.053813174271962 2.5
      vertex 21.1 22 2.5
    endloop
  endfacet
  facet normal 0 0 1
    outer loop
      vertex 21.205025253169417 22.19497474683058 2.5
      vertex 21.11070410589065 22.053813174271962 2.5
      vertex 21.16850842073984 21.65558491087142 2.5
    endloop
  endfacet
  facet normal 0 0 1
    outer loop
      vertex 21.205025253169417 22.19497474683058 2.5
      vertex 21.36360389693211 21.36360389693211 2.5
      vertex 21.432121597344437 22.3467156727579 2.5
    endloop
  endfacet
  facet normal 0 0 1
    outer loop
      vertex 21.432121597344437 22.3467156727579 2.5
      vertex 21.65558491087142 21.16850842073984 2.5
      vertex 21.7 22.4 2.5
    endloop
  endfacet
  facet normal 0 0 1
    outer loop
      vertex 21.7 22.4 2.5
      vertex 21.65558491087142 21.16850842073984 2.5
      vertex 21.96787840265556 22.3467156727579 2.5
    endloop
  endfacet
  facet normal 0.5555702330196074 -0.8314696123025417 0
    outer loop
      vertex 22.053813174271962 21.11070410589065 1.5
      vertex 22.19497474683058 21.205025253169417 1.5
      vertex 22.053813174271962 21.11070410589065 2.5
    endloop
  endfacet
  facet normal 0.8314696123025457 -0.5555702330196016 0
    outer loop
      vertex 22.19497474683058 21.205025253169417 2.5
      vertex 22.19497474683058 21.205025253169417 1.5
      vertex 22.3467156727579 21.432121597344437 1.5
    endloop
  endfacet
  facet normal 0.5555702330196074 -0.8314696123025417 0
    outer loop
      vertex 22.19497474683058 21.205025253169417 2.5
      vertex 22.053813174271962 21.11070410589065 2.5
      vertex 22.19497474683058 21.205025253169417 1.5
    endloop
  endfacet
  facet normal 0.8314696123025457 -0.5555702330196016 -5.704656017094273e-18
    outer loop
      vertex 22.19497474683058 21.205025253169417 2.5
      vertex 22.3467156727579 21.432121597344437 1.5
      vertex 22.3467156727579 21.432121597344437 2.5
    endloop
  endfacet
  facet normal 0.98078528040323 -0.19509032201613066 0
    outer loop
      vertex 22.3467156727579 21.432121597344437 2.5
      vertex 22.3467156727579 21.432121597344437 1.5
      vertex 22.4 21.7 1.5
    endloop
  endfacet
  facet normal 0.98078528040323 0.19509032201613066 0
    outer loop
      vertex 22.4 21.7 2.5
      vertex 22.4 21.7 1.5
      vertex 22.3467156727579 21.96787840265556 1.5
    endloop
  endfacet
  facet normal 0.98078528040323 -0.19509032201613066 1.6169184002281312e-18
    outer loop
      vertex 22.3467156727579 21.432121597344437 2.5
      vertex 22.4 21.7 1.5
      vertex 22.4 21.7 2.5
    endloop
  endfacet
  facet normal 0 0 1
    outer loop
      vertex 21.96787840265556 22.3467156727579 2.5
      vertex 22 21.1 2.5
      vertex 22.053813174271962 21.11070410589065 2.5
    endloop
  endfacet
  facet normal 0 0 1
    outer loop
      vertex 21.96787840265556 22.3467156727579 2.5
      vertex 22.053813174271962 21.11070410589065 2.5
      vertex 22.19497474683058 21.205025253169417 2.5
    endloop
  endfacet
  facet normal 0 0 1
    outer loop
      vertex 22.19497474683058 21.205025253169417 2.5
      vertex 22.3467156727579 21.432121597344437 2.5
      vertex 22.19497474683058 22.19497474683058 2.5
    endloop
  endfacet
  facet normal 0 0 1
    outer loop
      vertex 22.3467156727579 21.432121597344437 2.5
      vertex 22.3467156727579 21.96787840265556 2.5
      vertex 22.19497474683058 22.19497474683058 2.5
    endloop
  endfacet
  facet normal 0 0 1
    outer loop
      vertex 22.3467156727579 21.432121597344437 2.5
      vertex 22.4 21.7 2.5
      vertex 22.3467156727579 21.96787840265556 2.5
    endloop
  endfacet
  facet normal 0.5555702330196016 0.8314696123025457 5.704656017094273e-18
    outer loop
      vertex 21.96787840265556 22.3467156727579 2.5
      vertex 22.19497474683058 22.19497474683058 2.5
      vertex 22.19497474683058 22.19497474683058 1.5
    endloop
  endfacet
  facet normal 0.8314696123025457 0.5555702330196016 5.704656017094273e-18
    outer loop
      vertex 22.3467156727579 21.96787840265556 2.5
      vertex 22.19497474683058 22.19497474683058 1.5
      vertex 22.19497474683058 22.19497474683058 2.5
    endloop
  endfacet
  facet normal 0.5555702330196016 0.8314696123025457 0
    outer loop
      vertex 21.96787840265556 22.3467156727579 2.5
      vertex 22.19497474683058 22.19497474683058 1.5
      vertex 21.96787840265556 22.3467156727579 1.5
    endloop
  endfacet
  facet normal 0.19509032201613066 0.98078528040323 -1.6169184002281312e-18
    outer loop
      vertex 21.7 22.4 2.5
      vertex 21.96787840265556 22.3467156727579 2.5
      vertex 21.96787840265556 22.3467156727579 1.5
    endloop
  endfacet
  facet normal 0.8314696123025457 0.5555702330196016 0
    outer loop
      vertex 22.3467156727579 21.96787840265556 2.5
      vertex 22.3467156727579 21.96787840265556 1.5
      vertex 22.19497474683058 22.19497474683058 1.5
    endloop
  endfacet
  facet normal 0.98078528040323 0.19509032201613066 -1.6169184002281312e-18
    outer loop
      vertex 22.4 21.7 2.5
      vertex 22.3467156727579 21.96787840265556 1.5
      vertex 22.3467156727579 21.96787840265556 2.5
    endloop
  endfacet
  facet normal 0 0 1
    outer loop
      vertex 21.96787840265556 22.3467156727579 2.5
      vertex 22.19497474683058 21.205025253169417 2.5
      vertex 22.19497474683058 22.19497474683058 2.5
    endloop
  endfacet
  facet normal -0.9238795325112887 -0.38268343236508473 -5.473750417578921e-19
    outer loop
      vertex 20.26794919243112 21 1.5
      vertex 20.068148347421864 21.48236190979496 22.5
      vertex 20.068148347421864 21.48236190979496 1.5
    endloop
  endfacet
  facet normal -0.9914448613738102 -0.13052619222005404 -1.8892808344821377e-19
    outer loop
      vertex 20.068148347421864 21.48236190979496 1.5
      vertex 20 22 23.5
      vertex 20 22 1.5
    endloop
  endfacet
  facet normal -0.38268343236508473 -0.9238795325112887 0
    outer loop
      vertex 21 20.26794919243112 1.5
      vertex 21.48236190979496 20.068148347421864 1.5
      vertex 21 20.26794919243112 22.5
    endloop
  endfacet
  facet normal -0.13052619222005404 -0.9914448613738102 0
    outer loop
      vertex 21.48236190979496 20.068148347421864 1.5
      vertex 22 20 1.5
      vertex 21.48236190979496 20.068148347421864 22.5
    endloop
  endfacet
  facet normal -0.7933533402912353 -0.6087614290087205 0
    outer loop
      vertex 20.26794919243112 21 1.5
      vertex 20.585786437626904 20.585786437626904 1.5
      vertex 20.26794919243112 21 22.5
    endloop
  endfacet
  facet normal -0.6087614290087205 -0.7933533402912353 -1.1408768890632e-18
    outer loop
      vertex 21 20.26794919243112 1.5
      vertex 20.585786437626904 20.585786437626904 22.5
      vertex 20.585786437626904 20.585786437626904 1.5
    endloop
  endfacet
  facet normal -0.9914448613738102 0.13052619222005404 1.8892808344821377e-19
    outer loop
      vertex 20 22 1.5
      vertex 20.068148347421864 22.51763809020504 23.5
      vertex 20.068148347421864 22.51763809020504 1.5
    endloop
  endfacet
  facet normal -0.9238795325112888 0.3826834323650848 5.224943580416242e-19
    outer loop
      vertex 20.068148347421864 22.51763809020504 1.5
      vertex 20.26794919243112 23 23.5
      vertex 20.26794919243112 23 1.5
    endloop
  endfacet
  facet normal -0.7933533402912353 0.6087614290087205 1.089018848651236e-18
    outer loop
      vertex 20.26794919243112 23 1.5
      vertex 20.585786437626904 23.414213562373096 23.5
      vertex 20.585786437626904 23.414213562373096 1.5
    endloop
  endfacet
  facet normal -0.6087614290087232 0.7933533402912332 -6.83855275323195e-20
    outer loop
      vertex 20.585786437626904 23.414213562373096 1.5
      vertex 20.697585499787944 23.5 23.5
      vertex 20.697585499787944 23.5 1.5
    endloop
  endfacet
  facet normal 0.13052619222005404 -0.9914448613738102 0
    outer loop
      vertex 22 20 1.5
      vertex 22.51763809020504 20.068148347421864 1.5
      vertex 22 20 22.5
    endloop
  endfacet
  facet normal 0.38268343236508473 -0.9238795325112887 0
    outer loop
      vertex 22.51763809020504 20.068148347421864 1.5
      vertex 23 20.26794919243112 1.5
      vertex 22.51763809020504 20.068148347421864 22.5
    endloop
  endfacet
  facet normal 0.6087614290087205 -0.7933533402912353 0
    outer loop
      vertex 23 20.26794919243112 1.5
      vertex 23.414213562373096 20.585786437626904 1.5
      vertex 23 20.26794919243112 22.5
    endloop
  endfacet
  facet normal 0.7933533402912332 -0.6087614290087232 0
    outer loop
      vertex 23.414213562373096 20.585786437626904 1.5
      vertex 23.5 20.697585499787944 1.5
      vertex 23.414213562373096 20.585786437626904 22.5
    endloop
  endfacet
  facet normal 0.6087614290087232 0.7933533402912332 0
    outer loop
      vertex 23.414213562373096 23.414213562373096 1.5
      vertex 23.302414500212056 23.5 1.5
      vertex 23.414213562373096 23.414213562373096 23.5
    endloop
  endfacet
  facet normal 0.7933533402912332 0.6087614290087232 6.83855275323195e-20
    outer loop
      vertex 23.414213562373096 23.414213562373096 1.5
      vertex 23.5 23.302414500212056 23.5
      vertex 23.5 23.302414500212056 1.5
    endloop
  endfacet
  facet normal -0.9238795325112887 -0.38268343236508473 0
    outer loop
      vertex 20.26794919243112 21 1.5
      vertex 20.26794919243112 21 22.5
      vertex 20.068148347421864 21.48236190979496 22.5
    endloop
  endfacet
  facet normal -0.9914448613738018 -0.1305261922201178 0
    outer loop
      vertex 20.068148347421864 21.48236190979496 1.5
      vertex 20.068148347421864 21.48236190979496 22.5
      vertex 20.065826248793698 21.5 22.5
    endloop
  endfacet
  facet normal -0.38268343236508473 -0.9238795325112887 0
    outer loop
      vertex 21.48236190979496 20.068148347421864 1.5
      vertex 21.48236190979496 20.068148347421864 22.5
      vertex 21 20.26794919243112 22.5
    endloop
  endfacet
  facet normal -0.13052619222005404 -0.9914448613738102 0
    outer loop
      vertex 22 20 1.5
      vertex 22 20 22.5
      vertex 21.48236190979496 20.068148347421864 22.5
    endloop
  endfacet
  facet normal -0.7933533402912353 -0.6087614290087205 0
    outer loop
      vertex 20.585786437626904 20.585786437626904 1.5
      vertex 20.585786437626904 20.585786437626904 22.5
      vertex 20.26794919243112 21 22.5
    endloop
  endfacet
  facet normal -0.6087614290087205 -0.7933533402912353 0
    outer loop
      vertex 21 20.26794919243112 1.5
      vertex 21 20.26794919243112 22.5
      vertex 20.585786437626904 20.585786437626904 22.5
    endloop
  endfacet
  facet normal -0.9914448613738105 -0.13052619222005168 -5.648982469501112e-17
    outer loop
      vertex 20.068148347421864 21.48236190979496 1.5
      vertex 20.065826248793698 21.5 22.5
      vertex 20 22 23.5
    endloop
  endfacet
  facet normal -0.9914448613738102 0.13052619222005404 0
    outer loop
      vertex 20 22 1.5
      vertex 20 22 23.5
      vertex 20.068148347421864 22.51763809020504 23.5
    endloop
  endfacet
  facet normal -0.9238795325112888 0.3826834323650848 0
    outer loop
      vertex 20.068148347421864 22.51763809020504 1.5
      vertex 20.068148347421864 22.51763809020504 23.5
      vertex 20.26794919243112 23 23.5
    endloop
  endfacet
  facet normal -0.7933533402912353 0.6087614290087205 0
    outer loop
      vertex 20.26794919243112 23 1.5
      vertex 20.26794919243112 23 23.5
      vertex 20.585786437626904 23.414213562373096 23.5
    endloop
  endfacet
  facet normal -0.6087614290087232 0.7933533402912332 0
    outer loop
      vertex 20.585786437626904 23.414213562373096 1.5
      vertex 20.585786437626904 23.414213562373096 23.5
      vertex 20.697585499787944 23.5 23.5
    endloop
  endfacet
  facet normal 0.13052619222005404 -0.9914448613738102 0
    outer loop
      vertex 22.51763809020504 20.068148347421864 1.5
      vertex 22.51763809020504 20.068148347421864 22.5
      vertex 22 20 22.5
    endloop
  endfacet
  facet normal 0.38268343236508473 -0.9238795325112887 0
    outer loop
      vertex 23 20.26794919243112 1.5
      vertex 23 20.26794919243112 22.5
      vertex 22.51763809020504 20.068148347421864 22.5
    endloop
  endfacet
  facet normal 0.6087614290087205 -0.7933533402912353 0
    outer loop
      vertex 23.414213562373096 20.585786437626904 1.5
      vertex 23.414213562373096 20.585786437626904 22.5
      vertex 23 20.26794919243112 22.5
    endloop
  endfacet
  facet normal 0.7933533402912332 -0.6087614290087232 0
    outer loop
      vertex 23.5 20.697585499787944 1.5
      vertex 23.5 20.697585499787944 22.5
      vertex 23.414213562373096 20.585786437626904 22.5
    endloop
  endfacet
  facet normal 0.6087614290087232 0.7933533402912332 0
    outer loop
      vertex 23.302414500212056 23.5 1.5
      vertex 23.302414500212056 23.5 23.5
      vertex 23.414213562373096 23.414213562373096 23.5
    endloop
  endfacet
  facet normal 0.7933533402912332 0.6087614290087232 0
    outer loop
      vertex 23.414213562373096 23.414213562373096 1.5
      vertex 23.414213562373096 23.414213562373096 23.5
      vertex 23.5 23.302414500212056 23.5
    endloop
  endfacet
  facet normal -0.9914448613738105 -0.1305261922200518 0
    outer loop
      vertex 20 22 23.5
      vertex 20.065826248793698 21.5 22.5
      vertex 20.065826248793698 21.5 23.5
    endloop
  endfacet
  facet normal 0 0 1
    outer loop
      vertex 21.16850842073984 21.65558491087142 23.5
      vertex 20.065826248793698 21.5 23.5
      vertex 21.2724669345667 21.5 23.5
    endloop
  endfacet
  facet normal 0 0 1
    outer loop
      vertex 21.16850842073984 21.65558491087142 23.5
      vertex 21.1 22 23.5
      vertex 20.065826248793698 21.5 23.5
    endloop
  endfacet
  facet normal 0 0 1
    outer loop
      vertex 20 22 23.5
      vertex 20.065826248793698 21.5 23.5
      vertex 20.068148347421864 22.51763809020504 23.5
    endloop
  endfacet
  facet normal 0 0 1
    outer loop
      vertex 20.068148347421864 22.51763809020504 23.5
      vertex 20.065826248793698 21.5 23.5
      vertex 20.26794919243112 23 23.5
    endloop
  endfacet
  facet normal 0 0 1
    outer loop
      vertex 20.26794919243112 23 23.5
      vertex 20.065826248793698 21.5 23.5
      vertex 20.585786437626904 23.414213562373096 23.5
    endloop
  endfacet
  facet normal 0 0 1
    outer loop
      vertex 21.1 22 23.5
      vertex 20.697585499787944 23.5 23.5
      vertex 20.065826248793698 21.5 23.5
    endloop
  endfacet
  facet normal 0 0 1
    outer loop
      vertex 21.1 22 23.5
      vertex 21.16850842073984 22.34441508912858 23.5
      vertex 20.697585499787944 23.5 23.5
    endloop
  endfacet
  facet normal 0 0 1
    outer loop
      vertex 20.585786437626904 23.414213562373096 23.5
      vertex 20.065826248793698 21.5 23.5
      vertex 20.697585499787944 23.5 23.5
    endloop
  endfacet
  facet normal 0 0 1
    outer loop
      vertex 21.16850842073984 22.34441508912858 23.5
      vertex 21.36360389693211 22.63639610306789 23.5
      vertex 20.697585499787944 23.5 23.5
    endloop
  endfacet
  facet normal 0 0 1
    outer loop
      vertex 21.36360389693211 22.63639610306789 23.5
      vertex 21.65558491087142 22.83149157926016 23.5
      vertex 22.557227132168777 23.5 23.5
    endloop
  endfacet
  facet normal 0 0 1
    outer loop
      vertex 21.36360389693211 22.63639610306789 23.5
      vertex 22.557227132168777 23.5 23.5
      vertex 20.697585499787944 23.5 23.5
    endloop
  endfacet
  facet normal 0 0 1
    outer loop
      vertex 22.83149157926016 21.65558491087142 23.5
      vertex 22.7275330654333 21.5 23.5
      vertex 23.5 21.5 23.5
    endloop
  endfacet
  facet normal 0 0 1
    outer loop
      vertex 22.83149157926016 21.65558491087142 23.5
      vertex 23.5 21.5 23.5
      vertex 22.9 22 23.5
    endloop
  endfacet
  facet normal 0 0 1
    outer loop
      vertex 21.65558491087142 22.83149157926016 23.5
      vertex 22 22.9 23.5
      vertex 22.557227132168777 23.5 23.5
    endloop
  endfacet
  facet normal 0 0 1
    outer loop
      vertex 22.63639610306789 22.63639610306789 23.5
      vertex 22.557227132168777 23.5 23.5
      vertex 22.34441508912858 22.83149157926016 23.5
    endloop
  endfacet
  facet normal 0 0 1
    outer loop
      vertex 22 22.9 23.5
      vertex 22.34441508912858 22.83149157926016 23.5
      vertex 22.557227132168777 23.5 23.5
    endloop
  endfacet
  facet normal 0 0 1
    outer loop
      vertex 22.9 22 23.5
      vertex 23.302414500212056 23.5 23.5
      vertex 22.83149157926016 22.34441508912858 23.5
    endloop
  endfacet
  facet normal 0 0 1
    outer loop
      vertex 22.9 22 23.5
      vertex 23.5 21.5 23.5
      vertex 23.302414500212056 23.5 23.5
    endloop
  endfacet
  facet normal 0 0 1
    outer loop
      vertex 22.63639610306789 22.63639610306789 23.5
      vertex 22.83149157926016 22.34441508912858 23.5
      vertex 23.302414500212056 23.5 23.5
    endloop
  endfacet
  facet normal 0 0 1
    outer loop
      vertex 22.63639610306789 22.63639610306789 23.5
      vertex 23.302414500212056 23.5 23.5
      vertex 22.557227132168777 23.5 23.5
    endloop
  endfacet
  facet normal 0 0 1
    outer loop
      vertex 23.414213562373096 23.414213562373096 23.5
      vertex 23.302414500212056 23.5 23.5
      vertex 23.5 21.5 23.5
    endloop
  endfacet
  facet normal 0 0 1
    outer loop
      vertex 23.414213562373096 23.414213562373096 23.5
      vertex 23.5 21.5 23.5
      vertex 23.5 23.302414500212056 23.5
    endloop
  endfacet
  facet normal -0.9238795325112883 -0.38268343236508595 1.7162811333006584e-19
    outer loop
      vertex 20.26794919243112 2 1.5
      vertex 20.068148347421864 2.4823619097949585 23.5
      vertex 20.068148347421864 2.4823619097949585 1.5
    endloop
  endfacet
  facet normal -0.9914448613738102 -0.1305261922200536 1.4575807210860185e-19
    outer loop
      vertex 20.068148347421864 2.4823619097949585 1.5
      vertex 20 3 23.5
      vertex 20 3 1.5
    endloop
  endfacet
  facet normal -0.6087614290087141 -0.7933533402912403 -2.7935245956330553e-19
    outer loop
      vertex 20.697585499787948 1.5 1.5
      vertex 20.585786437626904 1.5857864376269049 23.5
      vertex 20.585786437626904 1.5857864376269049 1.5
    endloop
  endfacet
  facet normal -0.7933533402912348 -0.6087614290087211 0
    outer loop
      vertex 20.26794919243112 2 1.5
      vertex 20.585786437626904 1.5857864376269049 1.5
      vertex 20.26794919243112 2 23.5
    endloop
  endfacet
  facet normal -0.9914448613738102 0.1305261922200536 -4.380837663042205e-17
    outer loop
      vertex 20 3 1.5
      vertex 20.065826248793698 3.5 22.5
      vertex 20.068148347421864 3.5176380902050415 1.5
    endloop
  endfacet
  facet normal -0.9238795325112883 0.382683432365086 -1.7980088063149755e-19
    outer loop
      vertex 20.068148347421864 3.5176380902050415 1.5
      vertex 20.26794919243112 4 22.5
      vertex 20.26794919243112 4 1.5
    endloop
  endfacet
  facet normal -0.7933533402912346 0.6087614290087212 7.0852195753977495e-19
    outer loop
      vertex 20.26794919243112 4 1.5
      vertex 20.585786437626904 4.414213562373095 22.5
      vertex 20.585786437626904 4.414213562373095 1.5
    endloop
  endfacet
  facet normal -0.6087614290087194 0.793353340291236 4.957715326102191e-19
    outer loop
      vertex 20.585786437626904 4.414213562373095 1.5
      vertex 21 4.732050807568877 22.5
      vertex 21 4.732050807568877 1.5
    endloop
  endfacet
  facet normal -0.3826834323650891 0.923879532511287 5.815104370840065e-20
    outer loop
      vertex 21 4.732050807568877 1.5
      vertex 21.48236190979496 4.931851652578136 22.5
      vertex 21.48236190979496 4.931851652578136 1.5
    endloop
  endfacet
  facet normal -0.13052619222005235 0.9914448613738103 3.484999283401179e-20
    outer loop
      vertex 21.48236190979496 4.931851652578136 1.5
      vertex 22 5 22.5
      vertex 22 5 1.5
    endloop
  endfacet
  facet normal 0.6087614290087141 -0.7933533402912403 0
    outer loop
      vertex 23.302414500212052 1.5 1.5
      vertex 23.414213562373096 1.5857864376269049 1.5
      vertex 23.302414500212052 1.5 23.5
    endloop
  endfacet
  facet normal 0.7933533402912349 -0.608761429008721 0
    outer loop
      vertex 23.414213562373096 1.5857864376269049 1.5
      vertex 23.5 1.6975854997879458 1.5
      vertex 23.414213562373096 1.5857864376269049 23.5
    endloop
  endfacet
  facet normal 0.6087614290087194 0.793353340291236 0
    outer loop
      vertex 23.414213562373096 4.414213562373095 1.5
      vertex 23 4.732050807568877 1.5
      vertex 23.414213562373096 4.414213562373095 22.5
    endloop
  endfacet
  facet normal 0.13052619222005235 0.9914448613738103 -3.484999283401179e-20
    outer loop
      vertex 22 5 1.5
      vertex 22.51763809020504 4.931851652578136 22.5
      vertex 22.51763809020504 4.931851652578136 1.5
    endloop
  endfacet
  facet normal 0.3826834323650891 0.923879532511287 -5.815104370840065e-20
    outer loop
      vertex 22.51763809020504 4.931851652578136 1.5
      vertex 23 4.732050807568877 22.5
      vertex 23 4.732050807568877 1.5
    endloop
  endfacet
  facet normal 0.7933533402912355 0.6087614290087202 1.169803320973542e-19
    outer loop
      vertex 23.414213562373096 4.414213562373095 1.5
      vertex 23.5 4.302414500212054 22.5
      vertex 23.5 4.302414500212054 1.5
    endloop
  endfacet
  facet normal -0.9238795325112883 -0.38268343236508595 0
    outer loop
      vertex 20.26794919243112 2 1.5
      vertex 20.26794919243112 2 23.5
      vertex 20.068148347421864 2.4823619097949585 23.5
    endloop
  endfacet
  facet normal -0.9914448613738102 -0.1305261922200536 0
    outer loop
      vertex 20.068148347421864 2.4823619097949585 1.5
      vertex 20.068148347421864 2.4823619097949585 23.5
      vertex 20 3 23.5
    endloop
  endfacet
  facet normal -0.6087614290087141 -0.7933533402912403 0
    outer loop
      vertex 20.697585499787948 1.5 1.5
      vertex 20.697585499787948 1.5 23.5
      vertex 20.585786437626904 1.5857864376269049 23.5
    endloop
  endfacet
  facet normal -0.7933533402912348 -0.6087614290087211 0
    outer loop
      vertex 20.585786437626904 1.5857864376269049 1.5
      vertex 20.585786437626904 1.5857864376269049 23.5
      vertex 20.26794919243112 2 23.5
    endloop
  endfacet
  facet normal -0.9914448613738034 0.13052619222010486 0
    outer loop
      vertex 20.068148347421864 3.5176380902050415 1.5
      vertex 20.065826248793698 3.5 22.5
      vertex 20.068148347421864 3.5176380902050415 22.5
    endloop
  endfacet
  facet normal -0.9238795325112883 0.382683432365086 0
    outer loop
      vertex 20.068148347421864 3.5176380902050415 1.5
      vertex 20.068148347421864 3.5176380902050415 22.5
      vertex 20.26794919243112 4 22.5
    endloop
  endfacet
  facet normal -0.7933533402912346 0.6087614290087212 0
    outer loop
      vertex 20.26794919243112 4 1.5
      vertex 20.26794919243112 4 22.5
      vertex 20.585786437626904 4.414213562373095 22.5
    endloop
  endfacet
  facet normal -0.6087614290087194 0.793353340291236 0
    outer loop
      vertex 20.585786437626904 4.414213562373095 1.5
      vertex 20.585786437626904 4.414213562373095 22.5
      vertex 21 4.732050807568877 22.5
    endloop
  endfacet
  facet normal -0.3826834323650891 0.923879532511287 0
    outer loop
      vertex 21 4.732050807568877 1.5
      vertex 21 4.732050807568877 22.5
      vertex 21.48236190979496 4.931851652578136 22.5
    endloop
  endfacet
  facet normal -0.13052619222005235 0.9914448613738103 0
    outer loop
      vertex 21.48236190979496 4.931851652578136 1.5
      vertex 21.48236190979496 4.931851652578136 22.5
      vertex 22 5 22.5
    endloop
  endfacet
  facet normal -0.9914448613738105 0.1305261922200518 0
    outer loop
      vertex 20 3 1.5
      vertex 20 3 23.5
      vertex 20.065826248793698 3.5 22.5
    endloop
  endfacet
  facet normal 0.6087614290087141 -0.7933533402912403 0
    outer loop
      vertex 23.414213562373096 1.5857864376269049 1.5
      vertex 23.414213562373096 1.5857864376269049 23.5
      vertex 23.302414500212052 1.5 23.5
    endloop
  endfacet
  facet normal 0.7933533402912349 -0.608761429008721 0
    outer loop
      vertex 23.5 1.6975854997879458 1.5
      vertex 23.5 1.6975854997879458 23.5
      vertex 23.414213562373096 1.5857864376269049 23.5
    endloop
  endfacet
  facet normal 0.6087614290087194 0.793353340291236 0
    outer loop
      vertex 23 4.732050807568877 1.5
      vertex 23 4.732050807568877 22.5
      vertex 23.414213562373096 4.414213562373095 22.5
    endloop
  endfacet
  facet normal 0.13052619222005235 0.9914448613738103 0
    outer loop
      vertex 22 5 1.5
      vertex 22 5 22.5
      vertex 22.51763809020504 4.931851652578136 22.5
    endloop
  endfacet
  facet normal 0.3826834323650891 0.923879532511287 0
    outer loop
      vertex 22.51763809020504 4.931851652578136 1.5
      vertex 22.51763809020504 4.931851652578136 22.5
      vertex 23 4.732050807568877 22.5
    endloop
  endfacet
  facet normal 0.7933533402912355 0.6087614290087202 0
    outer loop
      vertex 23.414213562373096 4.414213562373095 1.5
      vertex 23.414213562373096 4.414213562373095 22.5
      vertex 23.5 4.302414500212054 22.5
    endloop
  endfacet
  facet normal 0 0 1
    outer loop
      vertex 20.26794919243112 2 23.5
      vertex 20.585786437626904 1.5857864376269049 23.5
      vertex 20.065826248793698 3.5 23.5
    endloop
  endfacet
  facet normal 0 0 1
    outer loop
      vertex 20.26794919243112 2 23.5
      vertex 20.065826248793698 3.5 23.5
      vertex 20.068148347421864 2.4823619097949585 23.5
    endloop
  endfacet
  facet normal 0 0 1
    outer loop
      vertex 20.068148347421864 2.4823619097949585 23.5
      vertex 20.065826248793698 3.5 23.5
      vertex 20 3 23.5
    endloop
  endfacet
  facet normal 0 0 1
    outer loop
      vertex 20.697585499787948 1.5 23.5
      vertex 20.065826248793698 3.5 23.5
      vertex 20.585786437626904 1.5857864376269049 23.5
    endloop
  endfacet
  facet normal 0 0 1
    outer loop
      vertex 20.697585499787948 1.5 23.5
      vertex 21.36360389693211 2.363603896932107 23.5
      vertex 21.16850842073984 2.6555849108714193 23.5
    endloop
  endfacet
  facet normal 0 0 1
    outer loop
      vertex 20.697585499787948 1.5 23.5
      vertex 21.1 3 23.5
      vertex 20.065826248793698 3.5 23.5
    endloop
  endfacet
  facet normal 0 0 1
    outer loop
      vertex 20.697585499787948 1.5 23.5
      vertex 21.16850842073984 2.6555849108714193 23.5
      vertex 21.1 3 23.5
    endloop
  endfacet
  facet normal 0 0 1
    outer loop
      vertex 20.697585499787948 1.5 23.5
      vertex 22 2.1 23.5
      vertex 21.65558491087142 2.168508420739842 23.5
    endloop
  endfacet
  facet normal 0 0 1
    outer loop
      vertex 20.697585499787948 1.5 23.5
      vertex 21.65558491087142 2.168508420739842 23.5
      vertex 21.36360389693211 2.363603896932107 23.5
    endloop
  endfacet
  facet normal 0 0 1
    outer loop
      vertex 20.697585499787948 1.5 23.5
      vertex 22.34441508912858 2.168508420739842 23.5
      vertex 22 2.1 23.5
    endloop
  endfacet
  facet normal -0.9914448613738105 0.1305261922200518 0
    outer loop
      vertex 20 3 23.5
      vertex 20.065826248793698 3.5 23.5
      vertex 20.065826248793698 3.5 22.5
    endloop
  endfacet
  facet normal 0 0 1
    outer loop
      vertex 21.1 3 23.5
      vertex 21.16850842073984 3.3444150891285807 23.5
      vertex 20.065826248793698 3.5 23.5
    endloop
  endfacet
  facet normal 0 0 1
    outer loop
      vertex 21.16850842073984 3.3444150891285807 23.5
      vertex 21.2724669345667 3.5 23.5
      vertex 20.065826248793698 3.5 23.5
    endloop
  endfacet
  facet normal 0 0 1
    outer loop
      vertex 20.697585499787948 1.5 23.5
      vertex 23.302414500212052 1.5 23.5
      vertex 22.34441508912858 2.168508420739842 23.5
    endloop
  endfacet
  facet normal 0 0 1
    outer loop
      vertex 23.302414500212052 1.5 23.5
      vertex 22.63639610306789 2.363603896932107 23.5
      vertex 22.34441508912858 2.168508420739842 23.5
    endloop
  endfacet
  facet normal 0 0 1
    outer loop
      vertex 23.302414500212052 1.5 23.5
      vertex 22.83149157926016 2.6555849108714193 23.5
      vertex 22.63639610306789 2.363603896932107 23.5
    endloop
  endfacet
  facet normal 0 0 1
    outer loop
      vertex 23.302414500212052 1.5 23.5
      vertex 23.414213562373096 1.5857864376269049 23.5
      vertex 23.5 3.5 23.5
    endloop
  endfacet
  facet normal 0 0 1
    outer loop
      vertex 23.302414500212052 1.5 23.5
      vertex 22.9 3 23.5
      vertex 22.83149157926016 2.6555849108714193 23.5
    endloop
  endfacet
  facet normal 0 0 1
    outer loop
      vertex 23.302414500212052 1.5 23.5
      vertex 23.5 3.5 23.5
      vertex 22.9 3 23.5
    endloop
  endfacet
  facet normal 0 0 1
    outer loop
      vertex 23.414213562373096 1.5857864376269049 23.5
      vertex 23.5 1.6975854997879458 23.5
      vertex 23.5 3.5 23.5
    endloop
  endfacet
  facet normal 0 0 1
    outer loop
      vertex 22.83149157926016 3.3444150891285807 23.5
      vertex 22.579886821808447 4.252819873065815 23.5
      vertex 22.7275330654333 3.5 23.5
    endloop
  endfacet
  facet normal 0 0 1
    outer loop
      vertex 22.83149157926016 3.3444150891285807 23.5
      vertex 23.5 3.5 23.5
      vertex 22.579886821808447 4.252819873065815 23.5
    endloop
  endfacet
  facet normal 0 0 1
    outer loop
      vertex 22.9 3 23.5
      vertex 23.5 3.5 23.5
      vertex 22.83149157926016 3.3444150891285807 23.5
    endloop
  endfacet
  facet normal -0.7933533402912403 -0.608761429008714 0
    outer loop
      vertex 1.5 20.697585499787948 1.5
      vertex 1.5857864376269049 20.585786437626904 1.5
      vertex 1.5 20.697585499787948 22.5
    endloop
  endfacet
  facet normal -0.382683432365086 -0.9238795325112883 0
    outer loop
      vertex 2 20.26794919243112 1.5
      vertex 2.4823619097949585 20.068148347421864 1.5
      vertex 2 20.26794919243112 22.5
    endloop
  endfacet
  facet normal -0.1305261922200536 -0.9914448613738102 0
    outer loop
      vertex 2.4823619097949585 20.068148347421864 1.5
      vertex 3 20 1.5
      vertex 2.4823619097949585 20.068148347421864 22.5
    endloop
  endfacet
  facet normal -0.6087614290087211 -0.7933533402912348 4.491257629826162e-19
    outer loop
      vertex 2 20.26794919243112 1.5
      vertex 1.5857864376269049 20.585786437626904 22.5
      vertex 1.5857864376269049 20.585786437626904 1.5
    endloop
  endfacet
  facet normal -0.7933533402912403 0.6087614290087141 2.7935245956330553e-19
    outer loop
      vertex 1.5 23.302414500212052 1.5
      vertex 1.5857864376269049 23.414213562373096 23.5
      vertex 1.5857864376269049 23.414213562373096 1.5
    endloop
  endfacet
  facet normal -0.608761429008721 0.7933533402912349 -1.0084366508914032e-19
    outer loop
      vertex 1.5857864376269049 23.414213562373096 1.5
      vertex 1.6975854997879458 23.5 23.5
      vertex 1.6975854997879458 23.5 1.5
    endloop
  endfacet
  facet normal 0.1305261922200536 -0.9914448613738102 0
    outer loop
      vertex 3 20 1.5
      vertex 3.5176380902050415 20.068148347421864 1.5
      vertex 3 20 22.5
    endloop
  endfacet
  facet normal 0.382683432365086 -0.9238795325112883 0
    outer loop
      vertex 3.5176380902050415 20.068148347421864 1.5
      vertex 4 20.26794919243112 1.5
      vertex 3.5176380902050415 20.068148347421864 22.5
    endloop
  endfacet
  facet normal 0.6087614290087212 -0.7933533402912346 0
    outer loop
      vertex 4 20.26794919243112 1.5
      vertex 4.414213562373095 20.585786437626904 1.5
      vertex 4 20.26794919243112 22.5
    endloop
  endfacet
  facet normal 0.793353340291236 -0.6087614290087194 0
    outer loop
      vertex 4.414213562373095 20.585786437626904 1.5
      vertex 4.732050807568877 21 1.5
      vertex 4.414213562373095 20.585786437626904 22.5
    endloop
  endfacet
  facet normal 0.923879532511287 -0.3826834323650891 0
    outer loop
      vertex 4.732050807568877 21 1.5
      vertex 4.931851652578136 21.48236190979496 1.5
      vertex 4.732050807568877 21 22.5
    endloop
  endfacet
  facet normal 0.9914448613738103 -0.13052619222005235 -1.396735952293947e-17
    outer loop
      vertex 4.931851652578136 21.48236190979496 1.5
      vertex 5 22 1.5
      vertex 4.934173751206302 21.5 22.5
    endloop
  endfacet
  facet normal 0.7933533402912362 0.6087614290087194 -4.732364629461182e-19
    outer loop
      vertex 4.414213562373095 23.414213562373096 1.5
      vertex 4.732050807568877 23 23.5
      vertex 4.732050807568877 23 1.5
    endloop
  endfacet
  facet normal 0.6087614290087202 0.7933533402912356 0
    outer loop
      vertex 4.414213562373095 23.414213562373096 1.5
      vertex 4.302414500212054 23.5 1.5
      vertex 4.414213562373095 23.414213562373096 23.5
    endloop
  endfacet
  facet normal 0.9914448613738103 0.13052619222005235 0
    outer loop
      vertex 5 22 1.5
      vertex 4.931851652578136 22.51763809020504 1.5
      vertex 5 22 23.5
    endloop
  endfacet
  facet normal 0.9238795325112871 0.38268343236508917 0
    outer loop
      vertex 4.931851652578136 22.51763809020504 1.5
      vertex 4.732050807568877 23 1.5
      vertex 4.931851652578136 22.51763809020504 23.5
    endloop
  endfacet
  facet normal -0.7933533402912403 -0.608761429008714 0
    outer loop
      vertex 1.5857864376269049 20.585786437626904 1.5
      vertex 1.5857864376269049 20.585786437626904 22.5
      vertex 1.5 20.697585499787948 22.5
    endloop
  endfacet
  facet normal -0.382683432365086 -0.9238795325112883 0
    outer loop
      vertex 2.4823619097949585 20.068148347421864 1.5
      vertex 2.4823619097949585 20.068148347421864 22.5
      vertex 2 20.26794919243112 22.5
    endloop
  endfacet
  facet normal -0.1305261922200536 -0.9914448613738102 0
    outer loop
      vertex 3 20 1.5
      vertex 3 20 22.5
      vertex 2.4823619097949585 20.068148347421864 22.5
    endloop
  endfacet
  facet normal -0.6087614290087211 -0.7933533402912348 0
    outer loop
      vertex 2 20.26794919243112 1.5
      vertex 2 20.26794919243112 22.5
      vertex 1.5857864376269049 20.585786437626904 22.5
    endloop
  endfacet
  facet normal -0.7933533402912403 0.6087614290087141 0
    outer loop
      vertex 1.5 23.302414500212052 1.5
      vertex 1.5 23.302414500212052 23.5
      vertex 1.5857864376269049 23.414213562373096 23.5
    endloop
  endfacet
  facet normal -0.608761429008721 0.7933533402912349 0
    outer loop
      vertex 1.5857864376269049 23.414213562373096 1.5
      vertex 1.5857864376269049 23.414213562373096 23.5
      vertex 1.6975854997879458 23.5 23.5
    endloop
  endfacet
  facet normal 0.1305261922200536 -0.9914448613738102 0
    outer loop
      vertex 3.5176380902050415 20.068148347421864 1.5
      vertex 3.5176380902050415 20.068148347421864 22.5
      vertex 3 20 22.5
    endloop
  endfacet
  facet normal 0.382683432365086 -0.9238795325112883 0
    outer loop
      vertex 4 20.26794919243112 1.5
      vertex 4 20.26794919243112 22.5
      vertex 3.5176380902050415 20.068148347421864 22.5
    endloop
  endfacet
  facet normal 0.6087614290087212 -0.7933533402912346 0
    outer loop
      vertex 4.414213562373095 20.585786437626904 1.5
      vertex 4.414213562373095 20.585786437626904 22.5
      vertex 4 20.26794919243112 22.5
    endloop
  endfacet
  facet normal 0.793353340291236 -0.6087614290087194 0
    outer loop
      vertex 4.732050807568877 21 1.5
      vertex 4.732050807568877 21 22.5
      vertex 4.414213562373095 20.585786437626904 22.5
    endloop
  endfacet
  facet normal 0.923879532511287 -0.3826834323650891 0
    outer loop
      vertex 4.931851652578136 21.48236190979496 1.5
      vertex 4.931851652578136 21.48236190979496 22.5
      vertex 4.732050807568877 21 22.5
    endloop
  endfacet
  facet normal 0.9914448613738082 -0.1305261922200687 0
    outer loop
      vertex 4.931851652578136 21.48236190979496 1.5
      vertex 4.934173751206302 21.5 22.5
      vertex 4.931851652578136 21.48236190979496 22.5
    endloop
  endfacet
  facet normal 0.9914448613738105 -0.1305261922200518 0
    outer loop
      vertex 5 22 1.5
      vertex 5 22 23.5
      vertex 4.934173751206302 21.5 22.5
    endloop
  endfacet
  facet normal 0.7933533402912362 0.6087614290087194 0
    outer loop
      vertex 4.414213562373095 23.414213562373096 1.5
      vertex 4.414213562373095 23.414213562373096 23.5
      vertex 4.732050807568877 23 23.5
    endloop
  endfacet
  facet normal 0.6087614290087202 0.7933533402912356 0
    outer loop
      vertex 4.302414500212054 23.5 1.5
      vertex 4.302414500212054 23.5 23.5
      vertex 4.414213562373095 23.414213562373096 23.5
    endloop
  endfacet
  facet normal 0.9914448613738103 0.13052619222005235 0
    outer loop
      vertex 4.931851652578136 22.51763809020504 1.5
      vertex 4.931851652578136 22.51763809020504 23.5
      vertex 5 22 23.5
    endloop
  endfacet
  facet normal 0.9238795325112871 0.38268343236508917 0
    outer loop
      vertex 4.732050807568877 23 1.5
      vertex 4.732050807568877 23 23.5
      vertex 4.931851652578136 22.51763809020504 23.5
    endloop
  endfacet
  facet normal 0 0 1
    outer loop
      vertex 2.168508420739842 21.65558491087142 23.5
      vertex 2.1 22 23.5
      vertex 1.5 21.5 23.5
    endloop
  endfacet
  facet normal 0 0 1
    outer loop
      vertex 2.168508420739842 21.65558491087142 23.5
      vertex 1.5 21.5 23.5
      vertex 2.42011317819155 20.747180126934186 23.5
    endloop
  endfacet
  facet normal 0 0 1
    outer loop
      vertex 2.168508420739842 21.65558491087142 23.5
      vertex 2.42011317819155 20.747180126934186 23.5
      vertex 2.272466934566703 21.5 23.5
    endloop
  endfacet
  facet normal 0 0 1
    outer loop
      vertex 1.5 23.302414500212052 23.5
      vertex 1.5 21.5 23.5
      vertex 1.5857864376269049 23.414213562373096 23.5
    endloop
  endfacet
  facet normal 0 0 1
    outer loop
      vertex 2.1 22 23.5
      vertex 1.6975854997879458 23.5 23.5
      vertex 1.5 21.5 23.5
    endloop
  endfacet
  facet normal 0 0 1
    outer loop
      vertex 2.1 22 23.5
      vertex 2.168508420739842 22.34441508912858 23.5
      vertex 1.6975854997879458 23.5 23.5
    endloop
  endfacet
  facet normal 0 0 1
    outer loop
      vertex 1.5857864376269049 23.414213562373096 23.5
      vertex 1.5 21.5 23.5
      vertex 1.6975854997879458 23.5 23.5
    endloop
  endfacet
  facet normal 0 0 1
    outer loop
      vertex 2.168508420739842 22.34441508912858 23.5
      vertex 2.363603896932107 22.63639610306789 23.5
      vertex 1.6975854997879458 23.5 23.5
    endloop
  endfacet
  facet normal 0 0 1
    outer loop
      vertex 2.363603896932107 22.63639610306789 23.5
      vertex 2.6555849108714193 22.83149157926016 23.5
      vertex 1.6975854997879458 23.5 23.5
    endloop
  endfacet
  facet normal 0 0 1
    outer loop
      vertex 2.6555849108714193 22.83149157926016 23.5
      vertex 4.302414500212054 23.5 23.5
      vertex 1.6975854997879458 23.5 23.5
    endloop
  endfacet
  facet normal 0 0 1
    outer loop
      vertex 3.831491579260158 21.65558491087142 23.5
      vertex 3.727533065433297 21.5 23.5
      vertex 4.934173751206302 21.5 23.5
    endloop
  endfacet
  facet normal 0 0 1
    outer loop
      vertex 3.831491579260158 21.65558491087142 23.5
      vertex 4.934173751206302 21.5 23.5
      vertex 3.9 22 23.5
    endloop
  endfacet
  facet normal 0.9914448613738105 -0.1305261922200518 0
    outer loop
      vertex 5 22 23.5
      vertex 4.934173751206302 21.5 23.5
      vertex 4.934173751206302 21.5 22.5
    endloop
  endfacet
  facet normal 0 0 1
    outer loop
      vertex 2.6555849108714193 22.83149157926016 23.5
      vertex 3 22.9 23.5
      vertex 4.302414500212054 23.5 23.5
    endloop
  endfacet
  facet normal 0 0 1
    outer loop
      vertex 3.636396103067893 22.63639610306789 23.5
      vertex 4.302414500212054 23.5 23.5
      vertex 3.3444150891285807 22.83149157926016 23.5
    endloop
  endfacet
  facet normal 0 0 1
    outer loop
      vertex 3 22.9 23.5
      vertex 3.3444150891285807 22.83149157926016 23.5
      vertex 4.302414500212054 23.5 23.5
    endloop
  endfacet
  facet normal 0 0 1
    outer loop
      vertex 3.9 22 23.5
      vertex 4.302414500212054 23.5 23.5
      vertex 3.831491579260158 22.34441508912858 23.5
    endloop
  endfacet
  facet normal 0 0 1
    outer loop
      vertex 3.9 22 23.5
      vertex 4.934173751206302 21.5 23.5
      vertex 4.302414500212054 23.5 23.5
    endloop
  endfacet
  facet normal 0 0 1
    outer loop
      vertex 3.636396103067893 22.63639610306789 23.5
      vertex 3.831491579260158 22.34441508912858 23.5
      vertex 4.302414500212054 23.5 23.5
    endloop
  endfacet
  facet normal 0 0 1
    outer loop
      vertex 4.414213562373095 23.414213562373096 23.5
      vertex 4.302414500212054 23.5 23.5
      vertex 4.934173751206302 21.5 23.5
    endloop
  endfacet
  facet normal 0 0 1
    outer loop
      vertex 5 22 23.5
      vertex 4.931851652578136 22.51763809020504 23.5
      vertex 4.934173751206302 21.5 23.5
    endloop
  endfacet
  facet normal 0 0 1
    outer loop
      vertex 4.931851652578136 22.51763809020504 23.5
      vertex 4.732050807568877 23 23.5
      vertex 4.934173751206302 21.5 23.5
    endloop
  endfacet
  facet normal 0 0 1
    outer loop
      vertex 4.414213562373095 23.414213562373096 23.5
      vertex 4.934173751206302 21.5 23.5
      vertex 4.732050807568877 23 23.5
    endloop
  endfacet
  facet normal -0.7933533402912356 -0.6087614290087202 0
    outer loop
      vertex 1.5 1.697585499787947 1.5
      vertex 1.5857864376269049 1.5857864376269049 1.5
      vertex 1.5 1.697585499787947 23.5
    endloop
  endfacet
  facet normal -0.6087614290087202 -0.7933533402912356 1.9363885959651988e-19
    outer loop
      vertex 1.697585499787947 1.5 1.5
      vertex 1.5857864376269049 1.5857864376269049 23.5
      vertex 1.5857864376269049 1.5857864376269049 1.5
    endloop
  endfacet
  facet normal -0.7933533402912355 0.6087614290087201 -2.028597576725446e-19
    outer loop
      vertex 1.5 4.302414500212053 1.5
      vertex 1.5857864376269049 4.414213562373095 22.5
      vertex 1.5857864376269049 4.414213562373095 1.5
    endloop
  endfacet
  facet normal -0.60876142900872 0.7933533402912356 -1.0942311194355452e-18
    outer loop
      vertex 1.5857864376269049 4.414213562373095 1.5
      vertex 2 4.732050807568877 22.5
      vertex 2 4.732050807568877 1.5
    endloop
  endfacet
  facet normal -0.38268343236509034 0.9238795325112865 5.967115747218271e-19
    outer loop
      vertex 2 4.732050807568877 1.5
      vertex 2.4823619097949585 4.931851652578136 22.5
      vertex 2.4823619097949585 4.931851652578136 1.5
    endloop
  endfacet
  facet normal -0.1305261922200519 0.9914448613738103 -3.157735987018432e-19
    outer loop
      vertex 2.4823619097949585 4.931851652578136 1.5
      vertex 3 5 22.5
      vertex 3 5 1.5
    endloop
  endfacet
  facet normal 0.6087614290087202 -0.7933533402912356 0
    outer loop
      vertex 4.302414500212053 1.5 1.5
      vertex 4.414213562373095 1.5857864376269049 1.5
      vertex 4.302414500212053 1.5 23.5
    endloop
  endfacet
  facet normal 0.7933533402912356 -0.60876142900872 0
    outer loop
      vertex 4.414213562373095 1.5857864376269049 1.5
      vertex 4.732050807568877 2 1.5
      vertex 4.414213562373095 1.5857864376269049 23.5
    endloop
  endfacet
  facet normal 0.9238795325112865 -0.38268343236509034 0
    outer loop
      vertex 4.732050807568877 2 1.5
      vertex 4.931851652578136 2.4823619097949585 1.5
      vertex 4.732050807568877 2 23.5
    endloop
  endfacet
  facet normal 0.9914448613738103 -0.1305261922200519 0
    outer loop
      vertex 4.931851652578136 2.4823619097949585 1.5
      vertex 5 3 1.5
      vertex 4.931851652578136 2.4823619097949585 23.5
    endloop
  endfacet
  facet normal 0.6087614290087202 0.7933533402912355 0
    outer loop
      vertex 4.414213562373095 4.414213562373095 1.5
      vertex 4 4.732050807568877 1.5
      vertex 4.414213562373095 4.414213562373095 22.5
    endloop
  endfacet
  facet normal 0.7933533402912355 0.6087614290087202 -6.341660108686497e-20
    outer loop
      vertex 4.414213562373095 4.414213562373095 1.5
      vertex 4.732050807568877 4 22.5
      vertex 4.732050807568877 4 1.5
    endloop
  endfacet
  facet normal 0.1305261922200519 0.9914448613738103 3.157735987018432e-19
    outer loop
      vertex 3 5 1.5
      vertex 3.5176380902050415 4.931851652578136 22.5
      vertex 3.5176380902050415 4.931851652578136 1.5
    endloop
  endfacet
  facet normal 0.38268343236509034 0.9238795325112865 -5.967115747218271e-19
    outer loop
      vertex 3.5176380902050415 4.931851652578136 1.5
      vertex 4 4.732050807568877 22.5
      vertex 4 4.732050807568877 1.5
    endloop
  endfacet
  facet normal 0.9238795325112865 0.38268343236509034 0
    outer loop
      vertex 4.931851652578136 3.5176380902050415 1.5
      vertex 4.732050807568877 4 1.5
      vertex 4.931851652578136 3.5176380902050415 22.5
    endloop
  endfacet
  facet normal 0.9914448613738103 0.1305261922200519 0
    outer loop
      vertex 5 3 1.5
      vertex 4.931851652578136 3.5176380902050415 1.5
      vertex 5 3 23.5
    endloop
  endfacet
  facet normal -0.7933533402912356 -0.6087614290087202 0
    outer loop
      vertex 1.5857864376269049 1.5857864376269049 1.5
      vertex 1.5857864376269049 1.5857864376269049 23.5
      vertex 1.5 1.697585499787947 23.5
    endloop
  endfacet
  facet normal -0.6087614290087202 -0.7933533402912356 0
    outer loop
      vertex 1.697585499787947 1.5 1.5
      vertex 1.697585499787947 1.5 23.5
      vertex 1.5857864376269049 1.5857864376269049 23.5
    endloop
  endfacet
  facet normal -0.7933533402912355 0.6087614290087201 0
    outer loop
      vertex 1.5 4.302414500212053 1.5
      vertex 1.5 4.302414500212053 22.5
      vertex 1.5857864376269049 4.414213562373095 22.5
    endloop
  endfacet
  facet normal -0.60876142900872 0.7933533402912356 0
    outer loop
      vertex 1.5857864376269049 4.414213562373095 1.5
      vertex 1.5857864376269049 4.414213562373095 22.5
      vertex 2 4.732050807568877 22.5
    endloop
  endfacet
  facet normal -0.38268343236509034 0.9238795325112865 0
    outer loop
      vertex 2 4.732050807568877 1.5
      vertex 2 4.732050807568877 22.5
      vertex 2.4823619097949585 4.931851652578136 22.5
    endloop
  endfacet
  facet normal -0.1305261922200519 0.9914448613738103 0
    outer loop
      vertex 2.4823619097949585 4.931851652578136 1.5
      vertex 2.4823619097949585 4.931851652578136 22.5
      vertex 3 5 22.5
    endloop
  endfacet
  facet normal 0.6087614290087202 -0.7933533402912356 0
    outer loop
      vertex 4.414213562373095 1.5857864376269049 1.5
      vertex 4.414213562373095 1.5857864376269049 23.5
      vertex 4.302414500212053 1.5 23.5
    endloop
  endfacet
  facet normal 0.7933533402912356 -0.60876142900872 0
    outer loop
      vertex 4.732050807568877 2 1.5
      vertex 4.732050807568877 2 23.5
      vertex 4.414213562373095 1.5857864376269049 23.5
    endloop
  endfacet
  facet normal 0.9238795325112865 -0.38268343236509034 0
    outer loop
      vertex 4.931851652578136 2.4823619097949585 1.5
      vertex 4.931851652578136 2.4823619097949585 23.5
      vertex 4.732050807568877 2 23.5
    endloop
  endfacet
  facet normal 0.9914448613738103 -0.1305261922200519 0
    outer loop
      vertex 5 3 1.5
      vertex 5 3 23.5
      vertex 4.931851652578136 2.4823619097949585 23.5
    endloop
  endfacet
  facet normal 0.6087614290087202 0.7933533402912355 0
    outer loop
      vertex 4 4.732050807568877 1.5
      vertex 4 4.732050807568877 22.5
      vertex 4.414213562373095 4.414213562373095 22.5
    endloop
  endfacet
  facet normal 0.7933533402912355 0.6087614290087202 0
    outer loop
      vertex 4.414213562373095 4.414213562373095 1.5
      vertex 4.414213562373095 4.414213562373095 22.5
      vertex 4.732050807568877 4 22.5
    endloop
  endfacet
  facet normal 0.1305261922200519 0.9914448613738103 0
    outer loop
      vertex 3 5 1.5
      vertex 3 5 22.5
      vertex 3.5176380902050415 4.931851652578136 22.5
    endloop
  endfacet
  facet normal 0.38268343236509034 0.9238795325112865 0
    outer loop
      vertex 3.5176380902050415 4.931851652578136 1.5
      vertex 3.5176380902050415 4.931851652578136 22.5
      vertex 4 4.732050807568877 22.5
    endloop
  endfacet
  facet normal 0.9914448613738098 0.1305261922200558 0
    outer loop
      vertex 4.931851652578136 3.5176380902050415 1.5
      vertex 4.931851652578136 3.5176380902050415 22.5
      vertex 4.934173751206302 3.5 22.5
    endloop
  endfacet
  facet normal 0.9238795325112865 0.38268343236509034 0
    outer loop
      vertex 4.732050807568877 4 1.5
      vertex 4.732050807568877 4 22.5
      vertex 4.931851652578136 3.5176380902050415 22.5
    endloop
  endfacet
  facet normal 0.9914448613738103 0.13052619222005177 -3.4278331508900033e-18
    outer loop
      vertex 4.931851652578136 3.5176380902050415 1.5
      vertex 4.934173751206302 3.5 22.5
      vertex 5 3 23.5
    endloop
  endfacet
  facet normal 0 0 1
    outer loop
      vertex 1.5 1.697585499787947 23.5
      vertex 1.5857864376269049 1.5857864376269049 23.5
      vertex 1.5 3.5 23.5
    endloop
  endfacet
  facet normal 0 0 1
    outer loop
      vertex 1.697585499787947 1.5 23.5
      vertex 1.5 3.5 23.5
      vertex 1.5857864376269049 1.5857864376269049 23.5
    endloop
  endfacet
  facet normal 0 0 1
    outer loop
      vertex 1.697585499787947 1.5 23.5
      vertex 2.363603896932107 2.363603896932107 23.5
      vertex 2.168508420739842 2.6555849108714193 23.5
    endloop
  endfacet
  facet normal 0 0 1
    outer loop
      vertex 1.697585499787947 1.5 23.5
      vertex 2.6555849108714193 2.168508420739842 23.5
      vertex 2.363603896932107 2.363603896932107 23.5
    endloop
  endfacet
  facet normal 0 0 1
    outer loop
      vertex 1.697585499787947 1.5 23.5
      vertex 2.1 3 23.5
      vertex 1.5 3.5 23.5
    endloop
  endfacet
  facet normal 0 0 1
    outer loop
      vertex 1.697585499787947 1.5 23.5
      vertex 2.168508420739842 2.6555849108714193 23.5
      vertex 2.1 3 23.5
    endloop
  endfacet
  facet normal 0 0 1
    outer loop
      vertex 1.697585499787947 1.5 23.5
      vertex 3 2.1 23.5
      vertex 2.6555849108714193 2.168508420739842 23.5
    endloop
  endfacet
  facet normal 0 0 1
    outer loop
      vertex 1.697585499787947 1.5 23.5
      vertex 3.3444150891285807 2.168508420739842 23.5
      vertex 3 2.1 23.5
    endloop
  endfacet
  facet normal 0 0 1
    outer loop
      vertex 1.697585499787947 1.5 23.5
      vertex 4.302414500212053 1.5 23.5
      vertex 3.3444150891285807 2.168508420739842 23.5
    endloop
  endfacet
  facet normal 0 0 1
    outer loop
      vertex 2.1 3 23.5
      vertex 2.168508420739842 3.3444150891285807 23.5
      vertex 1.5 3.5 23.5
    endloop
  endfacet
  facet normal 0 0 1
    outer loop
      vertex 2.168508420739842 3.3444150891285807 23.5
      vertex 2.2724669345667023 3.5 23.5
      vertex 1.5 3.5 23.5
    endloop
  endfacet
  facet normal 0 0 1
    outer loop
      vertex 4.302414500212053 1.5 23.5
      vertex 3.636396103067893 2.363603896932107 23.5
      vertex 3.3444150891285807 2.168508420739842 23.5
    endloop
  endfacet
  facet normal 0 0 1
    outer loop
      vertex 4.302414500212053 1.5 23.5
      vertex 3.831491579260158 2.6555849108714193 23.5
      vertex 3.636396103067893 2.363603896932107 23.5
    endloop
  endfacet
  facet normal 0 0 1
    outer loop
      vertex 4.302414500212053 1.5 23.5
      vertex 4.414213562373095 1.5857864376269049 23.5
      vertex 4.934173751206302 3.5 23.5
    endloop
  endfacet
  facet normal 0 0 1
    outer loop
      vertex 4.302414500212053 1.5 23.5
      vertex 3.9 3 23.5
      vertex 3.831491579260158 2.6555849108714193 23.5
    endloop
  endfacet
  facet normal 0 0 1
    outer loop
      vertex 4.302414500212053 1.5 23.5
      vertex 4.934173751206302 3.5 23.5
      vertex 3.9 3 23.5
    endloop
  endfacet
  facet normal 0 0 1
    outer loop
      vertex 4.414213562373095 1.5857864376269049 23.5
      vertex 4.732050807568877 2 23.5
      vertex 4.934173751206302 3.5 23.5
    endloop
  endfacet
  facet normal 0 0 1
    outer loop
      vertex 4.732050807568877 2 23.5
      vertex 4.931851652578136 2.4823619097949585 23.5
      vertex 4.934173751206302 3.5 23.5
    endloop
  endfacet
  facet normal 0 0 1
    outer loop
      vertex 4.931851652578136 2.4823619097949585 23.5
      vertex 5 3 23.5
      vertex 4.934173751206302 3.5 23.5
    endloop
  endfacet
  facet normal 0 0 1
    outer loop
      vertex 3.9 3 23.5
      vertex 4.934173751206302 3.5 23.5
      vertex 3.831491579260158 3.3444150891285807 23.5
    endloop
  endfacet
  facet normal 0 0 1
    outer loop
      vertex 3.831491579260158 3.3444150891285807 23.5
      vertex 4.934173751206302 3.5 23.5
      vertex 3.7275330654332977 3.5 23.5
    endloop
  endfacet
  facet normal 0.9914448613738105 0.1305261922200518 0
    outer loop
      vertex 5 3 23.5
      vertex 4.934173751206302 3.5 22.5
      vertex 4.934173751206302 3.5 23.5
    endloop
  endfacet
  facet normal -0.19509032201611973 0.9807852804032322 2.2151989123040007e-18
    outer loop
      vertex 22.34441508912858 21.16850842073984 1.5
      vertex 22.053813174271962 21.11070410589065 1.5
      vertex 22.053813174271962 21.11070410589065 2.5
    endloop
  endfacet
  facet normal 0.8314696123025399 0.5555702330196103 0
    outer loop
      vertex 21.36360389693211 21.36360389693211 22.5
      vertex 21.36360389693211 21.36360389693211 2.5
      vertex 21.16850842073984 21.65558491087142 2.5
    endloop
  endfacet
  facet normal 0.5555702330196103 0.8314696123025399 0
    outer loop
      vertex 21.65558491087142 21.16850842073984 22.5
      vertex 21.65558491087142 21.16850842073984 2.5
      vertex 21.36360389693211 21.36360389693211 2.5
    endloop
  endfacet
  facet normal 0.9807852804032322 0.1950903220161198 0
    outer loop
      vertex 21.16850842073984 21.65558491087142 23.5
      vertex 21.16850842073984 21.65558491087142 2.5
      vertex 21.1 22 2.5
    endloop
  endfacet
  facet normal 0.9807852804032322 -0.19509032201611973 0
    outer loop
      vertex 21.16850842073984 22.34441508912858 1.5
      vertex 21.16850842073984 22.34441508912858 23.5
      vertex 21.11070410589065 22.053813174271962 1.5
    endloop
  endfacet
  facet normal 0.9807852804032322 -0.19509032201611973 2.2151989123040007e-18
    outer loop
      vertex 21.16850842073984 22.34441508912858 23.5
      vertex 21.11070410589065 22.053813174271962 2.5
      vertex 21.11070410589065 22.053813174271962 1.5
    endloop
  endfacet
  facet normal 0.8314696123025398 -0.5555702330196103 2.5080708503932094e-19
    outer loop
      vertex 21.16850842073984 22.34441508912858 1.5
      vertex 21.36360389693211 22.63639610306789 1.5
      vertex 21.36360389693211 22.63639610306789 23.5
    endloop
  endfacet
  facet normal 0.5555702330196103 -0.8314696123025398 2.5080708503932094e-19
    outer loop
      vertex 21.36360389693211 22.63639610306789 1.5
      vertex 21.65558491087142 22.83149157926016 1.5
      vertex 21.65558491087142 22.83149157926016 23.5
    endloop
  endfacet
  facet normal 0.980785280403232 -0.1950903220161203 0
    outer loop
      vertex 21.1 22 23.5
      vertex 21.1 22 2.5
      vertex 21.11070410589065 22.053813174271962 2.5
    endloop
  endfacet
  facet normal -0.5555702330196103 0.8314696123025398 2.627502795650029e-19
    outer loop
      vertex 22.34441508912858 21.16850842073984 1.5
      vertex 22.63639610306789 21.36360389693211 22.5
      vertex 22.63639610306789 21.36360389693211 1.5
    endloop
  endfacet
  facet normal -0.19509032201611973 0.9807852804032322 0
    outer loop
      vertex 22.34441508912858 21.16850842073984 1.5
      vertex 22.053813174271962 21.11070410589065 2.5
      vertex 22.34441508912858 21.16850842073984 22.5
    endloop
  endfacet
  facet normal 0.1950903220161198 0.9807852804032321 0
    outer loop
      vertex 22 21.1 22.5
      vertex 22 21.1 2.5
      vertex 21.65558491087142 21.16850842073984 2.5
    endloop
  endfacet
  facet normal -0.19509032201612028 0.9807852804032319 8.967560184697015e-18
    outer loop
      vertex 22 21.1 2.5
      vertex 22.34441508912858 21.16850842073984 22.5
      vertex 22.053813174271962 21.11070410589065 2.5
    endloop
  endfacet
  facet normal -0.8314696123025398 0.5555702330196103 5.877150562303141e-17
    outer loop
      vertex 22.63639610306789 21.36360389693211 1.5
      vertex 22.7275330654333 21.5 22.5
      vertex 22.83149157926016 21.65558491087142 1.5
    endloop
  endfacet
  facet normal -0.9807852804032321 0.1950903220161198 0
    outer loop
      vertex 22.83149157926016 21.65558491087142 1.5
      vertex 22.83149157926016 21.65558491087142 23.5
      vertex 22.9 22 1.5
    endloop
  endfacet
  facet normal 0.1950903220161198 -0.9807852804032321 2.0815910215877708e-19
    outer loop
      vertex 21.65558491087142 22.83149157926016 1.5
      vertex 22 22.9 1.5
      vertex 22 22.9 23.5
    endloop
  endfacet
  facet normal -0.1950903220161198 -0.9807852804032321 -2.0815910215877708e-19
    outer loop
      vertex 22 22.9 1.5
      vertex 22.34441508912858 22.83149157926016 1.5
      vertex 22.34441508912858 22.83149157926016 23.5
    endloop
  endfacet
  facet normal -0.5555702330196103 -0.8314696123025398 0
    outer loop
      vertex 22.63639610306789 22.63639610306789 1.5
      vertex 22.63639610306789 22.63639610306789 23.5
      vertex 22.34441508912858 22.83149157926016 1.5
    endloop
  endfacet
  facet normal -0.9807852804032321 -0.1950903220161198 0
    outer loop
      vertex 22.9 22 1.5
      vertex 22.9 22 23.5
      vertex 22.83149157926016 22.34441508912858 1.5
    endloop
  endfacet
  facet normal -0.8314696123025398 -0.5555702330196103 -2.5080708503932094e-19
    outer loop
      vertex 22.63639610306789 22.63639610306789 1.5
      vertex 22.83149157926016 22.34441508912858 1.5
      vertex 22.83149157926016 22.34441508912858 23.5
    endloop
  endfacet
  facet normal 0.5555702330196103 0.8314696123025399 0
    outer loop
      vertex 21.36360389693211 21.36360389693211 22.5
      vertex 21.65558491087142 21.16850842073984 22.5
      vertex 21.36360389693211 21.36360389693211 2.5
    endloop
  endfacet
  facet normal 0.8314696123025357 0.5555702330196166 1.3250762538112433e-16
    outer loop
      vertex 21.36360389693211 21.36360389693211 22.5
      vertex 21.16850842073984 21.65558491087142 2.5
      vertex 21.2724669345667 21.5 22.5
    endloop
  endfacet
  facet normal 0.8314696123025435 0.5555702330196048 0
    outer loop
      vertex 21.16850842073984 21.65558491087142 23.5
      vertex 21.2724669345667 21.5 22.5
      vertex 21.16850842073984 21.65558491087142 2.5
    endloop
  endfacet
  facet normal 0.1950903220161198 0.9807852804032321 0
    outer loop
      vertex 21.65558491087142 21.16850842073984 22.5
      vertex 22 21.1 22.5
      vertex 21.65558491087142 21.16850842073984 2.5
    endloop
  endfacet
  facet normal 0.8314696123025398 -0.5555702330196103 0
    outer loop
      vertex 21.16850842073984 22.34441508912858 1.5
      vertex 21.36360389693211 22.63639610306789 23.5
      vertex 21.16850842073984 22.34441508912858 23.5
    endloop
  endfacet
  facet normal 0.9807852804032322 0.1950903220161198 -2.180714403568141e-19
    outer loop
      vertex 21.16850842073984 21.65558491087142 23.5
      vertex 21.1 22 2.5
      vertex 21.1 22 23.5
    endloop
  endfacet
  facet normal 0.9807852804032322 -0.1950903220161198 1.3344166170850527e-18
    outer loop
      vertex 21.1 22 23.5
      vertex 21.11070410589065 22.053813174271962 2.5
      vertex 21.16850842073984 22.34441508912858 23.5
    endloop
  endfacet
  facet normal 0.5555702330196103 -0.8314696123025398 0
    outer loop
      vertex 21.36360389693211 22.63639610306789 1.5
      vertex 21.65558491087142 22.83149157926016 23.5
      vertex 21.36360389693211 22.63639610306789 23.5
    endloop
  endfacet
  facet normal 0.1950903220161198 -0.9807852804032321 0
    outer loop
      vertex 21.65558491087142 22.83149157926016 1.5
      vertex 22 22.9 23.5
      vertex 21.65558491087142 22.83149157926016 23.5
    endloop
  endfacet
  facet normal -0.5555702330196103 0.8314696123025398 0
    outer loop
      vertex 22.34441508912858 21.16850842073984 1.5
      vertex 22.34441508912858 21.16850842073984 22.5
      vertex 22.63639610306789 21.36360389693211 22.5
    endloop
  endfacet
  facet normal -0.8314696123025356 0.5555702330196166 0
    outer loop
      vertex 22.63639610306789 21.36360389693211 1.5
      vertex 22.63639610306789 21.36360389693211 22.5
      vertex 22.7275330654333 21.5 22.5
    endloop
  endfacet
  facet normal -0.1950903220161198 0.9807852804032321 0
    outer loop
      vertex 22 21.1 22.5
      vertex 22.34441508912858 21.16850842073984 22.5
      vertex 22 21.1 2.5
    endloop
  endfacet
  facet normal -0.8314696123025435 0.5555702330196048 -2.558516288757389e-18
    outer loop
      vertex 22.83149157926016 21.65558491087142 1.5
      vertex 22.7275330654333 21.5 22.5
      vertex 22.7275330654333 21.5 23.5
    endloop
  endfacet
  facet normal -0.8314696123025436 0.5555702330196048 0
    outer loop
      vertex 22.83149157926016 21.65558491087142 1.5
      vertex 22.7275330654333 21.5 23.5
      vertex 22.83149157926016 21.65558491087142 23.5
    endloop
  endfacet
  facet normal -0.1950903220161198 -0.9807852804032321 0
    outer loop
      vertex 22 22.9 1.5
      vertex 22.34441508912858 22.83149157926016 23.5
      vertex 22 22.9 23.5
    endloop
  endfacet
  facet normal -0.5555702330196103 -0.8314696123025398 0
    outer loop
      vertex 22.34441508912858 22.83149157926016 1.5
      vertex 22.63639610306789 22.63639610306789 23.5
      vertex 22.34441508912858 22.83149157926016 23.5
    endloop
  endfacet
  facet normal -0.9807852804032321 0.1950903220161198 0
    outer loop
      vertex 22.9 22 1.5
      vertex 22.83149157926016 21.65558491087142 23.5
      vertex 22.9 22 23.5
    endloop
  endfacet
  facet normal -0.9807852804032321 -0.1950903220161198 0
    outer loop
      vertex 22.83149157926016 22.34441508912858 1.5
      vertex 22.9 22 23.5
      vertex 22.83149157926016 22.34441508912858 23.5
    endloop
  endfacet
  facet normal -0.8314696123025398 -0.5555702330196103 0
    outer loop
      vertex 22.63639610306789 22.63639610306789 1.5
      vertex 22.83149157926016 22.34441508912858 23.5
      vertex 22.63639610306789 22.63639610306789 23.5
    endloop
  endfacet
  facet normal 0.8314696123025435 0.5555702330196048 2.558516288757389e-18
    outer loop
      vertex 21.16850842073984 21.65558491087142 23.5
      vertex 21.2724669345667 21.5 23.5
      vertex 21.2724669345667 21.5 22.5
    endloop
  endfacet
  facet normal 0.9807852804032322 0.19509032201611914 1.5122281749805555e-19
    outer loop
      vertex 21.16850842073984 2.6555849108714193 1.5
      vertex 21.11070410589065 2.9461868257280397 1.5
      vertex 21.11070410589065 2.9461868257280397 2.5
    endloop
  endfacet
  facet normal 0.5555702330196042 0.8314696123025439 -4.237102939590982e-19
    outer loop
      vertex 21.65558491087142 2.168508420739842 1.5
      vertex 21.36360389693211 2.363603896932107 1.5
      vertex 21.36360389693211 2.363603896932107 23.5
    endloop
  endfacet
  facet normal 0.19509032201612833 0.9807852804032304 0
    outer loop
      vertex 21.65558491087142 2.168508420739842 1.5
      vertex 21.65558491087142 2.168508420739842 23.5
      vertex 22 2.1 1.5
    endloop
  endfacet
  facet normal 0.8314696123025418 0.5555702330196074 0
    outer loop
      vertex 21.16850842073984 2.6555849108714193 1.5
      vertex 21.16850842073984 2.6555849108714193 23.5
      vertex 21.36360389693211 2.363603896932107 1.5
    endloop
  endfacet
  facet normal 0.9807852804032323 0.1950903220161191 2.0066656718005673e-17
    outer loop
      vertex 21.16850842073984 2.6555849108714193 1.5
      vertex 21.11070410589065 2.9461868257280397 2.5
      vertex 21.1 3 23.5
    endloop
  endfacet
  facet normal 0.9807852804032308 0.19509032201612653 0
    outer loop
      vertex 21.1 3 23.5
      vertex 21.11070410589065 2.9461868257280397 2.5
      vertex 21.1 3 2.5
    endloop
  endfacet
  facet normal 0.980785280403232 -0.19509032201612028 0
    outer loop
      vertex 21.1 3 23.5
      vertex 21.1 3 2.5
      vertex 21.16850842073984 3.3444150891285807 2.5
    endloop
  endfacet
  facet normal 0.8314696123025419 -0.5555702330196075 5.375019158733597e-17
    outer loop
      vertex 21.16850842073984 3.3444150891285807 2.5
      vertex 21.36360389693211 3.636396103067893 2.5
      vertex 21.2724669345667 3.5 22.5
    endloop
  endfacet
  facet normal 0.5555702330196042 -0.8314696123025439 0
    outer loop
      vertex 21.36360389693211 3.636396103067893 2.5
      vertex 21.65558491087142 3.831491579260158 2.5
      vertex 21.36360389693211 3.636396103067893 22.5
    endloop
  endfacet
  facet normal 0.19509032201612833 -0.9807852804032304 0
    outer loop
      vertex 21.65558491087142 3.831491579260158 2.5
      vertex 22 3.9 2.5
      vertex 21.65558491087142 3.831491579260158 22.5
    endloop
  endfacet
  facet normal -0.19509032201612833 0.9807852804032304 0
    outer loop
      vertex 22 2.1 1.5
      vertex 22 2.1 23.5
      vertex 22.34441508912858 2.168508420739842 1.5
    endloop
  endfacet
  facet normal -0.5555702330196042 0.8314696123025439 0
    outer loop
      vertex 22.34441508912858 2.168508420739842 1.5
      vertex 22.34441508912858 2.168508420739842 23.5
      vertex 22.63639610306789 2.363603896932107 1.5
    endloop
  endfacet
  facet normal -0.8314696123025418 0.5555702330196074 0
    outer loop
      vertex 22.63639610306789 2.363603896932107 1.5
      vertex 22.63639610306789 2.363603896932107 23.5
      vertex 22.83149157926016 2.6555849108714193 1.5
    endloop
  endfacet
  facet normal -0.9807852804032321 0.1950903220161203 0
    outer loop
      vertex 22.83149157926016 2.6555849108714193 1.5
      vertex 22.83149157926016 2.6555849108714193 23.5
      vertex 22.9 3 1.5
    endloop
  endfacet
  facet normal -0.9807852804032321 -0.1950903220161203 0
    outer loop
      vertex 22.9 3 1.5
      vertex 22.9 3 23.5
      vertex 22.83149157926016 3.3444150891285807 1.5
    endloop
  endfacet
  facet normal -0.19509032201612753 -0.9807852804032307 0
    outer loop
      vertex 22.34441508912858 3.831491579260158 1.5
      vertex 22.34441508912858 3.831491579260158 22.5
      vertex 22.05381317427196 3.8892958941093503 1.5
    endloop
  endfacet
  facet normal -0.5555702330196042 -0.831469612302544 0
    outer loop
      vertex 22.34441508912858 3.831491579260158 1.5
      vertex 22.63639610306789 3.636396103067893 1.5
      vertex 22.34441508912858 3.831491579260158 22.5
    endloop
  endfacet
  facet normal -0.1950903220161275 -0.9807852804032305 2.8089175980048453e-18
    outer loop
      vertex 22.34441508912858 3.831491579260158 22.5
      vertex 22.05381317427196 3.8892958941093503 2.5
      vertex 22.05381317427196 3.8892958941093503 1.5
    endloop
  endfacet
  facet normal -0.1950903220161327 -0.9807852804032294 0
    outer loop
      vertex 22 3.9 2.5
      vertex 22.05381317427196 3.8892958941093503 2.5
      vertex 22 3.9 22.5
    endloop
  endfacet
  facet normal -0.8314696123025418 -0.5555702330196074 2.606546135949968e-19
    outer loop
      vertex 22.63639610306789 3.636396103067893 1.5
      vertex 22.83149157926016 3.3444150891285807 1.5
      vertex 22.83149157926016 3.3444150891285807 23.5
    endloop
  endfacet
  facet normal 0.5555702330196042 0.8314696123025439 0
    outer loop
      vertex 21.65558491087142 2.168508420739842 1.5
      vertex 21.36360389693211 2.363603896932107 23.5
      vertex 21.65558491087142 2.168508420739842 23.5
    endloop
  endfacet
  facet normal 0.8314696123025418 0.5555702330196074 0
    outer loop
      vertex 21.36360389693211 2.363603896932107 1.5
      vertex 21.16850842073984 2.6555849108714193 23.5
      vertex 21.36360389693211 2.363603896932107 23.5
    endloop
  endfacet
  facet normal 0.9807852804032321 0.1950903220161203 0
    outer loop
      vertex 21.16850842073984 2.6555849108714193 1.5
      vertex 21.1 3 23.5
      vertex 21.16850842073984 2.6555849108714193 23.5
    endloop
  endfacet
  facet normal 0.831469612302545 -0.5555702330196026 8.814310978036823e-18
    outer loop
      vertex 21.16850842073984 3.3444150891285807 2.5
      vertex 21.2724669345667 3.5 22.5
      vertex 21.2724669345667 3.5 23.5
    endloop
  endfacet
  facet normal 0.8314696123025381 -0.5555702330196128 0
    outer loop
      vertex 21.36360389693211 3.636396103067893 2.5
      vertex 21.36360389693211 3.636396103067893 22.5
      vertex 21.2724669345667 3.5 22.5
    endloop
  endfacet
  facet normal 0.5555702330196042 -0.8314696123025439 0
    outer loop
      vertex 21.65558491087142 3.831491579260158 2.5
      vertex 21.65558491087142 3.831491579260158 22.5
      vertex 21.36360389693211 3.636396103067893 22.5
    endloop
  endfacet
  facet normal 0.980785280403232 -0.19509032201612028 -3.511513718668408e-20
    outer loop
      vertex 21.1 3 23.5
      vertex 21.16850842073984 3.3444150891285807 2.5
      vertex 21.16850842073984 3.3444150891285807 23.5
    endloop
  endfacet
  facet normal 0.831469612302545 -0.5555702330196026 0
    outer loop
      vertex 21.16850842073984 3.3444150891285807 23.5
      vertex 21.16850842073984 3.3444150891285807 2.5
      vertex 21.2724669345667 3.5 23.5
    endloop
  endfacet
  facet normal 0.19509032201612833 0.9807852804032304 0
    outer loop
      vertex 22 2.1 1.5
      vertex 21.65558491087142 2.168508420739842 23.5
      vertex 22 2.1 23.5
    endloop
  endfacet
  facet normal -0.19509032201612833 0.9807852804032304 0
    outer loop
      vertex 22.34441508912858 2.168508420739842 1.5
      vertex 22 2.1 23.5
      vertex 22.34441508912858 2.168508420739842 23.5
    endloop
  endfacet
  facet normal -0.5555702330196042 0.8314696123025439 0
    outer loop
      vertex 22.63639610306789 2.363603896932107 1.5
      vertex 22.34441508912858 2.168508420739842 23.5
      vertex 22.63639610306789 2.363603896932107 23.5
    endloop
  endfacet
  facet normal -0.8314696123025418 0.5555702330196074 0
    outer loop
      vertex 22.83149157926016 2.6555849108714193 1.5
      vertex 22.63639610306789 2.363603896932107 23.5
      vertex 22.83149157926016 2.6555849108714193 23.5
    endloop
  endfacet
  facet normal -0.9807852804032321 0.1950903220161203 0
    outer loop
      vertex 22.9 3 1.5
      vertex 22.83149157926016 2.6555849108714193 23.5
      vertex 22.9 3 23.5
    endloop
  endfacet
  facet normal -0.5555702330196042 -0.831469612302544 0
    outer loop
      vertex 22.63639610306789 3.636396103067893 1.5
      vertex 22.63639610306789 3.636396103067893 22.5
      vertex 22.34441508912858 3.831491579260158 22.5
    endloop
  endfacet
  facet normal -0.8314696123025381 -0.5555702330196128 0
    outer loop
      vertex 22.63639610306789 3.636396103067893 1.5
      vertex 22.7275330654333 3.5 22.5
      vertex 22.63639610306789 3.636396103067893 22.5
    endloop
  endfacet
  facet normal 0.19509032201612833 -0.9807852804032304 0
    outer loop
      vertex 22 3.9 2.5
      vertex 22 3.9 22.5
      vertex 21.65558491087142 3.831491579260158 22.5
    endloop
  endfacet
  facet normal -0.19509032201612833 -0.9807852804032304 1.2486649747355496e-17
    outer loop
      vertex 22.34441508912858 3.831491579260158 22.5
      vertex 22 3.9 22.5
      vertex 22.05381317427196 3.8892958941093503 2.5
    endloop
  endfacet
  facet normal -0.8314696123025452 -0.5555702330196022 9.986636468011429e-17
    outer loop
      vertex 22.63639610306789 3.636396103067893 1.5
      vertex 22.83149157926016 3.3444150891285807 23.5
      vertex 22.7275330654333 3.5 22.5
    endloop
  endfacet
  facet normal -0.9807852804032321 -0.1950903220161203 0
    outer loop
      vertex 22.83149157926016 3.3444150891285807 1.5
      vertex 22.9 3 23.5
      vertex 22.83149157926016 3.3444150891285807 23.5
    endloop
  endfacet
  facet normal -0.831469612302545 -0.5555702330196026 -8.814310978036823e-18
    outer loop
      vertex 22.83149157926016 3.3444150891285807 23.5
      vertex 22.7275330654333 3.5 23.5
      vertex 22.7275330654333 3.5 22.5
    endloop
  endfacet
  facet normal -0.9807852804032305 -0.1950903220161284 -4.349483685263215e-18
    outer loop
      vertex 3.831491579260158 22.34441508912858 1.5
      vertex 3.88929589410935 22.053813174271962 1.5
      vertex 3.88929589410935 22.053813174271962 2.5
    endloop
  endfacet
  facet normal 0.8314696123025439 0.5555702330196042 0
    outer loop
      vertex 2.168508420739842 21.65558491087142 1.5
      vertex 2.168508420739842 21.65558491087142 23.5
      vertex 2.363603896932107 21.36360389693211 1.5
    endloop
  endfacet
  facet normal 0.5555702330196074 0.8314696123025417 2.730667380519014e-19
    outer loop
      vertex 2.363603896932107 21.36360389693211 1.5
      vertex 2.6555849108714193 21.16850842073984 22.5
      vertex 2.6555849108714193 21.16850842073984 1.5
    endloop
  endfacet
  facet normal 0.19509032201611973 0.9807852804032322 0
    outer loop
      vertex 2.6555849108714193 21.16850842073984 1.5
      vertex 2.6555849108714193 21.16850842073984 22.5
      vertex 2.946186825728039 21.11070410589065 1.5
    endloop
  endfacet
  facet normal 0.19509032201611973 0.9807852804032322 -2.2151989123040007e-18
    outer loop
      vertex 2.6555849108714193 21.16850842073984 22.5
      vertex 2.946186825728039 21.11070410589065 2.5
      vertex 2.946186825728039 21.11070410589065 1.5
    endloop
  endfacet
  facet normal 0.19509032201612342 0.9807852804032314 0
    outer loop
      vertex 3 21.1 2.5
      vertex 2.946186825728039 21.11070410589065 2.5
      vertex 3 21.1 22.5
    endloop
  endfacet
  facet normal 0.9807852804032304 0.19509032201612833 -2.669244175980436e-20
    outer loop
      vertex 2.168508420739842 21.65558491087142 1.5
      vertex 2.1 22 1.5
      vertex 2.1 22 23.5
    endloop
  endfacet
  facet normal 0.9807852804032304 -0.19509032201612833 2.669244175980436e-20
    outer loop
      vertex 2.1 22 1.5
      vertex 2.168508420739842 22.34441508912858 1.5
      vertex 2.168508420739842 22.34441508912858 23.5
    endloop
  endfacet
  facet normal 0.8314696123025439 -0.5555702330196042 4.237102939590982e-19
    outer loop
      vertex 2.168508420739842 22.34441508912858 1.5
      vertex 2.363603896932107 22.63639610306789 1.5
      vertex 2.363603896932107 22.63639610306789 23.5
    endloop
  endfacet
  facet normal 0.5555702330196074 -0.8314696123025418 -2.606546135949968e-19
    outer loop
      vertex 2.363603896932107 22.63639610306789 1.5
      vertex 2.6555849108714193 22.83149157926016 1.5
      vertex 2.6555849108714193 22.83149157926016 23.5
    endloop
  endfacet
  facet normal 0.1950903220161203 -0.9807852804032321 -3.351899458728935e-20
    outer loop
      vertex 2.6555849108714193 22.83149157926016 1.5
      vertex 3 22.9 1.5
      vertex 3 22.9 23.5
    endloop
  endfacet
  facet normal -0.1950903220161203 0.980785280403232 0
    outer loop
      vertex 3.3444150891285807 21.16850842073984 2.5
      vertex 3 21.1 2.5
      vertex 3.3444150891285807 21.16850842073984 22.5
    endloop
  endfacet
  facet normal -0.5555702330196075 0.8314696123025419 0
    outer loop
      vertex 3.636396103067893 21.36360389693211 2.5
      vertex 3.3444150891285807 21.16850842073984 2.5
      vertex 3.636396103067893 21.36360389693211 22.5
    endloop
  endfacet
  facet normal -0.8314696123025439 0.5555702330196042 -7.183287471367446e-18
    outer loop
      vertex 3.831491579260158 21.65558491087142 2.5
      vertex 3.636396103067893 21.36360389693211 2.5
      vertex 3.727533065433297 21.5 22.5
    endloop
  endfacet
  facet normal -0.9807852804032304 -0.19509032201612836 -9.2144016166773e-19
    outer loop
      vertex 3.831491579260158 22.34441508912858 1.5
      vertex 3.88929589410935 22.053813174271962 2.5
      vertex 3.9 22 23.5
    endloop
  endfacet
  facet normal -0.8314696123025439 -0.5555702330196042 -4.237102939590982e-19
    outer loop
      vertex 3.636396103067893 22.63639610306789 1.5
      vertex 3.831491579260158 22.34441508912858 1.5
      vertex 3.831491579260158 22.34441508912858 23.5
    endloop
  endfacet
  facet normal -0.1950903220161203 -0.9807852804032321 3.351899458728935e-20
    outer loop
      vertex 3 22.9 1.5
      vertex 3.3444150891285807 22.83149157926016 1.5
      vertex 3.3444150891285807 22.83149157926016 23.5
    endloop
  endfacet
  facet normal -0.5555702330196074 -0.8314696123025418 0
    outer loop
      vertex 3.636396103067893 22.63639610306789 1.5
      vertex 3.636396103067893 22.63639610306789 23.5
      vertex 3.3444150891285807 22.83149157926016 1.5
    endloop
  endfacet
  facet normal -0.9807852804032305 0.19509032201612833 0
    outer loop
      vertex 3.9 22 23.5
      vertex 3.9 22 2.5
      vertex 3.831491579260158 21.65558491087142 2.5
    endloop
  endfacet
  facet normal -0.9807852804032305 -0.1950903220161281 0
    outer loop
      vertex 3.9 22 23.5
      vertex 3.88929589410935 22.053813174271962 2.5
      vertex 3.9 22 2.5
    endloop
  endfacet
  facet normal 0.8314696123025445 0.5555702330196035 0
    outer loop
      vertex 2.363603896932107 21.36360389693211 1.5
      vertex 2.272466934566703 21.5 22.5
      vertex 2.363603896932107 21.36360389693211 22.5
    endloop
  endfacet
  facet normal 0.5555702330196074 0.8314696123025417 0
    outer loop
      vertex 2.363603896932107 21.36360389693211 1.5
      vertex 2.363603896932107 21.36360389693211 22.5
      vertex 2.6555849108714193 21.16850842073984 22.5
    endloop
  endfacet
  facet normal 0.8314696123025435 0.5555702330196047 -1.3345952468034384e-17
    outer loop
      vertex 2.363603896932107 21.36360389693211 1.5
      vertex 2.168508420739842 21.65558491087142 23.5
      vertex 2.272466934566703 21.5 22.5
    endloop
  endfacet
  facet normal 0.9807852804032304 0.19509032201612833 0
    outer loop
      vertex 2.168508420739842 21.65558491087142 1.5
      vertex 2.1 22 23.5
      vertex 2.168508420739842 21.65558491087142 23.5
    endloop
  endfacet
  facet normal 0.1950903220161203 0.980785280403232 8.729241630427509e-18
    outer loop
      vertex 2.6555849108714193 21.16850842073984 22.5
      vertex 3 21.1 22.5
      vertex 2.946186825728039 21.11070410589065 2.5
    endloop
  endfacet
  facet normal -0.1950903220161203 0.980785280403232 0
    outer loop
      vertex 3 21.1 2.5
      vertex 3 21.1 22.5
      vertex 3.3444150891285807 21.16850842073984 22.5
    endloop
  endfacet
  facet normal 0.9807852804032304 -0.19509032201612833 0
    outer loop
      vertex 2.1 22 1.5
      vertex 2.168508420739842 22.34441508912858 23.5
      vertex 2.1 22 23.5
    endloop
  endfacet
  facet normal 0.8314696123025439 -0.5555702330196042 0
    outer loop
      vertex 2.168508420739842 22.34441508912858 1.5
      vertex 2.363603896932107 22.63639610306789 23.5
      vertex 2.168508420739842 22.34441508912858 23.5
    endloop
  endfacet
  facet normal 0.5555702330196074 -0.8314696123025418 0
    outer loop
      vertex 2.363603896932107 22.63639610306789 1.5
      vertex 2.6555849108714193 22.83149157926016 23.5
      vertex 2.363603896932107 22.63639610306789 23.5
    endloop
  endfacet
  facet normal 0.1950903220161203 -0.9807852804032321 0
    outer loop
      vertex 2.6555849108714193 22.83149157926016 1.5
      vertex 3 22.9 23.5
      vertex 2.6555849108714193 22.83149157926016 23.5
    endloop
  endfacet
  facet normal -0.1950903220161203 -0.9807852804032321 0
    outer loop
      vertex 3 22.9 1.5
      vertex 3.3444150891285807 22.83149157926016 23.5
      vertex 3 22.9 23.5
    endloop
  endfacet
  facet normal -0.5555702330196075 0.8314696123025419 0
    outer loop
      vertex 3.3444150891285807 21.16850842073984 2.5
      vertex 3.3444150891285807 21.16850842073984 22.5
      vertex 3.636396103067893 21.36360389693211 22.5
    endloop
  endfacet
  facet normal -0.8314696123025445 0.5555702330196035 0
    outer loop
      vertex 3.636396103067893 21.36360389693211 2.5
      vertex 3.636396103067893 21.36360389693211 22.5
      vertex 3.727533065433297 21.5 22.5
    endloop
  endfacet
  facet normal -0.8314696123025435 0.5555702330196048 -2.558516288757389e-18
    outer loop
      vertex 3.831491579260158 21.65558491087142 2.5
      vertex 3.727533065433297 21.5 22.5
      vertex 3.727533065433297 21.5 23.5
    endloop
  endfacet
  facet normal -0.8314696123025435 0.5555702330196048 0
    outer loop
      vertex 3.831491579260158 21.65558491087142 23.5
      vertex 3.831491579260158 21.65558491087142 2.5
      vertex 3.727533065433297 21.5 23.5
    endloop
  endfacet
  facet normal -0.9807852804032305 0.19509032201612833 0
    outer loop
      vertex 3.831491579260158 21.65558491087142 23.5
      vertex 3.9 22 23.5
      vertex 3.831491579260158 21.65558491087142 2.5
    endloop
  endfacet
  facet normal -0.9807852804032304 -0.19509032201612833 0
    outer loop
      vertex 3.831491579260158 22.34441508912858 1.5
      vertex 3.9 22 23.5
      vertex 3.831491579260158 22.34441508912858 23.5
    endloop
  endfacet
  facet normal -0.8314696123025439 -0.5555702330196042 0
    outer loop
      vertex 3.636396103067893 22.63639610306789 1.5
      vertex 3.831491579260158 22.34441508912858 23.5
      vertex 3.636396103067893 22.63639610306789 23.5
    endloop
  endfacet
  facet normal -0.5555702330196074 -0.8314696123025418 0
    outer loop
      vertex 3.3444150891285807 22.83149157926016 1.5
      vertex 3.636396103067893 22.63639610306789 23.5
      vertex 3.3444150891285807 22.83149157926016 23.5
    endloop
  endfacet
  facet normal 0.8314696123025435 0.5555702330196048 2.558516288757389e-18
    outer loop
      vertex 2.168508420739842 21.65558491087142 23.5
      vertex 2.272466934566703 21.5 23.5
      vertex 2.272466934566703 21.5 22.5
    endloop
  endfacet
  facet normal 0.19509032201612808 -0.9807852804032305 -2.6884417008627312e-18
    outer loop
      vertex 2.6555849108714193 3.831491579260158 1.5
      vertex 2.9461868257280392 3.88929589410935 1.5
      vertex 2.9461868257280392 3.88929589410935 2.5
    endloop
  endfacet
  facet normal 0.8314696123025458 0.5555702330196013 0
    outer loop
      vertex 2.168508420739842 2.6555849108714193 1.5
      vertex 2.168508420739842 2.6555849108714193 23.5
      vertex 2.363603896932107 2.363603896932107 1.5
    endloop
  endfacet
  facet normal 0.9807852804032303 0.19509032201612883 2.149856549866195e-19
    outer loop
      vertex 2.168508420739842 2.6555849108714193 1.5
      vertex 2.1 3 1.5
      vertex 2.1 3 23.5
    endloop
  endfacet
  facet normal 0.5555702330196013 0.8314696123025458 8.775140467611638e-20
    outer loop
      vertex 2.6555849108714193 2.168508420739842 1.5
      vertex 2.363603896932107 2.363603896932107 1.5
      vertex 2.363603896932107 2.363603896932107 23.5
    endloop
  endfacet
  facet normal 0.19509032201612883 0.9807852804032303 0
    outer loop
      vertex 2.6555849108714193 2.168508420739842 1.5
      vertex 2.6555849108714193 2.168508420739842 23.5
      vertex 3 2.1 1.5
    endloop
  endfacet
  facet normal -0.19509032201612883 0.9807852804032303 0
    outer loop
      vertex 3 2.1 1.5
      vertex 3 2.1 23.5
      vertex 3.3444150891285807 2.168508420739842 1.5
    endloop
  endfacet
  facet normal 0.8314696123025458 -0.5555702330196013 3.0125233593344996e-18
    outer loop
      vertex 2.168508420739842 3.3444150891285807 1.5
      vertex 2.363603896932107 3.636396103067893 1.5
      vertex 2.2724669345667023 3.5 22.5
    endloop
  endfacet
  facet normal 0.9807852804032303 -0.19509032201612883 -2.149856549866195e-19
    outer loop
      vertex 2.1 3 1.5
      vertex 2.168508420739842 3.3444150891285807 1.5
      vertex 2.168508420739842 3.3444150891285807 23.5
    endloop
  endfacet
  facet normal 0.5555702330196013 -0.8314696123025458 0
    outer loop
      vertex 2.363603896932107 3.636396103067893 1.5
      vertex 2.6555849108714193 3.831491579260158 1.5
      vertex 2.363603896932107 3.636396103067893 22.5
    endloop
  endfacet
  facet normal 0.1950903220161281 -0.9807852804032305 0
    outer loop
      vertex 2.6555849108714193 3.831491579260158 1.5
      vertex 2.9461868257280392 3.88929589410935 2.5
      vertex 2.6555849108714193 3.831491579260158 22.5
    endloop
  endfacet
  facet normal 0.19509032201613277 -0.9807852804032297 7.052476145674305e-17
    outer loop
      vertex 3 3.9 2.5
      vertex 2.6555849108714193 3.831491579260158 22.5
      vertex 2.9461868257280392 3.88929589410935 2.5
    endloop
  endfacet
  facet normal -0.1950903220161288 -0.9807852804032303 0
    outer loop
      vertex 3 3.9 2.5
      vertex 3.3444150891285807 3.831491579260158 2.5
      vertex 3 3.9 22.5
    endloop
  endfacet
  facet normal -0.5555702330196013 0.8314696123025458 0
    outer loop
      vertex 3.3444150891285807 2.168508420739842 1.5
      vertex 3.3444150891285807 2.168508420739842 23.5
      vertex 3.636396103067893 2.363603896932107 1.5
    endloop
  endfacet
  facet normal -0.8314696123025458 0.5555702330196013 0
    outer loop
      vertex 3.636396103067893 2.363603896932107 1.5
      vertex 3.636396103067893 2.363603896932107 23.5
      vertex 3.831491579260158 2.6555849108714193 1.5
    endloop
  endfacet
  facet normal -0.9807852804032304 0.1950903220161284 0
    outer loop
      vertex 3.831491579260158 2.6555849108714193 1.5
      vertex 3.831491579260158 2.6555849108714193 23.5
      vertex 3.88929589410935 2.946186825728039 1.5
    endloop
  endfacet
  facet normal -0.9807852804032305 0.1950903220161284 4.349483685263215e-18
    outer loop
      vertex 3.831491579260158 2.6555849108714193 23.5
      vertex 3.88929589410935 2.946186825728039 2.5
      vertex 3.88929589410935 2.946186825728039 1.5
    endloop
  endfacet
  facet normal -0.98078528040323 0.19509032201613122 0
    outer loop
      vertex 3.9 3 23.5
      vertex 3.9 3 2.5
      vertex 3.88929589410935 2.946186825728039 2.5
    endloop
  endfacet
  facet normal -0.5555702330196013 -0.8314696123025459 0
    outer loop
      vertex 3.3444150891285807 3.831491579260158 2.5
      vertex 3.636396103067893 3.636396103067893 2.5
      vertex 3.3444150891285807 3.831491579260158 22.5
    endloop
  endfacet
  facet normal -0.8314696123025459 -0.5555702330196013 0
    outer loop
      vertex 3.636396103067893 3.636396103067893 2.5
      vertex 3.831491579260158 3.3444150891285807 2.5
      vertex 3.636396103067893 3.636396103067893 22.5
    endloop
  endfacet
  facet normal -0.9807852804032303 -0.1950903220161288 0
    outer loop
      vertex 3.831491579260158 3.3444150891285807 23.5
      vertex 3.831491579260158 3.3444150891285807 2.5
      vertex 3.9 3 2.5
    endloop
  endfacet
  facet normal 0.8314696123025458 0.5555702330196013 0
    outer loop
      vertex 2.363603896932107 2.363603896932107 1.5
      vertex 2.168508420739842 2.6555849108714193 23.5
      vertex 2.363603896932107 2.363603896932107 23.5
    endloop
  endfacet
  facet normal 0.9807852804032303 0.19509032201612883 0
    outer loop
      vertex 2.168508420739842 2.6555849108714193 1.5
      vertex 2.1 3 23.5
      vertex 2.168508420739842 2.6555849108714193 23.5
    endloop
  endfacet
  facet normal 0.9807852804032303 -0.19509032201612883 0
    outer loop
      vertex 2.1 3 1.5
      vertex 2.168508420739842 3.3444150891285807 23.5
      vertex 2.1 3 23.5
    endloop
  endfacet
  facet normal 0.5555702330196013 0.8314696123025458 0
    outer loop
      vertex 2.6555849108714193 2.168508420739842 1.5
      vertex 2.363603896932107 2.363603896932107 23.5
      vertex 2.6555849108714193 2.168508420739842 23.5
    endloop
  endfacet
  facet normal 0.19509032201612883 0.9807852804032303 0
    outer loop
      vertex 3 2.1 1.5
      vertex 2.6555849108714193 2.168508420739842 23.5
      vertex 3 2.1 23.5
    endloop
  endfacet
  facet normal 0.8314696123025457 -0.5555702330196016 0
    outer loop
      vertex 2.363603896932107 3.636396103067893 1.5
      vertex 2.363603896932107 3.636396103067893 22.5
      vertex 2.2724669345667023 3.5 22.5
    endloop
  endfacet
  facet normal 0.5555702330196013 -0.8314696123025458 0
    outer loop
      vertex 2.6555849108714193 3.831491579260158 1.5
      vertex 2.6555849108714193 3.831491579260158 22.5
      vertex 2.363603896932107 3.636396103067893 22.5
    endloop
  endfacet
  facet normal 0.831469612302546 -0.555570233019601 -8.148502077171013e-18
    outer loop
      vertex 2.168508420739842 3.3444150891285807 1.5
      vertex 2.2724669345667023 3.5 22.5
      vertex 2.2724669345667023 3.5 23.5
    endloop
  endfacet
  facet normal 0.831469612302546 -0.555570233019601 0
    outer loop
      vertex 2.168508420739842 3.3444150891285807 1.5
      vertex 2.2724669345667023 3.5 23.5
      vertex 2.168508420739842 3.3444150891285807 23.5
    endloop
  endfacet
  facet normal 0.1950903220161288 -0.9807852804032303 0
    outer loop
      vertex 3 3.9 2.5
      vertex 3 3.9 22.5
      vertex 2.6555849108714193 3.831491579260158 22.5
    endloop
  endfacet
  facet normal -0.19509032201612883 0.9807852804032303 0
    outer loop
      vertex 3.3444150891285807 2.168508420739842 1.5
      vertex 3 2.1 23.5
      vertex 3.3444150891285807 2.168508420739842 23.5
    endloop
  endfacet
  facet normal -0.5555702330196013 0.8314696123025458 0
    outer loop
      vertex 3.636396103067893 2.363603896932107 1.5
      vertex 3.3444150891285807 2.168508420739842 23.5
      vertex 3.636396103067893 2.363603896932107 23.5
    endloop
  endfacet
  facet normal -0.8314696123025458 0.5555702330196013 0
    outer loop
      vertex 3.831491579260158 2.6555849108714193 1.5
      vertex 3.636396103067893 2.363603896932107 23.5
      vertex 3.831491579260158 2.6555849108714193 23.5
    endloop
  endfacet
  facet normal -0.9807852804032303 0.1950903220161288 6.29295871286435e-18
    outer loop
      vertex 3.831491579260158 2.6555849108714193 23.5
      vertex 3.9 3 23.5
      vertex 3.88929589410935 2.946186825728039 2.5
    endloop
  endfacet
  facet normal -0.9807852804032303 -0.1950903220161288 0
    outer loop
      vertex 3.9 3 23.5
      vertex 3.831491579260158 3.3444150891285807 23.5
      vertex 3.9 3 2.5
    endloop
  endfacet
  facet normal -0.1950903220161288 -0.9807852804032303 0
    outer loop
      vertex 3.3444150891285807 3.831491579260158 22.5
      vertex 3 3.9 22.5
      vertex 3.3444150891285807 3.831491579260158 2.5
    endloop
  endfacet
  facet normal -0.8314696123025457 -0.5555702330196016 6.977937810088605e-18
    outer loop
      vertex 3.636396103067893 3.636396103067893 22.5
      vertex 3.831491579260158 3.3444150891285807 2.5
      vertex 3.7275330654332977 3.5 22.5
    endloop
  endfacet
  facet normal -0.831469612302546 -0.555570233019601 0
    outer loop
      vertex 3.831491579260158 3.3444150891285807 23.5
      vertex 3.7275330654332977 3.5 22.5
      vertex 3.831491579260158 3.3444150891285807 2.5
    endloop
  endfacet
  facet normal -0.5555702330196013 -0.8314696123025459 0
    outer loop
      vertex 3.636396103067893 3.636396103067893 22.5
      vertex 3.3444150891285807 3.831491579260158 22.5
      vertex 3.636396103067893 3.636396103067893 2.5
    endloop
  endfacet
  facet normal -0.831469612302546 -0.555570233019601 8.148502077171013e-18
    outer loop
      vertex 3.831491579260158 3.3444150891285807 23.5
      vertex 3.7275330654332977 3.5 23.5
      vertex 3.7275330654332977 3.5 22.5
    endloop
  endfacet
  facet normal 0 0 -1
    outer loop
      vertex 1.5857864376269049 4.414213562373095 22.5
      vertex 1.5 4.302414500212053 22.5
      vertex 1.5 6.116933184310974 22.5
    endloop
  endfacet
  facet normal 0 0 -1
    outer loop
      vertex 2.363603896932107 3.636396103067893 22.5
      vertex 3.7275330654332977 3.5 22.5
      vertex 2.2724669345667023 3.5 22.5
    endloop
  endfacet
  facet normal 0 0 -1
    outer loop
      vertex 2.6555849108714193 3.831491579260158 22.5
      vertex 3.3444150891285807 3.831491579260158 22.5
      vertex 2.363603896932107 3.636396103067893 22.5
    endloop
  endfacet
  facet normal 0 0 -1
    outer loop
      vertex 3.636396103067893 3.636396103067893 22.5
      vertex 2.363603896932107 3.636396103067893 22.5
      vertex 3.3444150891285807 3.831491579260158 22.5
    endloop
  endfacet
  facet normal 0 0 -1
    outer loop
      vertex 2.6555849108714193 3.831491579260158 22.5
      vertex 3 3.9 22.5
      vertex 3.3444150891285807 3.831491579260158 22.5
    endloop
  endfacet
  facet normal 0 -1 0
    outer loop
      vertex 2.2724669345667023 3.5 23.5
      vertex 2.2724669345667023 3.5 22.5
      vertex 3.7275330654332977 3.5 22.5
    endloop
  endfacet
  facet normal 0 0 -1
    outer loop
      vertex 1.5857864376269049 4.414213562373095 22.5
      vertex 1.5 6.116933184310974 22.5
      vertex 2 4.732050807568877 22.5
    endloop
  endfacet
  facet normal 0 0 -1
    outer loop
      vertex 2 4.732050807568877 22.5
      vertex 1.5 6.116933184310974 22.5
      vertex 2.4823619097949585 4.931851652578136 22.5
    endloop
  endfacet
  facet normal 0 0 -1
    outer loop
      vertex 2.4823619097949585 4.931851652578136 22.5
      vertex 1.5 6.116933184310974 22.5
      vertex 3 5 22.5
    endloop
  endfacet
  facet normal 0 0 -1
    outer loop
      vertex 3 5 22.5
      vertex 1.5 6.116933184310974 22.5
      vertex 3.5176380902050415 4.931851652578136 22.5
    endloop
  endfacet
  facet normal 0 0 -1
    outer loop
      vertex 2.363603896932107 3.636396103067893 22.5
      vertex 3.636396103067893 3.636396103067893 22.5
      vertex 3.7275330654332977 3.5 22.5
    endloop
  endfacet
  facet normal 0 -1 0
    outer loop
      vertex 3.7275330654332977 3.5 22.5
      vertex 3.7275330654332977 3.5 23.5
      vertex 2.2724669345667023 3.5 23.5
    endloop
  endfacet
  facet normal 0 0 1
    outer loop
      vertex 1.5 3.5 23.5
      vertex 2.2724669345667023 3.5 23.5
      vertex 1.5 21.5 23.5
    endloop
  endfacet
  facet normal 0 0 1
    outer loop
      vertex 3.7275330654332977 3.5 23.5
      vertex 1.5 21.5 23.5
      vertex 2.2724669345667023 3.5 23.5
    endloop
  endfacet
  facet normal 0 0 1
    outer loop
      vertex 3.7275330654332977 3.5 23.5
      vertex 4.934173751206302 3.5 23.5
      vertex 1.5 21.5 23.5
    endloop
  endfacet
  facet normal 0 0 -1
    outer loop
      vertex 4.931851652578136 3.5176380902050415 22.5
      vertex 20.065826248793698 3.5 22.5
      vertex 4.934173751206302 3.5 22.5
    endloop
  endfacet
  facet normal 0 -1 0
    outer loop
      vertex 4.934173751206302 3.5 23.5
      vertex 4.934173751206302 3.5 22.5
      vertex 20.065826248793698 3.5 22.5
    endloop
  endfacet
  facet normal 0 0 -1
    outer loop
      vertex 1.5 6.116933184310974 22.5
      vertex 20.068148347421864 21.48236190979496 22.5
      vertex 3.5176380902050415 4.931851652578136 22.5
    endloop
  endfacet
  facet normal 0 0 1
    outer loop
      vertex 1.5 21.5 23.5
      vertex 4.934173751206302 3.5 23.5
      vertex 20.065826248793698 3.5 23.5
    endloop
  endfacet
  facet normal 0 0 -1
    outer loop
      vertex 4.931851652578136 3.5176380902050415 22.5
      vertex 4.732050807568877 4 22.5
      vertex 21.48236190979496 20.068148347421864 22.5
    endloop
  endfacet
  facet normal 0 0 -1
    outer loop
      vertex 3.5176380902050415 4.931851652578136 22.5
      vertex 21.48236190979496 20.068148347421864 22.5
      vertex 4 4.732050807568877 22.5
    endloop
  endfacet
  facet normal 0 0 -1
    outer loop
      vertex 4 4.732050807568877 22.5
      vertex 21.48236190979496 20.068148347421864 22.5
      vertex 4.414213562373095 4.414213562373095 22.5
    endloop
  endfacet
  facet normal 0 0 -1
    outer loop
      vertex 4.732050807568877 4 22.5
      vertex 4.414213562373095 4.414213562373095 22.5
      vertex 21.48236190979496 20.068148347421864 22.5
    endloop
  endfacet
  facet normal 0 0 -1
    outer loop
      vertex 2.4823619097949585 20.068148347421864 22.5
      vertex 1.5 6.116933184310974 22.5
      vertex 2 20.26794919243112 22.5
    endloop
  endfacet
  facet normal 0 0 -1
    outer loop
      vertex 3 20 22.5
      vertex 1.5 6.116933184310974 22.5
      vertex 2.4823619097949585 20.068148347421864 22.5
    endloop
  endfacet
  facet normal 0 0 -1
    outer loop
      vertex 1.5 6.116933184310974 22.5
      vertex 1.5 20.697585499787948 22.5
      vertex 1.5857864376269049 20.585786437626904 22.5
    endloop
  endfacet
  facet normal 0 0 -1
    outer loop
      vertex 2 20.26794919243112 22.5
      vertex 1.5 6.116933184310974 22.5
      vertex 1.5857864376269049 20.585786437626904 22.5
    endloop
  endfacet
  facet normal 0 0 -1
    outer loop
      vertex 2.363603896932107 21.36360389693211 22.5
      vertex 2.272466934566703 21.5 22.5
      vertex 3.636396103067893 21.36360389693211 22.5
    endloop
  endfacet
  facet normal 0 0 -1
    outer loop
      vertex 2.363603896932107 21.36360389693211 22.5
      vertex 3.636396103067893 21.36360389693211 22.5
      vertex 2.6555849108714193 21.16850842073984 22.5
    endloop
  endfacet
  facet normal 0 0 -1
    outer loop
      vertex 2.6555849108714193 21.16850842073984 22.5
      vertex 3.3444150891285807 21.16850842073984 22.5
      vertex 3 21.1 22.5
    endloop
  endfacet
  facet normal 0 1 0
    outer loop
      vertex 2.272466934566703 21.5 22.5
      vertex 2.272466934566703 21.5 23.5
      vertex 3.727533065433297 21.5 23.5
    endloop
  endfacet
  facet normal 0 0 1
    outer loop
      vertex 2.272466934566703 21.5 23.5
      vertex 2.42011317819155 20.747180126934186 23.5
      vertex 3.727533065433297 21.5 23.5
    endloop
  endfacet
  facet normal 0 0 -1
    outer loop
      vertex 3.3444150891285807 21.16850842073984 22.5
      vertex 2.6555849108714193 21.16850842073984 22.5
      vertex 3.636396103067893 21.36360389693211 22.5
    endloop
  endfacet
  facet normal 0 0 -1
    outer loop
      vertex 3.636396103067893 21.36360389693211 22.5
      vertex 2.272466934566703 21.5 22.5
      vertex 3.727533065433297 21.5 22.5
    endloop
  endfacet
  facet normal 0 1 0
    outer loop
      vertex 2.272466934566703 21.5 22.5
      vertex 3.727533065433297 21.5 23.5
      vertex 3.727533065433297 21.5 22.5
    endloop
  endfacet
  facet normal 0 0 1
    outer loop
      vertex 1.5 21.5 23.5
      vertex 20.065826248793698 3.5 23.5
      vertex 2.42011317819155 20.747180126934186 23.5
    endloop
  endfacet
  facet normal 0 0 1
    outer loop
      vertex 2.42011317819155 20.747180126934186 23.5
      vertex 20.065826248793698 3.5 23.5
      vertex 3.727533065433297 21.5 23.5
    endloop
  endfacet
  facet normal 0 0 -1
    outer loop
      vertex 3 20 22.5
      vertex 20.068148347421864 21.48236190979496 22.5
      vertex 1.5 6.116933184310974 22.5
    endloop
  endfacet
  facet normal 0 0 1
    outer loop
      vertex 4.934173751206302 21.5 23.5
      vertex 3.727533065433297 21.5 23.5
      vertex 23.5 3.5 23.5
    endloop
  endfacet
  facet normal 0 0 -1
    outer loop
      vertex 3.5176380902050415 20.068148347421864 22.5
      vertex 20.068148347421864 21.48236190979496 22.5
      vertex 3 20 22.5
    endloop
  endfacet
  facet normal 0 0 -1
    outer loop
      vertex 4 20.26794919243112 22.5
      vertex 20.068148347421864 21.48236190979496 22.5
      vertex 3.5176380902050415 20.068148347421864 22.5
    endloop
  endfacet
  facet normal 0 0 -1
    outer loop
      vertex 4.414213562373095 20.585786437626904 22.5
      vertex 20.068148347421864 21.48236190979496 22.5
      vertex 4 20.26794919243112 22.5
    endloop
  endfacet
  facet normal 0 0 -1
    outer loop
      vertex 4.414213562373095 20.585786437626904 22.5
      vertex 4.732050807568877 21 22.5
      vertex 20.068148347421864 21.48236190979496 22.5
    endloop
  endfacet
  facet normal 0 0 -1
    outer loop
      vertex 4.732050807568877 21 22.5
      vertex 4.931851652578136 21.48236190979496 22.5
      vertex 20.068148347421864 21.48236190979496 22.5
    endloop
  endfacet
  facet normal 0 0 -1
    outer loop
      vertex 4.931851652578136 21.48236190979496 22.5
      vertex 4.934173751206302 21.5 22.5
      vertex 20.065826248793698 21.5 22.5
    endloop
  endfacet
  facet normal 0 1 0
    outer loop
      vertex 4.934173751206302 21.5 22.5
      vertex 4.934173751206302 21.5 23.5
      vertex 20.065826248793698 21.5 23.5
    endloop
  endfacet
  facet normal 0 0 -1
    outer loop
      vertex 4.931851652578136 3.5176380902050415 22.5
      vertex 20.068148347421864 3.5176380902050415 22.5
      vertex 20.065826248793698 3.5 22.5
    endloop
  endfacet
  facet normal 0 -1 0
    outer loop
      vertex 20.065826248793698 3.5 22.5
      vertex 20.065826248793698 3.5 23.5
      vertex 4.934173751206302 3.5 23.5
    endloop
  endfacet
  facet normal 0 0 -1
    outer loop
      vertex 4.931851652578136 3.5176380902050415 22.5
      vertex 21.48236190979496 20.068148347421864 22.5
      vertex 20.068148347421864 3.5176380902050415 22.5
    endloop
  endfacet
  facet normal 0 0 1
    outer loop
      vertex 20.065826248793698 3.5 23.5
      vertex 21.2724669345667 3.5 23.5
      vertex 3.727533065433297 21.5 23.5
    endloop
  endfacet
  facet normal 0 0 1
    outer loop
      vertex 22.579886821808447 4.252819873065815 23.5
      vertex 3.727533065433297 21.5 23.5
      vertex 21.2724669345667 3.5 23.5
    endloop
  endfacet
  facet normal 0 0 1
    outer loop
      vertex 22.579886821808447 4.252819873065815 23.5
      vertex 23.5 3.5 23.5
      vertex 3.727533065433297 21.5 23.5
    endloop
  endfacet
  facet normal 0 0 -1
    outer loop
      vertex 21.36360389693211 3.636396103067893 22.5
      vertex 22.7275330654333 3.5 22.5
      vertex 21.2724669345667 3.5 22.5
    endloop
  endfacet
  facet normal 0 0 -1
    outer loop
      vertex 21.65558491087142 3.831491579260158 22.5
      vertex 22.34441508912858 3.831491579260158 22.5
      vertex 21.36360389693211 3.636396103067893 22.5
    endloop
  endfacet
  facet normal 0 -1 0
    outer loop
      vertex 21.2724669345667 3.5 23.5
      vertex 21.2724669345667 3.5 22.5
      vertex 22.7275330654333 3.5 22.5
    endloop
  endfacet
  facet normal 0 0 -1
    outer loop
      vertex 21.65558491087142 3.831491579260158 22.5
      vertex 22 3.9 22.5
      vertex 22.34441508912858 3.831491579260158 22.5
    endloop
  endfacet
  facet normal 0 0 -1
    outer loop
      vertex 22.63639610306789 3.636396103067893 22.5
      vertex 21.36360389693211 3.636396103067893 22.5
      vertex 22.34441508912858 3.831491579260158 22.5
    endloop
  endfacet
  facet normal 0 0 -1
    outer loop
      vertex 21.36360389693211 3.636396103067893 22.5
      vertex 22.63639610306789 3.636396103067893 22.5
      vertex 22.7275330654333 3.5 22.5
    endloop
  endfacet
  facet normal 0 -1 0
    outer loop
      vertex 22.7275330654333 3.5 22.5
      vertex 22.7275330654333 3.5 23.5
      vertex 21.2724669345667 3.5 23.5
    endloop
  endfacet
  facet normal 0 0 1
    outer loop
      vertex 22.579886821808447 4.252819873065815 23.5
      vertex 21.2724669345667 3.5 23.5
      vertex 22.7275330654333 3.5 23.5
    endloop
  endfacet
  facet normal 0 0 -1
    outer loop
      vertex 23 4.732050807568877 22.5
      vertex 23.5 5.047649545647322 22.5
      vertex 23.414213562373096 4.414213562373095 22.5
    endloop
  endfacet
  facet normal 0 0 -1
    outer loop
      vertex 23.5 4.302414500212054 22.5
      vertex 23.414213562373096 4.414213562373095 22.5
      vertex 23.5 5.047649545647322 22.5
    endloop
  endfacet
  facet normal 0 0 -1
    outer loop
      vertex 20.26794919243112 4 22.5
      vertex 20.068148347421864 3.5176380902050415 22.5
      vertex 21.48236190979496 20.068148347421864 22.5
    endloop
  endfacet
  facet normal 0 0 -1
    outer loop
      vertex 20.585786437626904 4.414213562373095 22.5
      vertex 20.26794919243112 4 22.5
      vertex 21.48236190979496 20.068148347421864 22.5
    endloop
  endfacet
  facet normal 0 0 -1
    outer loop
      vertex 20.585786437626904 4.414213562373095 22.5
      vertex 21.48236190979496 20.068148347421864 22.5
      vertex 21 4.732050807568877 22.5
    endloop
  endfacet
  facet normal 0 0 -1
    outer loop
      vertex 21 4.732050807568877 22.5
      vertex 21.48236190979496 20.068148347421864 22.5
      vertex 21.48236190979496 4.931851652578136 22.5
    endloop
  endfacet
  facet normal 0 0 -1
    outer loop
      vertex 21.48236190979496 4.931851652578136 22.5
      vertex 21.48236190979496 20.068148347421864 22.5
      vertex 22 5 22.5
    endloop
  endfacet
  facet normal 0 0 -1
    outer loop
      vertex 22 5 22.5
      vertex 21.48236190979496 20.068148347421864 22.5
      vertex 22.51763809020504 4.931851652578136 22.5
    endloop
  endfacet
  facet normal 0 0 -1
    outer loop
      vertex 22.51763809020504 4.931851652578136 22.5
      vertex 21.48236190979496 20.068148347421864 22.5
      vertex 23 4.732050807568877 22.5
    endloop
  endfacet
  facet normal 0 0 -1
    outer loop
      vertex 23 4.732050807568877 22.5
      vertex 21.48236190979496 20.068148347421864 22.5
      vertex 23.5 5.047649545647322 22.5
    endloop
  endfacet
  facet normal 0 0 -1
    outer loop
      vertex 20.26794919243112 21 22.5
      vertex 20.585786437626904 20.585786437626904 22.5
      vertex 3.5176380902050415 4.931851652578136 22.5
    endloop
  endfacet
  facet normal 0 0 -1
    outer loop
      vertex 21 20.26794919243112 22.5
      vertex 3.5176380902050415 4.931851652578136 22.5
      vertex 20.585786437626904 20.585786437626904 22.5
    endloop
  endfacet
  facet normal 0 0 -1
    outer loop
      vertex 21.48236190979496 20.068148347421864 22.5
      vertex 3.5176380902050415 4.931851652578136 22.5
      vertex 21 20.26794919243112 22.5
    endloop
  endfacet
  facet normal 0 0 -1
    outer loop
      vertex 20.068148347421864 21.48236190979496 22.5
      vertex 20.26794919243112 21 22.5
      vertex 3.5176380902050415 4.931851652578136 22.5
    endloop
  endfacet
  facet normal 0 0 1
    outer loop
      vertex 4.934173751206302 21.5 23.5
      vertex 23.5 3.5 23.5
      vertex 20.065826248793698 21.5 23.5
    endloop
  endfacet
  facet normal 0 0 -1
    outer loop
      vertex 4.931851652578136 21.48236190979496 22.5
      vertex 20.065826248793698 21.5 22.5
      vertex 20.068148347421864 21.48236190979496 22.5
    endloop
  endfacet
  facet normal 0 1 0
    outer loop
      vertex 4.934173751206302 21.5 22.5
      vertex 20.065826248793698 21.5 23.5
      vertex 20.065826248793698 21.5 22.5
    endloop
  endfacet
  facet normal 0 0 1
    outer loop
      vertex 20.065826248793698 21.5 23.5
      vertex 23.5 3.5 23.5
      vertex 21.2724669345667 21.5 23.5
    endloop
  endfacet
  facet normal 0 0 -1
    outer loop
      vertex 23.5 5.047649545647322 22.5
      vertex 21.48236190979496 20.068148347421864 22.5
      vertex 22 20 22.5
    endloop
  endfacet
  facet normal 0 0 -1
    outer loop
      vertex 23.5 5.047649545647322 22.5
      vertex 22 20 22.5
      vertex 22.51763809020504 20.068148347421864 22.5
    endloop
  endfacet
  facet normal 0 0 -1
    outer loop
      vertex 23.5 5.047649545647322 22.5
      vertex 22.51763809020504 20.068148347421864 22.5
      vertex 23 20.26794919243112 22.5
    endloop
  endfacet
  facet normal 0 0 -1
    outer loop
      vertex 23.5 5.047649545647322 22.5
      vertex 23 20.26794919243112 22.5
      vertex 23.414213562373096 20.585786437626904 22.5
    endloop
  endfacet
  facet normal 0 0 1
    outer loop
      vertex 21.2724669345667 21.5 23.5
      vertex 23.5 3.5 23.5
      vertex 22.7275330654333 21.5 23.5
    endloop
  endfacet
  facet normal 0 0 1
    outer loop
      vertex 23.5 21.5 23.5
      vertex 22.7275330654333 21.5 23.5
      vertex 23.5 3.5 23.5
    endloop
  endfacet
  facet normal 0 0 -1
    outer loop
      vertex 23.5 5.047649545647322 22.5
      vertex 23.414213562373096 20.585786437626904 22.5
      vertex 23.5 20.697585499787944 22.5
    endloop
  endfacet
  facet normal 0 0 -1
    outer loop
      vertex 21.36360389693211 21.36360389693211 22.5
      vertex 21.2724669345667 21.5 22.5
      vertex 22.63639610306789 21.36360389693211 22.5
    endloop
  endfacet
  facet normal 0 1 0
    outer loop
      vertex 21.2724669345667 21.5 22.5
      vertex 21.2724669345667 21.5 23.5
      vertex 22.7275330654333 21.5 23.5
    endloop
  endfacet
  facet normal 0 0 -1
    outer loop
      vertex 21.65558491087142 21.16850842073984 22.5
      vertex 22.34441508912858 21.16850842073984 22.5
      vertex 22 21.1 22.5
    endloop
  endfacet
  facet normal 0 0 -1
    outer loop
      vertex 21.36360389693211 21.36360389693211 22.5
      vertex 22.63639610306789 21.36360389693211 22.5
      vertex 21.65558491087142 21.16850842073984 22.5
    endloop
  endfacet
  facet normal 0 0 -1
    outer loop
      vertex 22.34441508912858 21.16850842073984 22.5
      vertex 21.65558491087142 21.16850842073984 22.5
      vertex 22.63639610306789 21.36360389693211 22.5
    endloop
  endfacet
  facet normal 0 0 -1
    outer loop
      vertex 22.63639610306789 21.36360389693211 22.5
      vertex 21.2724669345667 21.5 22.5
      vertex 22.7275330654333 21.5 22.5
    endloop
  endfacet
  facet normal 0 1 0
    outer loop
      vertex 21.2724669345667 21.5 22.5
      vertex 22.7275330654333 21.5 23.5
      vertex 22.7275330654333 21.5 22.5
    endloop
  endfacet
endsolid OpenSCAD_Model
